Number,Residence Hall,Room,Occupancy,Time
1,Minden,409,1,2007-04-10 06:35:00
2,Metcalf,104,1,2007-04-10 06:35:13
3,Minden,609,1,2007-04-10 06:35:21
4,East Andrews,208,1,2007-04-10 06:35:34
5,Hegeman,A202,1,2007-04-10 06:35:44
6,Pass,,,2007-04-10 06:36:06
7,Minden,209,1,2007-04-10 06:36:23
8,Minden,305,1,2007-04-10 06:36:31
9,Slater Hall,205,1,2007-04-10 06:36:41
10,Metcalf,107,1,2007-04-10 06:37:10
10,Metcalf,109,1,2007-04-10 06:37:13
11,East Andrews,306,1,2007-04-10 06:37:23
12,Minden,805,1,2007-04-10 06:37:36
13,Metcalf,220,1,2007-04-10 06:38:23
14,No Show,,,2007-04-10 06:38:43
15,Metcalf,204,1,2007-04-10 06:38:49
16,West Andrews,305,1,2007-04-10 06:39:03
17,Minden,705,1,2007-04-10 06:39:17
18,No Show,,,2007-04-10 06:40:15
19,West Andrews,401,1,2007-04-10 06:40:23
20,No Show,,,2007-04-10 06:40:25
21,Gregorian Quad B,401B,1,2007-04-10 06:40:51
22,Minden,814,2,2007-04-10 06:41:46
23,Gregorian Quad B,401C,1,2007-04-10 06:41:56
24,West Andrews,419,1,2007-04-10 06:42:08
25,Hope College,314,1,2007-04-10 06:42:18
26,Metcalf,200,1,2007-04-10 06:42:28
27,East Andrews,308,1,2007-04-10 06:42:33
28,West Andrews,317,1,2007-04-10 06:42:43
29,Metcalf,121,1,2007-04-10 06:42:51
30,Hegeman,E114,1,2007-04-10 06:43:04
31,Gregorian Quad A,305,3,2007-04-10 06:43:23
32,Gregorian Quad A,405,3,2007-04-10 06:43:34
33,Gregorian Quad B,402B,1,2007-04-10 06:43:50
34,West Andrews,217,1,2007-04-10 06:44:04
35,Gregorian Quad B,402A,1,2007-04-10 06:44:21
35,Gregorian Quad B,402C,1,2007-04-10 06:44:40
36,Young Orchard #2,330,4,2007-04-10 06:45:18
37,Metcalf,212,1,2007-04-10 06:45:32
38,Gregorian Quad B,403F,1,2007-04-10 06:46:32
39,Metcalf,201,1,2007-04-10 06:46:51
40,Wayland House,320,1,2007-04-10 06:47:05
41,East Andrews,406,1,2007-04-10 06:48:41
42,East Andrews,206,1,2007-04-10 06:50:02
43,Young Orchard #2,230,4,2007-04-10 06:50:17
44,East Andrews,320,1,2007-04-10 06:50:25
45,Emery,207,1,2007-04-10 06:50:42
46,Metcalf,411,1,2007-04-10 06:50:58
47,Gregorian Quad B,401F,1,2007-04-10 06:51:17
48,East Andrews,360,1,2007-04-10 06:52:32
49,Metcalf,206,1,2007-04-10 06:52:58
49,Metcalf,210,1,2007-04-10 06:53:04
50,East Andrews,222,1,2007-04-10 06:53:13
51,Gregorian Quad B,402F,1,2007-04-10 06:53:28
52,East Andrews,220,1,2007-04-10 06:53:41
53,West Andrews,219,1,2007-04-10 06:54:19
54,Metcalf,215,1,2007-04-10 06:54:32
55,Plantations House,303,1,2007-04-10 06:54:50
56,Morris Hall,120,2,2007-04-10 06:55:00
57,West Andrews,301,1,2007-04-10 06:55:23
57,West Andrews,303,1,2007-04-10 06:55:20
58,East Andrews,420,1,2007-04-10 06:55:46
59,East Andrews,204,1,2007-04-10 06:55:58
60,Barbour Hall Apartments,140,4,2007-04-10 06:56:10
61,Gregorian Quad A,207,5,2007-04-10 06:56:30
62,Wayland House,323,1,2007-04-10 06:56:58
63,Gregorian Quad A,205,3,2007-04-10 06:57:12
64,East Andrews,210,1,2007-04-10 06:57:21
65,Barbour Hall Apartments,340,4,2007-04-10 06:57:32
66,West Andrews,457,1,2007-04-10 06:57:56
67,Wayland House,318,1,2007-04-10 06:58:51
68,Metcalf,216,1,2007-04-10 06:59:11
69,Metcalf,214,1,2007-04-10 06:59:19
70,Gregorian Quad B,401A,1,2007-04-10 07:00:07
70,Gregorian Quad B,401D,1,2007-04-10 07:00:10
71,Minden,301,3,2007-04-10 07:00:23
72,Chapin House,320,1,2007-04-10 07:00:42
73,Gregorian Quad A,408C,1,2007-04-10 07:01:09
73,Gregorian Quad A,408D,1,2007-04-10 07:01:12
73,Gregorian Quad A,408E,1,2007-04-10 07:01:18
74,Gregorian Quad B,403A,1,2007-04-10 07:02:40
74,Gregorian Quad B,405B,1,2007-04-10 07:02:46
75,Metcalf,211,1,2007-04-10 07:03:08
76,No Show,,,2007-04-10 07:03:21
77,Barbour Hall Apartments,40,4,2007-04-10 07:03:46
78,Metcalf,203,1,2007-04-10 07:04:00
79,Gregorian Quad B,106,4,2007-04-10 07:04:09
80,Plantations House,206,1,2007-04-10 07:04:21
81,Young Orchard #2,410,4,2007-04-10 07:04:45
81,Young Orchard #2,430,4,2007-04-10 07:04:49
81,Young Orchard #2,440,4,2007-04-10 07:04:53
82,Young Orchard #2,310,4,2007-04-10 07:05:04
83,West Andrews,357,1,2007-04-10 07:05:22
83,West Andrews,359,1,2007-04-10 07:05:25
84,Grad Center B,330,4,2007-04-10 07:05:53
85,Hegeman,E214,2,2007-04-10 07:06:02
86,Gregorian Quad A,208,5,2007-04-10 07:06:25
87,Drop to 106,,,2007-04-10 07:07:07
88,Young Orchard #4,440,4,2007-04-10 07:07:19
89,Metcalf,110,1,2007-04-10 07:07:32
89,Metcalf,111,1,2007-04-10 07:07:33
89,Metcalf,112,1,2007-04-10 07:07:36
90,Gregorian Quad A,408B,1,2007-04-10 07:07:49
90,Gregorian Quad A,409B,1,2007-04-10 07:07:52
91,Metcalf,125,1,2007-04-10 07:08:28
92,Gregorian Quad B,308,4,2007-04-10 07:08:39
93,Metcalf,222,1,2007-04-10 07:09:26
93,Metcalf,322,1,2007-04-10 07:09:30
94,Young Orchard #4,210,4,2007-04-10 07:09:45
95,Young Orchard #4,240,4,2007-04-10 07:09:58
96,Emery,107,1,2007-04-10 07:10:25
97,Young Orchard #2,210,4,2007-04-10 07:10:41
98,Gregorian Quad B,405C,1,2007-04-10 07:10:57
99,Gregorian Quad A,213,4,2007-04-10 07:11:12
100,Drop to 113,,,2007-04-10 07:11:26
101,Metcalf,400,1,2007-04-10 07:11:48
102,Young Orchard #10,220,4,2007-04-10 07:18:23
102,Young Orchard #4,230,4,2007-04-10 07:18:27
103,Young Orchard #10,310,4,2007-04-10 07:18:36
104,No Show,,,2007-04-10 07:18:42
105,Gregorian Quad B,203,4,2007-04-10 07:18:52
106,Hope College,114,1,2007-04-10 07:19:01
106,Hope College,116,1,2007-04-10 07:19:05
107,Young Orchard #4,330,4,2007-04-10 07:19:14
108,West Andrews,257,1,2007-04-10 07:19:23
109,Young Orchard #10,340,4,2007-04-10 07:19:31
110,Gregorian Quad A,409D,1,2007-04-10 07:19:39
110,Gregorian Quad A,409E,1,2007-04-10 07:19:43
110,Gregorian Quad A,409F,1,2007-04-10 07:19:47
111,Young Orchard #10,240,4,2007-04-10 07:20:12
112,Gregorian Quad A,410A,1,2007-04-10 07:20:46
112,Gregorian Quad A,410D,1,2007-04-10 07:20:50
113,Gregorian Quad B,405A,2,2007-04-10 07:21:39
113,Young Orchard #2,320,4,2007-04-10 07:21:21
113,Young Orchard #2,340,4,2007-04-10 07:21:23
114,West Andrews,205,1,2007-04-10 07:22:27
114,West Andrews,255,1,2007-04-10 07:22:30
115,Minden,812,2,2007-04-10 07:22:44
116,Young Orchard #4,310,4,2007-04-10 07:23:11
117,Gregorian Quad B,304,4,2007-04-10 07:23:33
117,Gregorian Quad B,306,4,2007-04-10 07:23:36
118,West Andrews,417,1,2007-04-10 07:23:47
119,Metcalf,208,1,2007-04-10 07:24:30
120,Gregorian Quad B,310,4,2007-04-10 07:25:38
120,Gregorian Quad B,405F,1,2007-04-10 07:25:48
121,Young Orchard #4,320,4,2007-04-10 07:26:06
122,East Andrews,322,1,2007-04-10 07:26:18
123,Wayland House,326,1,2007-04-10 07:26:39
123,Wayland House,327,1,2007-04-10 07:26:43
124,Young Orchard #4,420,4,2007-04-10 07:26:53
125,Gregorian Quad B,207,5,2007-04-10 07:27:07
126,Gregorian Quad A,409A,1,2007-04-10 07:27:23
127,East Andrews,358,1,2007-04-10 07:27:36
128,Young Orchard #4,340,4,2007-04-10 07:27:57
129,East Andrews,408,1,2007-04-10 07:28:08
130,Minden,715,3,2007-04-10 07:28:22
131,Gregorian Quad A,409C,1,2007-04-10 07:28:54
132,Metcalf,116,1,2007-04-10 07:29:22
132,Metcalf,123,1,2007-04-10 07:29:25
133,East Andrews,458,1,2007-04-10 07:29:43
134,Young Orchard #4,430,4,2007-04-10 07:29:58
135,East Andrews,422,1,2007-04-10 07:30:15
135,West Andrews,403,1,2007-04-10 07:30:21
135,West Andrews,405,1,2007-04-10 07:30:23
136,East Andrews,456,1,2007-04-10 07:30:55
137,Gregorian Quad B,204,4,2007-04-10 07:31:07
138,Sears House,309,1,2007-04-10 07:31:18
139,Gregorian Quad A,301,4,2007-04-10 07:31:32
139,Gregorian Quad A,306,4,2007-04-10 07:31:34
140,Woolley,329,1,2007-04-10 07:31:49
141,Young Orchard #10,230,4,2007-04-10 07:31:55
142,Champlin,406,1,2007-04-10 07:32:13
143,Young Orchard #2,420,4,2007-04-10 07:33:02
144,Gregorian Quad A,404,4,2007-04-10 07:33:20
145,No Show,,,2007-04-10 07:33:35
146,Young Orchard #10,210,4,2007-04-10 07:33:48
147,Plantations House,304,1,2007-04-10 07:34:03
148,East Andrews,258,1,2007-04-10 07:34:27
149,Drop to 229,,,2007-04-10 07:34:40
150,Young Orchard #10,410,4,2007-04-10 07:34:47
151,No Show,,,2007-04-10 07:35:12
152,Young Orchard #4,110,4,2007-04-10 07:35:19
153,Gregorian Quad B,307,5,2007-04-10 07:35:33
154,East Andrews,260,1,2007-04-10 07:35:53
155,West Andrews,355,1,2007-04-10 07:36:02
156,Wayland House,230,1,2007-04-10 07:36:25
157,Gregorian Quad A,410F,1,2007-04-10 07:37:02
158,East Andrews,462,1,2007-04-10 07:37:37
159,Hope College,308,1,2007-04-10 07:37:57
159,Hope College,316,1,2007-04-10 07:39:02
160,West Andrews,407,1,2007-04-10 07:39:24
160,West Andrews,453,1,2007-04-10 07:39:19
160,West Andrews,455,1,2007-04-10 07:39:20
161,Sears House,310,1,2007-04-10 07:39:40
162,Hope College,414,1,2007-04-10 07:39:53
163,Gregorian Quad B,405D,1,2007-04-10 07:40:49
163,Gregorian Quad B,405E,1,2007-04-10 07:40:41
164,Plantations House,101,1,2007-04-10 07:41:46
164,Plantations House,204,1,2007-04-10 07:41:50
165,Hope College,406,1,2007-04-10 07:42:05
165,Hope College,408,1,2007-04-10 07:42:08
166,No Show,,,2007-04-10 07:42:29
167,West Andrews,259,1,2007-04-10 07:42:44
168,East Andrews,262,1,2007-04-10 07:42:59
169,West Andrews,207,1,2007-04-10 07:43:31
170,New Pembroke #4,227,1,2007-04-10 07:43:50
171,Young Orchard #4,410,4,2007-04-10 07:45:41
172,Metcalf,309,1,2007-04-10 07:45:52
172,Metcalf,310,1,2007-04-10 07:45:55
173,Gregorian Quad A,410E,1,2007-04-10 07:46:23
174,Hope College,206,1,2007-04-10 07:46:37
175,Metcalf,217,1,2007-04-10 07:46:48
176,West Andrews,203,1,2007-04-10 07:46:59
177,Gregorian Quad A,410B,1,2007-04-10 07:47:15
178,No Show,,,2007-04-10 07:47:34
179,West Andrews,253,1,2007-04-10 07:47:52
180,West Andrews,307,1,2007-04-10 07:48:23
180,West Andrews,353,1,2007-04-10 07:48:20
181,Hegeman,B306,3,2007-04-10 07:49:02
182,Machado,124,1,2007-04-10 07:49:19
183,Bronson House,304,1,2007-04-10 07:49:49
184,Metcalf,311,1,2007-04-10 07:50:02
184,Metcalf,317,1,2007-04-10 07:50:03
184,Metcalf,323,1,2007-04-10 07:50:07
184,Metcalf,406,1,2007-04-10 07:50:08
184,Metcalf,408,1,2007-04-10 07:50:12
185,Gregorian Quad A,410C,1,2007-04-10 07:50:32
186,East Andrews,356,1,2007-04-10 07:50:57
186,East Andrews,362,1,2007-04-10 07:51:01
186,East Andrews,404,1,2007-04-10 07:50:53
186,East Andrews,410,1,2007-04-10 07:50:49
187,Woolley,223,1,2007-04-10 07:51:32
188,Champlin,423,1,2007-04-10 07:51:42
189,No Show,,,2007-04-10 07:52:04
190,No Show,,,2007-04-10 07:52:25
191,Gregorian Quad B,402E,1,2007-04-10 07:52:35
192,Minden,407,2,2007-04-10 07:52:53
193,Metcalf,202,1,2007-04-10 07:53:05
194,Gregorian Quad B,403E,1,2007-04-10 07:53:29
195,No Show,,,2007-04-10 07:53:49
196,Wayland House,330,1,2007-04-10 07:54:08
197,Gregorian Quad B,206,4,2007-04-10 07:54:16
198,No Show,,,2007-04-10 07:54:34
199,West Andrews,459,1,2007-04-10 07:54:50
200,No Show,,,2007-04-10 07:55:11
201,Sears House,306A,1,2007-04-10 07:55:44
202,Metcalf,209,1,2007-04-10 07:56:03
203,Gregorian Quad B,403D,1,2007-04-10 07:56:30
204,Gregorian Quad A,310,5,2007-04-10 07:56:44
205,East Andrews,304,1,2007-04-10 07:57:00
206,Gregorian Quad A,307,5,2007-04-10 07:57:09
207,East Andrews,460,1,2007-04-10 07:57:38
208,Emery,101,1,2007-04-10 07:57:58
209,New Pembroke #4,320,1,2007-04-10 07:58:10
210,Mead House,231,1,2007-04-10 07:58:19
211,Hope College,214,1,2007-04-10 07:58:32
212,Champlin,114,1,2007-04-10 07:58:45
213,Sears House,114A,1,2007-04-10 08:02:48
214,Emery,220,1,2007-04-10 08:02:55
215,Wayland House,232,1,2007-04-10 08:03:01
216,Young Orchard #10,320,4,2007-04-10 08:03:06
217,Gregorian Quad A,209,4,2007-04-10 08:03:48
218,Minden,809,2,2007-04-10 08:04:04
219,Champlin,103,1,2007-04-10 08:04:23
219,Champlin,206,1,2007-04-10 08:04:25
220,Emery,201,1,2007-04-10 08:04:37
221,No Show,,,2007-04-10 08:04:53
222,Young Orchard #10,330,4,2007-04-10 08:05:12
223,Minden,607,2,2007-04-10 08:05:22
224,Emery,217,1,2007-04-10 08:05:32
225,Wayland House,212,1,2007-04-10 08:07:24
225,Wayland House,213,1,2007-04-10 08:07:27
226,Minden,707,2,2007-04-10 08:08:35
227,Hegeman,A201,3,2007-04-10 08:08:41
228,Poland House,332,1,2007-04-10 08:09:04
228,Poland House,334,1,2007-04-10 08:09:07
229,Gregorian Quad A,304,4,2007-04-10 08:09:33
230,Gregorian Quad B,402D,1,2007-04-10 08:09:43
231,No Show,,,2007-04-10 08:10:02
232,Gregorian Quad A,201,4,2007-04-10 08:10:15
233,Archibald House,307,1,2007-04-10 08:10:32
234,Gregorian Quad B,401E,1,2007-04-10 08:10:46
235,Gregorian Quad A,303,4,2007-04-10 08:11:03
236,Jameson House,219,1,2007-04-10 08:11:17
237,Slater Hall,302,2,2007-04-10 08:11:28
238,Sears House,114B,1,2007-04-10 08:11:43
239,Young Orchard #10,430,4,2007-04-10 08:11:57
240,Wayland House,322,1,2007-04-10 08:12:21
241,Emery,104,1,2007-04-10 08:12:51
242,Barbour Hall Apartments,110,3,2007-04-10 08:13:29
243,Young Orchard #10,420,4,2007-04-10 08:13:40
244,Gregorian Quad A,402,4,2007-04-10 08:14:00
245,Sears House,221,1,2007-04-10 08:14:11
246,Hegeman,B204,3,2007-04-10 08:14:32
246,Hegeman,B205,2,2007-04-10 08:14:28
247,Gregorian Quad B,201,4,2007-04-10 08:14:44
247,Wayland House,218,1,2007-04-10 08:14:58
248,Gregorian Quad B,302,4,2007-04-10 08:15:18
249,Emery,117,1,2007-04-10 08:15:38
250,Miller,105,2,2007-04-10 08:15:48
251,Young Orchard #4,120,4,2007-04-10 08:16:07
252,Sears House,312,1,2007-04-10 08:16:55
253,Gregorian Quad A,308,5,2007-04-10 08:17:19
254,Hegeman,A101,3,2007-04-10 08:17:32
255,Gregorian Quad A,212,4,2007-04-10 08:17:45
256,No Show,,,2007-04-10 08:18:01
257,Machado,122,1,2007-04-10 08:18:12
258,Gregorian Quad B,208,4,2007-04-10 08:18:25
258,Gregorian Quad B,210,4,2007-04-10 08:18:28
259,Gregorian Quad A,312,4,2007-04-10 08:19:08
259,New Pembroke #4,427,1,2007-04-10 08:19:21
260,Emery,120,1,2007-04-10 08:19:41
261,Emery,204,1,2007-04-10 08:20:05
262,Goddard House,315,1,2007-04-10 08:20:42
263,Minden,306,2,2007-04-10 08:20:56
263,Minden,307,2,2007-04-10 08:20:57
263,Minden,308,2,2007-04-10 08:21:00
264,Wayland House,400A,7,2007-04-10 08:21:14
265,Hegeman,E215,3,2007-04-10 08:21:26
266,Wayland House,332,1,2007-04-10 08:22:23
267,Young Orchard #10,120,4,2007-04-10 08:22:35
268,Hegeman,C208,3,2007-04-10 08:22:49
268,Hegeman,C209,3,2007-04-10 08:22:53
269,Machado,120,1,2007-04-10 08:23:06
270,Gregorian Quad A,210,5,2007-04-10 08:23:16
270,Gregorian Quad A,401,4,2007-04-10 08:23:20
271,Gregorian Quad B,107,5,2007-04-10 08:23:35
272,Gregorian Quad A,214,4,2007-04-10 08:23:46
273,Wayland House,237,1,2007-04-10 08:24:01
274,Goddard House,321,1,2007-04-10 08:24:29
275,Young Orchard #10,110,4,2007-04-10 08:24:43
276,Gregorian Quad B,202,4,2007-04-10 08:24:54
277,Minden,207,2,2007-04-10 08:25:07
278,Hegeman,E212,2,2007-04-10 08:25:16
279,Gregorian Quad B,405,2,2007-04-10 08:25:41
280,Emery,420,1,2007-04-10 08:25:58
281,Machado,125,1,2007-04-10 08:26:09
282,Woolley,306,1,2007-04-10 08:26:20
283,Gregorian Quad A,314,4,2007-04-10 08:26:47
284,Minden,208,2,2007-04-10 08:27:00
285,Goddard House,312,1,2007-04-10 08:27:12
286,Gregorian Quad A,204,4,2007-04-10 08:27:25
286,Gregorian Quad A,206,4,2007-04-10 08:27:27
287,Wayland House,346,1,2007-04-10 08:27:38
288,Hegeman,E113,3,2007-04-10 08:27:47
289,Hegeman,B206,3,2007-04-10 08:27:55
290,Gregorian Quad B,303,4,2007-04-10 08:28:08
291,Gregorian Quad A,406,4,2007-04-10 08:28:22
292,Hegeman,C401,3,2007-04-10 08:28:52
293,Hegeman,B107,3,2007-04-10 08:29:11
293,Hegeman,B207,2,2007-04-10 08:29:09
294,Goddard House,319,1,2007-04-10 08:29:40
295,Archibald House,418,1,2007-04-10 08:30:39
295,Young Orchard #2,120,4,2007-04-10 08:30:17
296,Wayland House,304,1,2007-04-10 08:30:52
297,Gregorian Quad A,202,4,2007-04-10 08:31:04
298,Minden,401,3,2007-04-10 08:31:28
298,Minden,415,3,2007-04-10 08:31:25
298,Minden,806,2,2007-04-10 08:31:34
299,Jameson House,7,1,2007-04-10 08:33:02
299,Slater Hall,401,3,2007-04-10 08:32:54
300,Young Orchard #2,110,4,2007-04-10 08:33:20
301,No Show,,,2007-04-10 08:33:37
302,Barbour Hall Apartments,130,3,2007-04-10 08:33:48
302,Barbour Hall Apartments,230,3,2007-04-10 08:33:52
303,Gregorian Quad B,305,4,2007-04-10 08:33:59
304,Gregorian Quad A,203,4,2007-04-10 08:35:14
304,Gregorian Quad A,302,4,2007-04-10 08:35:17
305,Hegeman,E116,3,2007-04-10 08:35:37
306,Hegeman,B106,3,2007-04-10 08:36:23
306,Minden,408,2,2007-04-10 08:35:57
307,Minden,215,3,2007-04-10 08:36:38
308,Minden,508,2,2007-04-10 08:36:51
309,Gregorian Quad B,301,4,2007-04-10 08:37:01
310,Gregorian Quad B,404,4,2007-04-10 08:37:12
311,Gregorian Quad A,309,4,2007-04-10 08:37:39
312,Wayland House,313,1,2007-04-10 08:38:23
313,Gregorian Quad A,403,4,2007-04-10 08:39:22
313,Gregorian Quad A,407,4,2007-04-10 08:39:14
313,Sears House,320,1,2007-04-10 08:39:31
313,Sears House,321,1,2007-04-10 08:39:34
314,Gregorian Quad A,211,4,2007-04-10 08:40:01
315,Sears House,222,1,2007-04-10 08:40:14
316,Gregorian Quad B,110,4,2007-04-10 08:40:34
317,Hegeman,D403,3,2007-04-10 08:40:48
317,Hegeman,D404,3,2007-04-10 08:40:51
318,Chapin House,114B,1,2007-04-10 08:41:15
318,Goddard House,317,1,2007-04-10 08:41:13
318,Gregorian Quad B,102,4,2007-04-10 08:41:09
318,Poland House,319,1,2007-04-10 08:41:24
319,Gregorian Quad B,108,4,2007-04-10 08:41:58
320,Slater Hall,402,2,2007-04-10 08:42:08
321,Gregorian Quad B,104,4,2007-04-10 08:42:18
322,Grad Center C,110,4,2007-04-10 08:42:34
323,Hegeman,D310,3,2007-04-10 08:43:11
324,Hegeman,E213,3,2007-04-10 08:43:20
325,Goddard House,310,1,2007-04-10 08:43:32
325,Goddard House,314,1,2007-04-10 08:43:35
325,Goddard House,316,1,2007-04-10 08:43:33
325,Goddard House,318,1,2007-04-10 08:43:38
326,Hegeman,A301,3,2007-04-10 08:44:11
326,Hegeman,A303,3,2007-04-10 08:44:13
326,Mead House,223,1,2007-04-10 08:44:22
327,Pass,,,2007-04-10 08:45:15
328,Emery,301,1,2007-04-10 08:45:30
329,Emery,304,1,2007-04-10 08:46:13
329,Emery,401,1,2007-04-10 08:46:20
329,Emery,404,1,2007-04-10 08:46:21
329,Woolley,229,1,2007-04-10 08:46:37
329,Woolley,307,1,2007-04-10 08:45:48
329,Woolley,406,1,2007-04-10 08:45:52
329,Woolley,407,1,2007-04-10 08:45:54
329,Woolley,416,1,2007-04-10 08:46:53
330,Poland House,210,1,2007-04-10 08:47:42
331,Morris Hall,201,6,2007-04-10 08:47:48
332,Grad Center B,440,5,2007-04-10 08:48:03
333,Minden,501,3,2007-04-10 08:48:18
334,Goddard House,214,1,2007-04-10 08:48:33
335,Machado,121,1,2007-04-10 08:49:16
335,Poland House,202,1,2007-04-10 08:49:30
335,Poland House,203,1,2007-04-10 08:49:31
335,Poland House,204,1,2007-04-10 08:49:34
335,Woolley,129,1,2007-04-10 08:48:52
335,Woolley,316,1,2007-04-10 08:49:04
335,Woolley,318,1,2007-04-10 08:49:01
336,Hegeman,C308,3,2007-04-10 08:50:19
336,Hegeman,D211,3,2007-04-10 08:50:23
336,Hegeman,D309,3,2007-04-10 08:50:16
336,Sears House,319,1,2007-04-10 08:50:06
337,Hegeman,B304,3,2007-04-10 08:50:57
338,Barbour Hall Apartments,170,4,2007-04-10 08:52:21
338,Goddard House,306A,1,2007-04-10 08:51:20
338,Minden,815,3,2007-04-10 08:51:16
339,Grad Center C,420,5,2007-04-10 08:53:08
340,Poland House,207,1,2007-04-10 08:53:14
341,Archibald House,301,1,2007-04-10 08:53:32
341,Archibald House,302,1,2007-04-10 08:53:33
341,Archibald House,303,1,2007-04-10 08:53:33
341,Archibald House,304,1,2007-04-10 08:53:36
342,Emery,309,1,2007-04-10 08:53:57
343,Pass,,,2007-04-10 08:53:59
344,Minden,506,2,2007-04-10 08:54:19
344,Minden,507,3,2007-04-10 08:54:16
345,Woolley,106,1,2007-04-10 08:54:37
345,Woolley,107,1,2007-04-10 08:54:34
345,Woolley,113,1,2007-04-10 08:54:33
345,Woolley,115,1,2007-04-10 08:54:32
346,Hegeman,A203,3,2007-04-10 08:55:12
347,Grad Center A,410,5,2007-04-10 08:55:24
348,No Show,,,2007-04-10 08:55:42
349,Poland House,321,1,2007-04-10 08:55:58
349,Poland House,323,1,2007-04-10 08:56:36
349,Poland House,324,1,2007-04-10 08:56:41
349,Poland House,325,1,2007-04-10 08:55:59
349,Poland House,327,1,2007-04-10 08:56:00
349,Poland House,336,1,2007-04-10 08:56:39
349,Poland House,338,1,2007-04-10 08:56:05
350,Minden,706,2,2007-04-10 08:57:10
350,Minden,708,2,2007-04-10 08:57:13
351,Goddard House,331,1,2007-04-10 08:57:22
352,Hegeman,B104,3,2007-04-10 08:57:31
353,Hegeman,C108,3,2007-04-10 08:57:46
353,Hegeman,C109,3,2007-04-10 08:57:59
354,Chapin House,322,1,2007-04-10 08:59:54
354,Woolley,415,1,2007-04-10 08:59:00
354,Woolley,418,1,2007-04-10 08:59:18
354,Woolley,419,1,2007-04-10 08:59:21
354,Woolley,423,1,2007-04-10 08:59:05
355,Hegeman,A103,3,2007-04-10 09:00:19
356,Archibald House,306,1,2007-04-10 09:00:34
357,Mead House,218,1,2007-04-10 09:00:47
358,Barbour Hall Apartments,50,3,2007-04-10 09:01:00
358,Barbour Hall Apartments,160,5,2007-04-10 09:01:04
359,Hegeman,D111,3,2007-04-10 09:01:24
360,Goddard House,216,1,2007-04-10 09:02:20
361,Woolley,216,1,2007-04-10 09:02:26
362,Goddard House,212,1,2007-04-10 09:02:40
363,Hegeman,E112,3,2007-04-10 09:02:54
364,Plantations House,102,2,2007-04-10 09:03:41
364,Plantations House,202,2,2007-04-10 09:03:42
364,Plantations House,203,2,2007-04-10 09:03:43
364,Plantations House,301,3,2007-04-10 09:03:45
365,No Show,,,2007-04-10 09:03:59
366,Sears House,226A,1,2007-04-10 09:04:10
367,Minden,606,2,2007-04-10 09:04:22
367,Minden,608,2,2007-04-10 09:04:24
368,Hegeman,D110,3,2007-04-10 09:04:34
369,Sears House,226B,1,2007-04-10 09:04:43
370,Emery,317,1,2007-04-10 09:05:04
370,Emery,409,1,2007-04-10 09:04:57
370,Emery,411,1,2007-04-10 09:04:58
370,Emery,417,1,2007-04-10 09:04:59
371,No Show,,,2007-04-10 09:05:32
372,Goddard House,113,1,2007-04-10 09:05:48
372,Goddard House,115,1,2007-04-10 09:05:48
372,Goddard House,116,1,2007-04-10 09:05:49
372,Goddard House,117,1,2007-04-10 09:05:53
373,No Show,,,2007-04-10 09:06:34
374,Minden,206,2,2007-04-10 09:06:41
374,Minden,406,2,2007-04-10 09:06:44
375,Mead House,216,1,2007-04-10 09:06:56
375,Mead House,225,1,2007-04-10 09:06:58
375,Mead House,227,1,2007-04-10 09:07:00
375,Mead House,229,1,2007-04-10 09:07:03
376,Grad Center A,510,5,2007-04-10 09:07:13
377,Poland House,201,1,2007-04-10 09:07:27
377,Poland House,205,1,2007-04-10 09:07:28
377,Poland House,208,1,2007-04-10 09:07:31
378,Archibald House,217,1,2007-04-10 09:09:24
378,Archibald House,218,1,2007-04-10 09:09:25
378,Archibald House,221,1,2007-04-10 09:10:31
378,New Pembroke #3,105,1,2007-04-10 09:10:03
378,Woolley,119,1,2007-04-10 09:08:58
379,Bronson House,403,1,2007-04-10 09:10:56
379,Bronson House,409,1,2007-04-10 09:10:59
380,Bronson House,214,1,2007-04-10 09:11:19
381,Mead House,103,1,2007-04-10 09:11:30
381,Mead House,109,1,2007-04-10 09:11:31
381,Mead House,113,1,2007-04-10 09:11:34
382,Drop to 405,,,2007-04-10 09:12:00
382,No Show,,,2007-04-10 09:12:19
383,Grad Center A,420,6,2007-04-10 09:12:34
384,Emery,311,1,2007-04-10 09:12:48
384,Woolley,323,1,2007-04-10 09:12:53
385,Chapin House,321,1,2007-04-10 09:13:11
385,Chapin House,326A,1,2007-04-10 09:13:43
385,Chapin House,326B,1,2007-04-10 09:13:20
385,Chapin House,327,1,2007-04-10 09:13:12
386,Everett House,214,1,2007-04-10 09:13:54
386,Everett House,216,1,2007-04-10 09:13:55
386,Everett House,224,1,2007-04-10 09:13:58
387,Barbour Hall Apartments,260,5,2007-04-10 09:14:19
387,Sears House,306B,1,2007-04-10 09:14:26
388,No Show,,,2007-04-10 09:14:48
389,Goddard House,329,1,2007-04-10 09:15:08
389,Goddard House,330,1,2007-04-10 09:15:11
390,Woolley,123,1,2007-04-10 09:15:19
391,Woolley,218,1,2007-04-10 09:15:40
392,Barbour Hall Apartments,120,4,2007-04-10 09:15:50
393,Grad Center A,310,5,2007-04-10 09:16:03
394,Jameson House,214,1,2007-04-10 09:16:26
394,Jameson House,218,1,2007-04-10 09:16:26
394,Jameson House,314,1,2007-04-10 09:16:28
394,Jameson House,318,1,2007-04-10 09:16:30
395,No Show,,,2007-04-10 09:16:54
396,Grad Center B,510,6,2007-04-10 09:17:04
397,New Pembroke #3,212,1,2007-04-10 09:17:17
397,New Pembroke #3,215,1,2007-04-10 09:17:22
397,New Pembroke #3,217,1,2007-04-10 09:17:23
397,New Pembroke #3,218,1,2007-04-10 09:17:27
398,Archibald House,227,0,2007-04-10 09:18:25
398,Minden,601,3,2007-04-10 09:18:05
398,Minden,615,3,2007-04-10 09:18:09
399,Slater Hall,204,4,2007-04-10 09:18:39
400,Wayland House,400B,7,2007-04-10 09:18:53
401,Slater Hall,201,4,2007-04-10 09:19:02
402,Pass,,,2007-04-10 09:19:12
403,Chapin House,114A,1,2007-04-10 09:19:25
403,Chapin House,303,1,2007-04-10 09:19:26
403,Chapin House,306A,1,2007-04-10 09:19:27
403,Chapin House,306B,1,2007-04-10 09:19:31
404,Drop to 471,,,2007-04-10 09:19:46
405,Archibald House,127,1,2007-04-10 09:20:28
405,Archibald House,131,1,2007-04-10 09:20:28
405,Bronson House,203,1,2007-04-10 09:20:47
405,Bronson House,204,1,2007-04-10 09:20:48
405,Bronson House,306,1,2007-04-10 09:21:20
405,Goddard House,306B,1,2007-04-10 09:21:47
405,New Pembroke #4,209,1,2007-04-10 09:20:03
405,New Pembroke #4,217,1,2007-04-10 09:20:04
405,New Pembroke #4,219,1,2007-04-10 09:20:21
406,Barbour Hall Apartments,360,5,2007-04-10 09:22:11
407,Woolley,315,1,2007-04-10 09:22:27
407,Woolley,319,1,2007-04-10 09:22:29
408,Grad Center B,540,5,2007-04-10 09:22:45
409,Pass,,,2007-04-10 09:22:51
410,Bronson House,313,1,2007-04-10 09:23:55
410,Grad Center A,610,5,2007-04-10 09:22:57
411,Minden,513,3,2007-04-10 09:24:43
411,Poland House,424,1,2007-04-10 09:25:17
412,Woolley,215,1,2007-04-10 09:25:50
413,Mead House,204,1,2007-04-10 09:25:58
414,Woolley,219,1,2007-04-10 09:26:38
415,Drop to 417,,,2007-04-10 09:26:46
416,Gregorian Quad B,403,2,2007-04-10 09:27:19
416,Jameson House,225,1,2007-04-10 09:27:06
416,Jameson House,319,1,2007-04-10 09:26:56
417,Grad Center A,520,5,2007-04-10 09:27:36
417,Grad Center A,530,5,2007-04-10 09:27:44
418,Barbour Hall Apartments,330,3,2007-04-10 09:28:02
419,Slater Hall,301,4,2007-04-10 09:28:14
420,Slater Hall,304,4,2007-04-10 09:28:50
420,Woolley,118,1,2007-04-10 09:29:01
421,Barbour Hall Apartments,80,4,2007-04-10 09:29:14
422,Chapin House,400A,8,2007-04-10 09:29:25
423,Everett House,107,1,2007-04-10 09:29:53
423,Everett House,316,1,2007-04-10 09:29:57
424,Gregorian Quad A,409,2,2007-04-10 09:30:09
425,Slater Hall,101,4,2007-04-10 09:30:23
426,No Show,,,2007-04-10 09:30:39
427,Grad Center C,540,5,2007-04-10 09:30:50
428,Grad Center B,310,6,2007-04-10 09:31:01
429,Minden,201,3,2007-04-10 09:31:13
430,Woolley,116,1,2007-04-10 09:31:25
431,Grad Center B,340,5,2007-04-10 09:31:40
431,New Pembroke #3,203,1,2007-04-10 09:31:57
432,Minden,113,3,2007-04-10 09:32:03
433,Bronson House,406,1,2007-04-10 09:32:15
434,Archibald House,422,1,2007-04-10 09:32:39
434,Jameson House,125,1,2007-04-10 09:32:59
435,Barbour Hall Apartments,280,4,2007-04-10 09:33:11
436,Barbour Hall Apartments,390,4,2007-04-10 09:33:36
437,No Show,,,2007-04-10 09:33:58
438,Slater Hall,404,3,2007-04-10 09:34:05
439,Grad Center A,540,6,2007-04-10 09:34:14
440,Machado,31,1,2007-04-10 09:34:24
441,New Pembroke #4,303,1,2007-04-10 09:34:33
442,Grad Center B,530,5,2007-04-10 09:34:47
443,Minden,701,3,2007-04-10 09:35:06
444,New Pembroke #4,321,1,2007-04-10 09:35:22
444,New Pembroke #4,323,1,2007-04-10 09:35:22
444,New Pembroke #4,325,1,2007-04-10 09:35:24
444,New Pembroke #4,421,1,2007-04-10 09:35:29
444,New Pembroke #4,423,1,2007-04-10 09:35:29
444,New Pembroke #4,425,1,2007-04-10 09:35:33
445,Jameson House,106,1,2007-04-10 09:35:59
445,Jameson House,114,1,2007-04-10 09:36:00
445,Minden,801,3,2007-04-10 09:35:52
445,New Pembroke #4,326,1,2007-04-10 09:36:27
445,New Pembroke #4,327,1,2007-04-10 09:36:29
446,Drop to 457,,,2007-04-10 09:36:45
447,Metcalf,120,2,2007-04-10 09:37:19
447,New Pembroke #4,403,1,2007-04-10 09:37:41
447,New Pembroke #4,426,1,2007-04-10 09:36:59
448,Minden,212,3,2007-04-10 09:37:48
449,Grad Center B,410,6,2007-04-10 09:38:00
450,No Show,,,2007-04-10 09:38:13
451,Machado,33,1,2007-04-10 09:38:22
452,Mead House,3,1,2007-04-10 09:38:45
453,Grad Center B,430,6,2007-04-10 09:38:52
454,New Pembroke #4,313,1,2007-04-10 09:39:17
455,No Show,,,2007-04-10 09:39:35
456,New Pembroke #3,303,1,2007-04-10 09:39:59
457,Barbour Hall Apartments,60,6,2007-04-10 09:40:57
457,New Pembroke #3,317,1,2007-04-10 09:40:51
458,New Pembroke #4,413,1,2007-04-10 09:41:05
459,Machado,34,1,2007-04-10 09:41:11
460,No Show,,,2007-04-10 09:41:24
461,New Pembroke #4,401,1,2007-04-10 09:41:40
462,No Show,,,2007-04-10 09:41:54
463,Grad Center C,320,5,2007-04-10 09:42:03
464,No Show,,,2007-04-10 09:42:19
465,No Show,,,2007-04-10 09:42:28
466,New Pembroke #4,301,1,2007-04-10 09:42:41
467,New Pembroke #3,315,1,2007-04-10 09:44:04
468,Grad Center B,640,5,2007-04-10 09:44:19
469,Slater Hall,104,3,2007-04-10 09:44:39
470,Machado,32,1,2007-04-10 09:44:55
471,Grad Center A,330,5,2007-04-10 09:45:07
472,New Pembroke #3,318,1,2007-04-10 09:45:23
473,New Pembroke #4,302,1,2007-04-10 09:45:53
473,New Pembroke #4,402,1,2007-04-10 09:45:55
473,Slater Hall,202,2,2007-04-10 09:46:08
474,Harkness House,327,1,2007-04-10 09:46:19
475,Harkness House,303,1,2007-04-10 09:46:22
476,Diman House,329B,1,2007-04-10 09:46:40
477,Drop to 522,,,2007-04-10 09:47:11
478,No Show,,,2007-04-10 09:47:52
479,Harkness House,206B,1,2007-04-10 09:47:59
480,Harkness House,326B,1,2007-04-10 09:48:09
481,Harkness House,326A,1,2007-04-10 09:48:22
482,New Pembroke #1,202,1,2007-04-10 09:48:37
483,New Pembroke #1,205,1,2007-04-10 09:49:00
484,Grad Center C,530,5,2007-04-10 09:49:11
485,Pass,,,2007-04-10 09:49:55
486,Chapin House,313,2,2007-04-10 09:52:37
486,Chapin House,314,2,2007-04-10 09:52:43
487,Diman House,306B,1,2007-04-10 09:53:11
488,Diman House,306A,1,2007-04-10 09:53:20
489,New Pembroke #1,305,1,2007-04-10 09:53:28
490,Caswell Hall,311,2,2007-04-10 09:53:38
491,New Pembroke #1,206,1,2007-04-10 09:53:58
492,New Pembroke #1,302,1,2007-04-10 09:54:18
493,Caswell Hall,201,2,2007-04-10 09:54:25
494,Caswell Hall,111,2,2007-04-10 09:54:32
495,New Pembroke #1,306,1,2007-04-10 09:54:43
496,Machado,35,1,2007-04-10 09:54:56
497,Caswell Hall,102,2,2007-04-10 09:55:03
498,New Pembroke #1,307,1,2007-04-10 09:55:21
499,Machado,36,1,2007-04-10 09:55:37
500,Minden,202,3,2007-04-10 09:58:37
500,Sears House,400A,7,2007-04-10 09:58:44
501,Caswell Hall,411,2,2007-04-10 09:59:00
502,New Pembroke #1,404,1,2007-04-10 09:59:10
502,New Pembroke #1,405,1,2007-04-10 09:59:13
503,Grad Center C,440,5,2007-04-10 09:59:24
504,Pass,,,2007-04-10 10:00:25
505,Grad Center B,520,5,2007-04-10 10:00:29
506,Caswell Hall,410,2,2007-04-10 10:00:36
507,New Pembroke #1,407,1,2007-04-10 10:00:46
508,New Pembroke #1,402,1,2007-04-10 10:00:59
509,Caswell Hall,407,2,2007-04-10 10:01:12
509,Caswell Hall,408,2,2007-04-10 10:01:15
510,Caswell Hall,307,2,2007-04-10 10:01:36
511,Morris Hall,301,6,2007-04-10 10:05:18
512,Grad Center D,120,4,2007-04-12 06:35:55
513,Caswell Hall,406,2,2007-04-12 06:36:09
514,Caswell Hall,412,2,2007-04-12 06:36:19
515,Chapin House,400B,5,2007-04-12 06:36:36
516,New Pembroke #1,304,1,2007-04-12 06:36:56
517,No Show,,,2007-04-12 06:37:16
518,Barbour Hall Apartments,270,4,2007-04-12 06:37:29
519,Barbour Hall,206,2,2007-04-12 06:38:21
520,Drop to 584,,,2007-04-12 06:38:29
521,Caswell Hall,206,2,2007-04-12 06:38:45
521,Caswell Hall,210,2,2007-04-12 06:38:40
522,New Pembroke #1,406,1,2007-04-12 06:38:53
523,Caswell Hall,306,2,2007-04-12 06:39:39
524,Minden,802,3,2007-04-12 06:39:52
525,Pass,,,2007-04-12 06:40:12
526,Caswell Hall,401,2,2007-04-12 06:40:26
526,Caswell Hall,404,2,2007-04-12 06:40:32
527,Barbour Hall,305,2,2007-04-12 06:40:55
528,Caswell Hall,402,2,2007-04-12 06:41:05
528,Caswell Hall,409,2,2007-04-12 06:41:10
529,Drop to 579,,,2007-04-12 06:41:18
530,No Show,,,2007-04-12 06:41:35
531,Pass,,,2007-04-12 06:41:46
532,Caswell Hall,208,2,2007-04-12 06:41:52
533,Slater Hall,102,3,2007-04-12 06:42:14
534,Bronson House,319,3,2007-04-12 06:42:26
535,Caswell Hall,301,2,2007-04-12 06:42:44
535,Caswell Hall,302,2,2007-04-12 06:42:47
536,Barbour Hall,205,2,2007-04-12 06:42:55
537,Harkness House,302,2,2007-04-12 06:43:17
537,Harkness House,304,2,2007-04-12 06:43:22
537,Harkness House,400A,7,2007-04-12 06:43:07
538,Grad Center C,430,5,2007-04-12 06:43:32
538,New Pembroke #1,415,2,2007-04-12 06:43:56
539,Grad Center C,330,5,2007-04-12 06:44:09
540,Grad Center A,430,5,2007-04-12 06:44:17
541,Sears House,214,2,2007-04-12 06:44:29
542,Caswell Hall,403,2,2007-04-12 06:44:56
542,Marcy House,221,2,2007-04-12 06:44:48
542,Marcy House,325,2,2007-04-12 06:44:44
543,Grad Center D,310,5,2007-04-12 06:45:06
544,Grad Center D,630,5,2007-04-12 06:45:14
545,Caswell Hall,106,2,2007-04-12 06:45:33
545,Caswell Hall,107,2,2007-04-12 06:46:12
545,Caswell Hall,303,2,2007-04-12 06:45:24
545,Caswell Hall,312,2,2007-04-12 06:46:25
546,Grad Center D,410,5,2007-04-12 06:46:38
546,Harkness House,329,2,2007-04-12 06:46:47
547,Pass,,,2007-04-12 06:47:48
548,Diman House,307,2,2007-04-12 06:47:57
548,Diman House,308,2,2007-04-12 06:48:00
549,Barbour Hall Apartments,350,5,2007-04-12 06:48:41
549,Morris Hall,401,6,2007-04-12 06:48:15
550,Caswell Hall,309,2,2007-04-12 06:49:16
551,Olney House,400A,8,2007-04-12 06:49:30
552,Caswell Hall,305,2,2007-04-12 06:49:46
552,Caswell Hall,308,2,2007-04-12 06:49:50
553,Caswell Hall,304,2,2007-04-12 06:49:53
554,Grad Center D,610,5,2007-04-12 06:50:07
555,No Show,,,2007-04-12 06:50:21
556,Caswell Hall,212,2,2007-04-12 06:50:32
556,Caswell Hall,405,2,2007-04-12 06:50:29
557,Minden,712,3,2007-04-12 06:50:40
558,Pass,,,2007-04-12 06:50:48
559,Barbour Hall,203,2,2007-04-12 06:51:01
560,Caswell Hall,204,2,2007-04-12 06:51:29
561,Caswell Hall,205,2,2007-04-12 06:51:46
562,Drop to 564,,,2007-04-12 06:52:28
563,Minden,412,3,2007-04-12 06:52:37
564,Grad Center D,330,5,2007-04-12 06:53:01
564,Grad Center D,420,5,2007-04-12 06:53:04
565,Caswell Hall,103,2,2007-04-12 06:53:19
565,Caswell Hall,104,2,2007-04-12 06:53:22
566,Minden,312,3,2007-04-12 06:53:29
567,Caswell Hall,112,2,2007-04-12 06:53:38
568,Caswell Hall,101,2,2007-04-12 06:53:48
568,Diman House,221,3,2007-04-12 06:53:55
569,Minden,101,2,2007-04-12 06:54:50
569,Slater Hall,203,2,2007-04-12 06:54:41
570,Barbour Hall,208,2,2007-04-12 06:55:03
570,Caswell Hall,108,2,2007-04-12 06:55:11
570,Caswell Hall,110,2,2007-04-12 06:55:07
571,Barbour Hall Apartments,150,5,2007-04-12 06:55:29
572,Caswell Hall,105,2,2007-04-12 06:55:51
572,Diman House,334,2,2007-04-12 06:55:45
573,Drop to 581,,,2007-04-12 06:56:01
574,Grad Center D,510,5,2007-04-12 06:56:22
574,Pass,,,2007-04-12 06:56:32
575,Minden,602,3,2007-04-12 06:56:42
575,Minden,612,3,2007-04-12 06:56:45
576,Barbour Hall Apartments,290,4,2007-04-12 06:56:55
577,Diman House,327,2,2007-04-12 06:57:33
577,Diman House,328,2,2007-04-12 06:57:36
577,Diman House,331,2,2007-04-12 06:57:58
577,Slater Hall,303,2,2007-04-12 06:58:02
578,Grad Center D,430,5,2007-04-12 06:58:21
579,Grad Center D,340,6,2007-04-12 06:58:35
580,Grad Center C,520,5,2007-04-12 06:58:49
581,Minden,512,3,2007-04-12 06:59:01
582,Marcy House,400A,6,2007-04-12 06:59:14
583,Pass,,,2007-04-12 06:59:23
584,Grad Center C,620,5,2007-04-12 06:59:48
585,Diman House,400A,8,2007-04-12 07:00:03
586,Grad Center C,220,5,2007-04-12 07:00:12
586,Grad Center C,240,5,2007-04-12 07:00:16
587,Marcy House,400B,6,2007-04-12 07:00:27
588,Grad Center B,320,5,2007-04-12 07:00:38
588,Harkness House,201,2,2007-04-12 07:00:45
589,Diman House,317,2,2007-04-12 07:01:04
589,Diman House,321,2,2007-04-12 07:01:09
590,Grad Center B,230,5,2007-04-12 07:02:30
591,Diman House,400B,8,2007-04-12 07:02:41
592,Goddard House,400A,6,2007-04-12 07:02:52
593,Hegeman,B305,2,2007-04-12 07:03:04
594,Grad Center C,210,6,2007-04-12 07:03:17
595,Sears House,308,2,2007-04-12 07:03:25
596,Grad Center D,520,6,2007-04-12 07:03:32
597,Caswell Hall,109,2,2007-04-12 07:03:52
597,Harkness House,323,2,2007-04-12 07:03:59
598,Grad Center B,240,5,2007-04-12 07:04:16
599,Grad Center A,220,5,2007-04-12 07:04:26
600,Grad Center A,210,5,2007-04-12 07:04:34
601,No Show,,,2007-04-12 07:04:56
602,Diman House,301,2,2007-04-12 07:05:07
602,Diman House,302,2,2007-04-12 07:05:09
603,Grad Center C,140,5,2007-04-12 07:05:21
603,Grad Center C,230,6,2007-04-12 07:05:24
604,Grad Center D,110,5,2007-04-12 07:05:42
604,Harkness House,301,2,2007-04-12 07:05:36
605,Slater Hall,403,2,2007-04-12 07:05:54
605,Slater Hall,405,2,2007-04-12 07:05:59
605,Slater Hall,406,2,2007-04-12 07:05:56
606,Barbour Hall Apartments,220,4,2007-04-12 07:06:07
607,Grad Center D,140,4,2007-04-12 07:06:18
608,Diman House,304,2,2007-04-12 07:06:43
608,Minden,302,3,2007-04-12 07:06:34
609,Grad Center C,510,6,2007-04-12 07:07:31
610,Grad Center D,540,6,2007-04-12 07:07:41
611,Pass,,,2007-04-12 07:07:50
612,Grad Center B,110,5,2007-04-12 07:08:01
613,Grad Center B,120,5,2007-04-12 07:08:07
614,Barbour Hall,308,2,2007-04-12 07:08:24
615,Harkness House,328,2,2007-04-12 07:08:44
615,Harkness House,330,2,2007-04-12 07:08:47
616,Barbour Hall,108,2,2007-04-12 07:09:05
616,Barbour Hall Apartments,180,4,2007-04-12 07:09:01
617,Pass,,,2007-04-12 07:09:10
618,No Show,,,2007-04-12 07:09:25
619,Harkness House,202,2,2007-04-12 07:09:37
619,Harkness House,204,2,2007-04-12 07:09:40
619,Harkness House,207,2,2007-04-12 07:09:47
620,Minden,502,3,2007-04-12 07:09:55
621,Gregorian Quad A,408,2,2007-04-12 07:10:29
621,Gregorian Quad A,410,2,2007-04-12 07:10:31
621,West Andrews,211,3,2007-04-12 07:10:43
622,Grad Center B,210,6,2007-04-12 07:11:16
623,Grad Center B,140,5,2007-04-12 07:11:28
624,Pass,,,2007-04-12 07:11:34
625,Barbour Hall Apartments,320,4,2007-04-12 07:11:45
626,Barbour Hall Apartments,380,4,2007-04-12 07:11:55
627,Barbour Hall Apartments,370,4,2007-04-12 07:12:01
628,Grad Center D,220,6,2007-04-12 07:12:11
629,Pass,,,2007-04-12 07:12:18
630,Pass,,,2007-04-12 07:12:22
631,Barbour Hall,301,2,2007-04-12 07:12:32
632,Grad Center C,310,6,2007-04-12 07:12:47
633,Barbour Hall,306,2,2007-04-12 07:13:07
634,111 Brown Street,201,2,2007-04-12 07:13:23
634,111 Brown Street,202,2,2007-04-12 07:13:24
634,111 Brown Street,203,2,2007-04-12 07:13:26
635,Barbour Hall,201,2,2007-04-12 07:13:36
636,Grad Center D,440,6,2007-04-12 07:13:52
636,Gregorian Quad B,402,2,2007-04-12 07:13:47
637,Pass,,,2007-04-12 07:14:27
638,Pass,,,2007-04-12 07:15:53
639,Pass,,,2007-04-12 07:15:57
640,No Show,,,2007-04-12 07:16:09
641,Minden,402,3,2007-04-12 07:16:17
642,Barbour Hall Apartments,250,5,2007-04-12 07:16:31
643,Diman House,217,2,2007-04-12 07:16:41
644,Grad Center D,240,6,2007-04-12 07:17:03
644,Harkness House,324,2,2007-04-12 07:16:55
645,Grad Center A,140,5,2007-04-12 07:17:14
646,Barbour Hall Apartments,190,4,2007-04-12 07:17:25
647,Pass,,,2007-04-12 07:17:31
648,Minden,702,3,2007-04-12 07:17:40
649,Grad Center A,130,5,2007-04-12 07:17:51
650,Pass,,,2007-04-12 07:17:57
651,Pass,,,2007-04-12 07:19:15
652,Diman House,215,3,2007-04-12 07:19:52
652,Diman House,227,2,2007-04-12 07:19:56
652,Grad Center D,320,6,2007-04-12 07:19:26
653,Grad Center D,640,6,2007-04-12 07:20:10
654,Pass,,,2007-04-12 07:20:35
655,Pass,,,2007-04-12 07:20:46
656,Goddard House,323,2,2007-04-12 07:21:00
656,Goddard House,327,2,2007-04-12 07:21:03
657,Barbour Hall,101,2,2007-04-12 07:21:30
657,Barbour Hall,103,2,2007-04-12 07:21:34
657,Barbour Hall Apartments,30,4,2007-04-12 07:21:27
658,Miller,121,3,2007-04-12 07:21:54
658,Miller,124,2,2007-04-12 07:21:57
659,Pass,,,2007-04-12 07:22:03
660,Sears House,229,2,2007-04-12 07:22:24
660,Sears House,230,2,2007-04-12 07:22:30
661,Diman House,315,3,2007-04-12 07:22:47
661,Olney House,217,2,2007-04-12 07:22:42
662,Pass,,,2007-04-12 07:22:58
663,Goddard House,308,2,2007-04-12 07:23:06
664,Marcy House,319,3,2007-04-12 07:23:17
664,Marcy House,321,2,2007-04-12 07:23:20
665,Barbour Hall,202,2,2007-04-12 07:23:34
665,Barbour Hall,302,2,2007-04-12 07:23:35
665,Barbour Hall,303,2,2007-04-12 07:23:38
666,Chapin House,317,2,2007-04-12 07:24:20
666,Chapin House,323,2,2007-04-12 07:24:25
667,111 Brown Street,301,2,2007-04-12 07:24:53
667,111 Brown Street,302,2,2007-04-12 07:24:54
667,Grad Center B,630,6,2007-04-12 07:25:13
668,Barbour Hall,105,2,2007-04-12 07:25:30
669,Diman House,117,2,2007-04-12 07:26:10
669,Diman House,121,2,2007-04-12 07:26:14
670,No Show,,,2007-04-12 07:26:57
671,No Show,,,2007-04-12 07:27:16
672,Grad Center A,340,6,2007-04-12 07:27:58
673,Goddard House,217,2,2007-04-12 07:28:15
674,Sears House,301,2,2007-04-12 07:28:27
674,Sears House,302,2,2007-04-12 07:28:28
674,Sears House,304,2,2007-04-12 07:28:31
675,Diman House,115,3,2007-04-12 07:28:38
676,Marcy House,125,2,2007-04-12 07:28:51
676,Marcy House,219,3,2007-04-12 07:28:49
677,New Pembroke #1,201,2,2007-04-12 07:29:03
677,New Pembroke #1,301,2,2007-04-12 07:29:07
678,Grad Center C,610,6,2007-04-12 07:29:20
678,Sears House,313,2,2007-04-12 07:29:29
678,Sears House,314,2,2007-04-12 07:29:33
679,Sears House,224,2,2007-04-12 07:30:19
679,Sears House,228,2,2007-04-12 07:30:22
680,Chapin House,307,2,2007-04-12 07:30:31
681,East Andrews,214,3,2007-04-12 07:31:33
681,Hegeman,B105,2,2007-04-12 07:31:38
681,Olney House,213,2,2007-04-12 07:31:12
681,Olney House,214,2,2007-04-12 07:31:14
682,Pass,,,2007-04-12 07:31:47
683,Sears House,307,2,2007-04-12 07:33:57
683,Sears House,317,2,2007-04-12 07:34:01
684,Gregorian Quad B,401,2,2007-04-12 07:34:14
685,Sears House,113,2,2007-04-12 07:34:25
685,Sears House,117,2,2007-04-12 07:34:30
686,Diman House,333,2,2007-04-12 07:34:43
686,Sears House,217,2,2007-04-12 07:34:58
687,Pass,,,2007-04-12 07:35:40
688,Plantations House,201,2,2007-04-12 07:35:53
689,Chapin House,324,2,2007-04-12 07:36:04
690,Marcy House,121,2,2007-04-12 07:36:42
691,Chapin House,214,2,2007-04-12 07:37:43
691,Grad Center A,240,6,2007-04-12 07:37:53
691,Olney House,113,2,2007-04-12 07:37:59
691,Olney House,117,2,2007-04-12 07:38:01
691,Sears House,213,2,2007-04-12 07:37:06
691,Sears House,223,2,2007-04-12 07:37:07
692,Drop to 698,,,2007-04-12 07:38:43
693,Grad Center A,620,6,2007-04-12 07:39:25
694,Chapin House,301,2,2007-04-12 07:39:58
694,Marcy House,225,3,2007-04-12 07:40:01
695,Pass,,,2007-04-12 07:40:07
696,111 Brown Street,102,2,2007-04-12 07:40:14
696,Goddard House,223,2,2007-04-12 07:40:36
697,Pass,,,2007-04-12 07:40:44
698,Grad Center B,610,6,2007-04-12 07:40:57
699,Grad Center A,640,6,2007-04-12 07:41:12
700,Pass,,,2007-04-12 07:41:28
701,Pass,,,2007-04-12 07:42:07
702,Chapin House,330,2,2007-04-12 07:42:23
702,Marcy House,119,3,2007-04-12 07:42:17
703,Pass,,,2007-04-12 07:42:38
704,Pass,,,2007-04-12 07:42:45
705,Pass,,,2007-04-12 07:42:55
706,Chapin House,117,2,2007-04-12 07:43:14
706,Mead House,211,3,2007-04-12 07:43:09
707,Pass,,,2007-04-12 07:43:23
708,Pass,,,2007-04-12 07:44:29
709,Pass,,,2007-04-12 07:44:32
710,Pass,,,2007-04-12 07:44:37
711,Goddard House,227,2,2007-04-12 07:44:41
712,No Show,,,2007-04-12 07:44:53
713,Chapin House,328,2,2007-04-12 07:45:55
713,Chapin House,329,2,2007-04-12 07:45:59
713,Goddard House,127,2,2007-04-12 07:45:06
714,Pass,,,2007-04-12 07:46:15
715,Drop to 730,,,2007-04-12 07:46:41
716,Pass,,,2007-04-12 07:46:46
717,Pass,,,2007-04-12 07:46:52
718,Pass,,,2007-04-12 07:46:54
719,Pass,,,2007-04-12 07:47:00
720,Pass,,,2007-04-12 07:47:04
721,Pass,,,2007-04-12 07:47:22
722,No Show,,,2007-04-12 07:47:33
723,No Show,,,2007-04-12 07:47:43
724,No Show,,,2007-04-12 07:47:51
725,Chapin House,302,2,2007-04-12 07:48:04
725,Chapin House,304,2,2007-04-12 07:48:07
726,No Show,,,2007-04-12 07:48:24
727,No Show,,,2007-04-12 07:48:30
728,Chapin House,308,2,2007-04-12 07:48:35
729,Pass,,,2007-04-12 07:48:42
730,Pass,,,2007-04-12 07:48:53
731,Pass,,,2007-04-12 07:49:03
732,Pass,,,2007-04-12 07:49:14
733,Chapin House,113,2,2007-04-12 07:50:22
733,Chapin House,213,2,2007-04-12 07:50:19
733,Machado,30,2,2007-04-12 07:50:15
734,No Show,,,2007-04-12 07:50:38
735,Pass,,,2007-04-12 07:50:46
736,No Show,,,2007-04-12 07:50:57
737,East Andrews,414,3,2007-04-12 07:51:10
738,No Show,,,2007-04-12 07:51:20
739,Pass,,,2007-04-12 07:51:27
740,Pass,,,2007-04-12 07:51:31
741,Pass,,,2007-04-12 07:51:35
742,Pass,,,2007-04-12 07:51:39
743,Pass,,,2007-04-12 07:51:44
744,No Show,,,2007-04-12 07:51:53
745,New Pembroke #1,315,2,2007-04-12 07:52:49
745,New Pembroke #1,401,2,2007-04-12 07:52:52
746,Pass,,,2007-04-12 07:53:03
747,Pass,,,2007-04-12 07:53:14
748,Pass,,,2007-04-12 07:53:25
749,Pass,,,2007-04-12 07:53:32
750,Pass,,,2007-04-12 07:53:34
751,No Show,,,2007-04-12 07:53:38
752,Pass,,,2007-04-12 07:53:45
753,No Show,,,2007-04-12 07:53:54