res_hall,remaining,total,num_picks
Caswell Hall,43,43,1
Olney House,9,9,1
Harkness House,17,17,1
Marcy House,11,11,1
Hegeman,41,42,1
Goddard House,30,30,1
Morriss Hall,3,3,1
Young Orchard #4,12,12,1
Drop to 529,1,1,1
Young Orchard #2,13,13,1
Hope College,11,11,1
Drop to 523,1,1,1
New Pembroke #3,10,10,1
New Pembroke #2,11,11,1
Champlin,4,4,1
No Show,59,59,1
Woolley,30,30,1
Grad Center C,19,19,1
Drop to 508,1,1,1
New Pembroke #4,21,21,1
Drop to 159,1,1,1
Metcalf,32,33,1
Drop to 463,3,3,1
Plantations House,10,10,1
Grad Center B,19,19,1
Drop to 171,1,1,1
Slater Hall,19,23,1
Sears House,24,24,1
Jameson House,8,8,1
Chapin House,20,20,1
Drop to 603,1,1,1
Young Orchard #10,13,13,1
Grad Center A,17,17,1
Barbour Hall,14,16,1
111 Brown Street,6,6,1
Drop to 649,1,1,1
Minden,44,49,1
Bronson House,7,7,1
Mead House,10,10,1
Archibald House,12,12,1
Drop to 280,1,1,1
Emery,17,17,1
Gregorian Quad A,51,52,1
Drop to 494,1,1,1
Drop to 536,1,1,1
Drop to 351,1,1,1
West Andrews,28,28,1
Poland House,19,19,1
New Pembroke #1,18,18,1
Wayland House,18,18,1
Drop to 162,1,1,1
Drop to 354,1,1,1
Gregorian Quad B,52,53,1
Everett House,5,5,1
Miller,20,20,1
Barbour Hall Apartments,24,25,1
Drop to 276,2,2,1
Drop to 108,1,1,1
Drop to 670,1,1,1
Drop to 396,1,1,1
Drop to 633,1,1,1
Grad Center D,18,18,1
Diman House,29,29,1
East Andrews,28,29,1
Pass,83,83,1
Machado,5,5,1
Drop to 591,1,1,1
Drop to 459,1,1,1
Caswell Hall,43,43,2
Olney House,9,9,2
Harkness House,17,17,2
Marcy House,11,11,2
Hegeman,38,42,2
Goddard House,30,30,2
Morriss Hall,3,3,2
Young Orchard #4,12,12,2
Drop to 529,1,1,2
Young Orchard #2,13,13,2
Hope College,11,11,2
Drop to 523,1,1,2
New Pembroke #3,10,10,2
New Pembroke #2,11,11,2
Champlin,4,4,2
No Show,59,59,2
Woolley,29,30,2
Grad Center C,19,19,2
Drop to 508,1,1,2
New Pembroke #4,21,21,2
Drop to 159,1,1,2
Metcalf,31,33,2
Drop to 463,3,3,2
Plantations House,10,10,2
Grad Center B,19,19,2
Drop to 171,1,1,2
Slater Hall,16,23,2
Sears House,24,24,2
Jameson House,8,8,2
Chapin House,20,20,2
Drop to 603,1,1,2
Young Orchard #10,13,13,2
Grad Center A,17,17,2
Barbour Hall,14,16,2
111 Brown Street,6,6,2
Drop to 649,1,1,2
Minden,44,49,2
Bronson House,7,7,2
Mead House,10,10,2
Archibald House,12,12,2
Drop to 280,1,1,2
Emery,17,17,2
Gregorian Quad A,50,52,2
Drop to 494,1,1,2
Drop to 536,1,1,2
Drop to 351,1,1,2
West Andrews,26,28,2
Poland House,19,19,2
New Pembroke #1,18,18,2
Wayland House,18,18,2
Drop to 162,1,1,2
Drop to 354,1,1,2
Gregorian Quad B,51,53,2
Everett House,5,5,2
Miller,19,20,2
Barbour Hall Apartments,24,25,2
Drop to 276,2,2,2
Drop to 108,1,1,2
Drop to 670,1,1,2
Drop to 396,1,1,2
Drop to 633,1,1,2
Grad Center D,18,18,2
Diman House,29,29,2
East Andrews,26,29,2
Pass,83,83,2
Machado,5,5,2
Drop to 591,1,1,2
Drop to 459,1,1,2
Caswell Hall,43,43,3
Olney House,9,9,3
Harkness House,17,17,3
Marcy House,11,11,3
Hegeman,37,42,3
Goddard House,29,30,3
Morriss Hall,3,3,3
Young Orchard #4,12,12,3
Drop to 529,1,1,3
Young Orchard #2,13,13,3
Hope College,9,11,3
Drop to 523,1,1,3
New Pembroke #3,10,10,3
New Pembroke #2,11,11,3
Champlin,4,4,3
No Show,58,59,3
Woolley,29,30,3
Grad Center C,19,19,3
Drop to 508,1,1,3
New Pembroke #4,21,21,3
Drop to 159,1,1,3
Metcalf,31,33,3
Drop to 463,3,3,3
Plantations House,10,10,3
Grad Center B,19,19,3
Drop to 171,1,1,3
Slater Hall,16,23,3
Sears House,24,24,3
Jameson House,8,8,3
Chapin House,20,20,3
Drop to 603,1,1,3
Young Orchard #10,13,13,3
Grad Center A,17,17,3
Barbour Hall,14,16,3
111 Brown Street,6,6,3
Drop to 649,1,1,3
Minden,44,49,3
Bronson House,7,7,3
Mead House,10,10,3
Archibald House,12,12,3
Drop to 280,1,1,3
Emery,16,17,3
Gregorian Quad A,47,52,3
Drop to 494,1,1,3
Drop to 536,1,1,3
Drop to 351,1,1,3
West Andrews,25,28,3
Poland House,19,19,3
New Pembroke #1,18,18,3
Wayland House,18,18,3
Drop to 162,1,1,3
Drop to 354,1,1,3
Gregorian Quad B,48,53,3
Everett House,5,5,3
Miller,18,20,3
Barbour Hall Apartments,24,25,3
Drop to 276,2,2,3
Drop to 108,1,1,3
Drop to 670,1,1,3
Drop to 396,1,1,3
Drop to 633,1,1,3
Grad Center D,18,18,3
Diman House,29,29,3
East Andrews,23,29,3
Pass,83,83,3
Machado,5,5,3
Drop to 591,1,1,3
Drop to 459,1,1,3
Caswell Hall,43,43,4
Olney House,9,9,4
Harkness House,17,17,4
Marcy House,11,11,4
Hegeman,37,42,4
Goddard House,29,30,4
Morriss Hall,3,3,4
Young Orchard #4,12,12,4
Drop to 529,1,1,4
Young Orchard #2,12,13,4
Hope College,8,11,4
Drop to 523,1,1,4
New Pembroke #3,10,10,4
New Pembroke #2,11,11,4
Champlin,4,4,4
No Show,57,59,4
Woolley,29,30,4
Grad Center C,19,19,4
Drop to 508,1,1,4
New Pembroke #4,21,21,4
Drop to 159,1,1,4
Metcalf,31,33,4
Drop to 463,3,3,4
Plantations House,10,10,4
Grad Center B,19,19,4
Drop to 171,1,1,4
Slater Hall,16,23,4
Sears House,24,24,4
Jameson House,8,8,4
Chapin House,20,20,4
Drop to 603,1,1,4
Young Orchard #10,13,13,4
Grad Center A,17,17,4
Barbour Hall,14,16,4
111 Brown Street,6,6,4
Drop to 649,1,1,4
Minden,42,49,4
Bronson House,7,7,4
Mead House,10,10,4
Archibald House,12,12,4
Drop to 280,1,1,4
Emery,15,17,4
Gregorian Quad A,45,52,4
Drop to 494,1,1,4
Drop to 536,1,1,4
Drop to 351,1,1,4
West Andrews,21,28,4
Poland House,19,19,4
New Pembroke #1,18,18,4
Wayland House,17,18,4
Drop to 162,1,1,4
Drop to 354,1,1,4
Gregorian Quad B,47,53,4
Everett House,5,5,4
Miller,16,20,4
Barbour Hall Apartments,24,25,4
Drop to 276,2,2,4
Drop to 108,1,1,4
Drop to 670,1,1,4
Drop to 396,1,1,4
Drop to 633,1,1,4
Grad Center D,18,18,4
Diman House,29,29,4
East Andrews,19,29,4
Pass,83,83,4
Machado,5,5,4
Drop to 591,1,1,4
Drop to 459,1,1,4
Caswell Hall,43,43,5
Olney House,9,9,5
Harkness House,17,17,5
Marcy House,11,11,5
Hegeman,37,42,5
Goddard House,29,30,5
Morriss Hall,3,3,5
Young Orchard #4,12,12,5
Drop to 529,1,1,5
Young Orchard #2,9,13,5
Hope College,7,11,5
Drop to 523,1,1,5
New Pembroke #3,10,10,5
New Pembroke #2,11,11,5
Champlin,4,4,5
No Show,57,59,5
Woolley,29,30,5
Grad Center C,19,19,5
Drop to 508,1,1,5
New Pembroke #4,21,21,5
Drop to 159,1,1,5
Metcalf,29,33,5
Drop to 463,3,3,5
Plantations House,9,10,5
Grad Center B,19,19,5
Drop to 171,1,1,5
Slater Hall,16,23,5
Sears House,24,24,5
Jameson House,8,8,5
Chapin House,20,20,5
Drop to 603,1,1,5
Young Orchard #10,11,13,5
Grad Center A,17,17,5
Barbour Hall,14,16,5
111 Brown Street,6,6,5
Drop to 649,1,1,5
Minden,42,49,5
Bronson House,7,7,5
Mead House,10,10,5
Archibald House,12,12,5
Drop to 280,1,1,5
Emery,15,17,5
Gregorian Quad A,42,52,5
Drop to 494,1,1,5
Drop to 536,1,1,5
Drop to 351,1,1,5
West Andrews,17,28,5
Poland House,19,19,5
New Pembroke #1,18,18,5
Wayland House,17,18,5
Drop to 162,1,1,5
Drop to 354,1,1,5
Gregorian Quad B,44,53,5
Everett House,5,5,5
Miller,13,20,5
Barbour Hall Apartments,23,25,5
Drop to 276,2,2,5
Drop to 108,1,1,5
Drop to 670,1,1,5
Drop to 396,1,1,5
Drop to 633,1,1,5
Grad Center D,18,18,5
Diman House,29,29,5
East Andrews,19,29,5
Pass,83,83,5
Machado,5,5,5
Drop to 591,1,1,5
Drop to 459,1,1,5
Caswell Hall,43,43,6
Olney House,9,9,6
Harkness House,17,17,6
Marcy House,11,11,6
Hegeman,37,42,6
Goddard House,29,30,6
Morriss Hall,3,3,6
Young Orchard #4,10,12,6
Drop to 529,1,1,6
Young Orchard #2,1,13,6
Hope College,7,11,6
Drop to 523,1,1,6
New Pembroke #3,10,10,6
New Pembroke #2,11,11,6
Champlin,4,4,6
No Show,56,59,6
Woolley,29,30,6
Grad Center C,19,19,6
Drop to 508,1,1,6
New Pembroke #4,21,21,6
Drop to 159,1,1,6
Metcalf,28,33,6
Drop to 463,3,3,6
Plantations House,8,10,6
Grad Center B,19,19,6
Drop to 171,1,1,6
Slater Hall,16,23,6
Sears House,24,24,6
Jameson House,8,8,6
Chapin House,20,20,6
Drop to 603,1,1,6
Young Orchard #10,11,13,6
Grad Center A,17,17,6
Barbour Hall,14,16,6
111 Brown Street,6,6,6
Drop to 649,1,1,6
Minden,41,49,6
Bronson House,7,7,6
Mead House,10,10,6
Archibald House,12,12,6
Drop to 280,1,1,6
Emery,15,17,6
Gregorian Quad A,40,52,6
Drop to 494,1,1,6
Drop to 536,1,1,6
Drop to 351,1,1,6
West Andrews,15,28,6
Poland House,19,19,6
New Pembroke #1,18,18,6
Wayland House,17,18,6
Drop to 162,1,1,6
Drop to 354,1,1,6
Gregorian Quad B,42,53,6
Everett House,5,5,6
Miller,13,20,6
Barbour Hall Apartments,23,25,6
Drop to 276,2,2,6
Drop to 108,1,1,6
Drop to 670,1,1,6
Drop to 396,1,1,6
Drop to 633,1,1,6
Grad Center D,18,18,6
Diman House,29,29,6
East Andrews,16,29,6
Pass,83,83,6
Machado,5,5,6
Drop to 591,1,1,6
Drop to 459,1,1,6
Caswell Hall,43,43,7
Olney House,9,9,7
Harkness House,17,17,7
Marcy House,11,11,7
Hegeman,36,42,7
Goddard House,29,30,7
Morriss Hall,3,3,7
Young Orchard #4,9,12,7
Drop to 529,1,1,7
Young Orchard #2,1,13,7
Hope College,7,11,7
Drop to 523,1,1,7
New Pembroke #3,10,10,7
New Pembroke #2,11,11,7
Champlin,4,4,7
No Show,56,59,7
Woolley,29,30,7
Grad Center C,19,19,7
Drop to 508,1,1,7
New Pembroke #4,21,21,7
Drop to 159,1,1,7
Metcalf,24,33,7
Drop to 463,3,3,7
Plantations House,6,10,7
Grad Center B,19,19,7
Drop to 171,1,1,7
Slater Hall,16,23,7
Sears House,24,24,7
Jameson House,8,8,7
Chapin House,20,20,7
Drop to 603,1,1,7
Young Orchard #10,11,13,7
Grad Center A,17,17,7
Barbour Hall,14,16,7
111 Brown Street,6,6,7
Drop to 649,1,1,7
Minden,40,49,7
Bronson House,7,7,7
Mead House,10,10,7
Archibald House,12,12,7
Drop to 280,1,1,7
Emery,15,17,7
Gregorian Quad A,38,52,7
Drop to 494,1,1,7
Drop to 536,1,1,7
Drop to 351,1,1,7
West Andrews,10,28,7
Poland House,19,19,7
New Pembroke #1,18,18,7
Wayland House,16,18,7
Drop to 162,1,1,7
Drop to 354,1,1,7
Gregorian Quad B,42,53,7
Everett House,5,5,7
Miller,13,20,7
Barbour Hall Apartments,22,25,7
Drop to 276,2,2,7
Drop to 108,0,1,7
Drop to 670,1,1,7
Drop to 396,1,1,7
Drop to 633,1,1,7
Grad Center D,18,18,7
Diman House,29,29,7
East Andrews,10,29,7
Pass,83,83,7
Machado,5,5,7
Drop to 591,1,1,7
Drop to 459,1,1,7
Caswell Hall,43,43,8
Olney House,9,9,8
Harkness House,17,17,8
Marcy House,11,11,8
Hegeman,34,42,8
Goddard House,29,30,8
Morriss Hall,3,3,8
Young Orchard #4,4,12,8
Drop to 529,1,1,8
Young Orchard #2,1,13,8
Hope College,6,11,8
Drop to 523,1,1,8
New Pembroke #3,10,10,8
New Pembroke #2,11,11,8
Champlin,4,4,8
No Show,55,59,8
Woolley,28,30,8
Grad Center C,19,19,8
Drop to 508,1,1,8
New Pembroke #4,21,21,8
Drop to 159,0,1,8
Metcalf,23,33,8
Drop to 463,3,3,8
Plantations House,6,10,8
Grad Center B,19,19,8
Drop to 171,1,1,8
Slater Hall,15,23,8
Sears House,24,24,8
Jameson House,8,8,8
Chapin House,20,20,8
Drop to 603,1,1,8
Young Orchard #10,11,13,8
Grad Center A,17,17,8
Barbour Hall,14,16,8
111 Brown Street,6,6,8
Drop to 649,1,1,8
Minden,40,49,8
Bronson House,7,7,8
Mead House,10,10,8
Archibald House,12,12,8
Drop to 280,1,1,8
Emery,15,17,8
Gregorian Quad A,38,52,8
Drop to 494,1,1,8
Drop to 536,1,1,8
Drop to 351,1,1,8
West Andrews,8,28,8
Poland House,19,19,8
New Pembroke #1,18,18,8
Wayland House,16,18,8
Drop to 162,1,1,8
Drop to 354,1,1,8
Gregorian Quad B,39,53,8
Everett House,5,5,8
Miller,12,20,8
Barbour Hall Apartments,22,25,8
Drop to 276,2,2,8
Drop to 108,0,1,8
Drop to 670,1,1,8
Drop to 396,1,1,8
Drop to 633,1,1,8
Grad Center D,18,18,8
Diman House,29,29,8
East Andrews,8,29,8
Pass,83,83,8
Machado,5,5,8
Drop to 591,1,1,8
Drop to 459,1,1,8
Caswell Hall,43,43,9
Olney House,9,9,9
Harkness House,17,17,9
Marcy House,11,11,9
Hegeman,34,42,9
Goddard House,29,30,9
Morriss Hall,3,3,9
Young Orchard #4,2,12,9
Drop to 529,1,1,9
Young Orchard #2,1,13,9
Hope College,6,11,9
Drop to 523,1,1,9
New Pembroke #3,10,10,9
New Pembroke #2,11,11,9
Champlin,4,4,9
No Show,55,59,9
Woolley,28,30,9
Grad Center C,19,19,9
Drop to 508,1,1,9
New Pembroke #4,21,21,9
Drop to 159,0,1,9
Metcalf,23,33,9
Drop to 463,3,3,9
Plantations House,6,10,9
Grad Center B,19,19,9
Drop to 171,0,1,9
Slater Hall,15,23,9
Sears House,24,24,9
Jameson House,8,8,9
Chapin House,20,20,9
Drop to 603,1,1,9
Young Orchard #10,10,13,9
Grad Center A,17,17,9
Barbour Hall,14,16,9
111 Brown Street,6,6,9
Drop to 649,1,1,9
Minden,39,49,9
Bronson House,7,7,9
Mead House,10,10,9
Archibald House,12,12,9
Drop to 280,1,1,9
Emery,15,17,9
Gregorian Quad A,34,52,9
Drop to 494,1,1,9
Drop to 536,1,1,9
Drop to 351,1,1,9
West Andrews,5,28,9
Poland House,19,19,9
New Pembroke #1,18,18,9
Wayland House,16,18,9
Drop to 162,0,1,9
Drop to 354,1,1,9
Gregorian Quad B,33,53,9
Everett House,5,5,9
Miller,11,20,9
Barbour Hall Apartments,22,25,9
Drop to 276,2,2,9
Drop to 108,0,1,9
Drop to 670,1,1,9
Drop to 396,1,1,9
Drop to 633,1,1,9
Grad Center D,18,18,9
Diman House,29,29,9
East Andrews,6,29,9
Pass,83,83,9
Machado,5,5,9
Drop to 591,1,1,9
Drop to 459,1,1,9
Caswell Hall,43,43,10
Olney House,9,9,10
Harkness House,17,17,10
Marcy House,11,11,10
Hegeman,34,42,10
Goddard House,29,30,10
Morriss Hall,3,3,10
Young Orchard #4,1,12,10
Drop to 529,1,1,10
Young Orchard #2,1,13,10
Hope College,6,11,10
Drop to 523,1,1,10
New Pembroke #3,10,10,10
New Pembroke #2,11,11,10
Champlin,3,4,10
No Show,54,59,10
Woolley,28,30,10
Grad Center C,19,19,10
Drop to 508,1,1,10
New Pembroke #4,21,21,10
Drop to 159,0,1,10
Metcalf,22,33,10
Drop to 463,3,3,10
Plantations House,6,10,10
Grad Center B,19,19,10
Drop to 171,0,1,10
Slater Hall,15,23,10
Sears House,24,24,10
Jameson House,8,8,10
Chapin House,20,20,10
Drop to 603,1,1,10
Young Orchard #10,6,13,10
Grad Center A,17,17,10
Barbour Hall,14,16,10
111 Brown Street,6,6,10
Drop to 649,1,1,10
Minden,38,49,10
Bronson House,7,7,10
Mead House,10,10,10
Archibald House,12,12,10
Drop to 280,1,1,10
Emery,15,17,10
Gregorian Quad A,33,52,10
Drop to 494,1,1,10
Drop to 536,1,1,10
Drop to 351,1,1,10
West Andrews,4,28,10
Poland House,19,19,10
New Pembroke #1,18,18,10
Wayland House,12,18,10
Drop to 162,0,1,10
Drop to 354,1,1,10
Gregorian Quad B,29,53,10
Everett House,5,5,10
Miller,11,20,10
Barbour Hall Apartments,22,25,10
Drop to 276,2,2,10
Drop to 108,0,1,10
Drop to 670,1,1,10
Drop to 396,1,1,10
Drop to 633,1,1,10
Grad Center D,18,18,10
Diman House,29,29,10
East Andrews,2,29,10
Pass,83,83,10
Machado,5,5,10
Drop to 591,1,1,10
Drop to 459,1,1,10
Caswell Hall,43,43,10
Olney House,9,9,10
Harkness House,17,17,10
Marcy House,11,11,10
Hegeman,34,42,10
Goddard House,29,30,10
Morriss Hall,3,3,10
Young Orchard #4,1,12,10
Drop to 529,1,1,10
Young Orchard #2,1,13,10
Hope College,6,11,10
Drop to 523,1,1,10
New Pembroke #3,10,10,10
New Pembroke #2,11,11,10
Champlin,3,4,10
No Show,54,59,10
Woolley,28,30,10
Grad Center C,19,19,10
Drop to 508,1,1,10
New Pembroke #4,21,21,10
Drop to 159,0,1,10
Metcalf,21,33,10
Drop to 463,3,3,10
Plantations House,6,10,10
Grad Center B,19,19,10
Drop to 171,0,1,10
Slater Hall,15,23,10
Sears House,24,24,10
Jameson House,8,8,10
Chapin House,20,20,10
Drop to 603,1,1,10
Young Orchard #10,6,13,10
Grad Center A,17,17,10
Barbour Hall,14,16,10
111 Brown Street,6,6,10
Drop to 649,1,1,10
Minden,38,49,10
Bronson House,7,7,10
Mead House,10,10,10
Archibald House,12,12,10
Drop to 280,1,1,10
Emery,15,17,10
Gregorian Quad A,33,52,10
Drop to 494,1,1,10
Drop to 536,1,1,10
Drop to 351,1,1,10
West Andrews,4,28,10
Poland House,19,19,10
New Pembroke #1,18,18,10
Wayland House,12,18,10
Drop to 162,0,1,10
Drop to 354,1,1,10
Gregorian Quad B,29,53,10
Everett House,5,5,10
Miller,11,20,10
Barbour Hall Apartments,22,25,10
Drop to 276,2,2,10
Drop to 108,0,1,10
Drop to 670,1,1,10
Drop to 396,1,1,10
Drop to 633,1,1,10
Grad Center D,18,18,10
Diman House,29,29,10
East Andrews,2,29,10
Pass,83,83,10
Machado,5,5,10
Drop to 591,1,1,10
Drop to 459,1,1,10
Caswell Hall,43,43,11
Olney House,9,9,11
Harkness House,17,17,11
Marcy House,11,11,11
Hegeman,32,42,11
Goddard House,29,30,11
Morriss Hall,3,3,11
Young Orchard #4,1,12,11
Drop to 529,1,1,11
Young Orchard #2,1,13,11
Hope College,6,11,11
Drop to 523,1,1,11
New Pembroke #3,9,10,11
New Pembroke #2,11,11,11
Champlin,3,4,11
No Show,52,59,11
Woolley,28,30,11
Grad Center C,19,19,11
Drop to 508,1,1,11
New Pembroke #4,20,21,11
Drop to 159,0,1,11
Metcalf,17,33,11
Drop to 463,3,3,11
Plantations House,6,10,11
Grad Center B,19,19,11
Drop to 171,0,1,11
Slater Hall,13,23,11
Sears House,22,24,11
Jameson House,8,8,11
Chapin House,20,20,11
Drop to 603,1,1,11
Young Orchard #10,4,13,11
Grad Center A,17,17,11
Barbour Hall,14,16,11
111 Brown Street,6,6,11
Drop to 649,1,1,11
Minden,38,49,11
Bronson House,7,7,11
Mead House,10,10,11
Archibald House,12,12,11
Drop to 280,1,1,11
Emery,15,17,11
Gregorian Quad A,33,52,11
Drop to 494,1,1,11
Drop to 536,1,1,11
Drop to 351,1,1,11
West Andrews,1,28,11
Poland House,19,19,11
New Pembroke #1,18,18,11
Wayland House,12,18,11
Drop to 162,0,1,11
Drop to 354,1,1,11
Gregorian Quad B,29,53,11
Everett House,5,5,11
Miller,9,20,11
Barbour Hall Apartments,22,25,11
Drop to 276,2,2,11
Drop to 108,0,1,11
Drop to 670,1,1,11
Drop to 396,1,1,11
Drop to 633,1,1,11
Grad Center D,18,18,11
Diman House,29,29,11
East Andrews,2,29,11
Pass,83,83,11
Machado,5,5,11
Drop to 591,1,1,11
Drop to 459,1,1,11
Caswell Hall,43,43,12
Olney House,8,9,12
Harkness House,17,17,12
Marcy House,11,11,12
Hegeman,32,42,12
Goddard House,29,30,12
Morriss Hall,3,3,12
Young Orchard #4,0,12,12
Drop to 529,1,1,12
Young Orchard #2,1,13,12
Hope College,5,11,12
Drop to 523,1,1,12
New Pembroke #3,9,10,12
New Pembroke #2,11,11,12
Champlin,3,4,12
No Show,51,59,12
Woolley,28,30,12
Grad Center C,19,19,12
Drop to 508,1,1,12
New Pembroke #4,20,21,12
Drop to 159,0,1,12
Metcalf,12,33,12
Drop to 463,3,3,12
Plantations House,6,10,12
Grad Center B,19,19,12
Drop to 171,0,1,12
Slater Hall,13,23,12
Sears House,22,24,12
Jameson House,8,8,12
Chapin House,20,20,12
Drop to 603,1,1,12
Young Orchard #10,3,13,12
Grad Center A,17,17,12
Barbour Hall,14,16,12
111 Brown Street,6,6,12
Drop to 649,1,1,12
Minden,38,49,12
Bronson House,7,7,12
Mead House,10,10,12
Archibald House,12,12,12
Drop to 280,1,1,12
Emery,13,17,12
Gregorian Quad A,33,52,12
Drop to 494,1,1,12
Drop to 536,1,1,12
Drop to 351,1,1,12
West Andrews,1,28,12
Poland House,19,19,12
New Pembroke #1,18,18,12
Wayland House,6,18,12
Drop to 162,0,1,12
Drop to 354,1,1,12
Gregorian Quad B,29,53,12
Everett House,5,5,12
Miller,9,20,12
Barbour Hall Apartments,22,25,12
Drop to 276,2,2,12
Drop to 108,0,1,12
Drop to 670,1,1,12
Drop to 396,1,1,12
Drop to 633,1,1,12
Grad Center D,18,18,12
Diman House,29,29,12
East Andrews,2,29,12
Pass,83,83,12
Machado,5,5,12
Drop to 591,1,1,12
Drop to 459,1,1,12
Caswell Hall,43,43,12
Olney House,8,9,12
Harkness House,17,17,12
Marcy House,11,11,12
Hegeman,32,42,12
Goddard House,29,30,12
Morriss Hall,3,3,12
Young Orchard #4,0,12,12
Drop to 529,1,1,12
Young Orchard #2,1,13,12
Hope College,5,11,12
Drop to 523,1,1,12
New Pembroke #3,9,10,12
New Pembroke #2,11,11,12
Champlin,3,4,12
No Show,51,59,12
Woolley,28,30,12
Grad Center C,19,19,12
Drop to 508,1,1,12
New Pembroke #4,20,21,12
Drop to 159,0,1,12
Metcalf,11,33,12
Drop to 463,3,3,12
Plantations House,6,10,12
Grad Center B,19,19,12
Drop to 171,0,1,12
Slater Hall,13,23,12
Sears House,22,24,12
Jameson House,8,8,12
Chapin House,20,20,12
Drop to 603,1,1,12
Young Orchard #10,3,13,12
Grad Center A,17,17,12
Barbour Hall,14,16,12
111 Brown Street,6,6,12
Drop to 649,1,1,12
Minden,38,49,12
Bronson House,7,7,12
Mead House,10,10,12
Archibald House,12,12,12
Drop to 280,1,1,12
Emery,13,17,12
Gregorian Quad A,33,52,12
Drop to 494,1,1,12
Drop to 536,1,1,12
Drop to 351,1,1,12
West Andrews,1,28,12
Poland House,19,19,12
New Pembroke #1,18,18,12
Wayland House,6,18,12
Drop to 162,0,1,12
Drop to 354,1,1,12
Gregorian Quad B,29,53,12
Everett House,5,5,12
Miller,9,20,12
Barbour Hall Apartments,22,25,12
Drop to 276,2,2,12
Drop to 108,0,1,12
Drop to 670,1,1,12
Drop to 396,1,1,12
Drop to 633,1,1,12
Grad Center D,18,18,12
Diman House,29,29,12
East Andrews,2,29,12
Pass,83,83,12
Machado,5,5,12
Drop to 591,1,1,12
Drop to 459,1,1,12
Caswell Hall,43,43,12
Olney House,8,9,12
Harkness House,17,17,12
Marcy House,11,11,12
Hegeman,32,42,12
Goddard House,29,30,12
Morriss Hall,3,3,12
Young Orchard #4,0,12,12
Drop to 529,1,1,12
Young Orchard #2,1,13,12
Hope College,5,11,12
Drop to 523,1,1,12
New Pembroke #3,9,10,12
New Pembroke #2,11,11,12
Champlin,3,4,12
No Show,51,59,12
Woolley,28,30,12
Grad Center C,19,19,12
Drop to 508,1,1,12
New Pembroke #4,20,21,12
Drop to 159,0,1,12
Metcalf,10,33,12
Drop to 463,3,3,12
Plantations House,6,10,12
Grad Center B,19,19,12
Drop to 171,0,1,12
Slater Hall,13,23,12
Sears House,22,24,12
Jameson House,8,8,12
Chapin House,20,20,12
Drop to 603,1,1,12
Young Orchard #10,3,13,12
Grad Center A,17,17,12
Barbour Hall,14,16,12
111 Brown Street,6,6,12
Drop to 649,1,1,12
Minden,38,49,12
Bronson House,7,7,12
Mead House,10,10,12
Archibald House,12,12,12
Drop to 280,1,1,12
Emery,13,17,12
Gregorian Quad A,33,52,12
Drop to 494,1,1,12
Drop to 536,1,1,12
Drop to 351,1,1,12
West Andrews,1,28,12
Poland House,19,19,12
New Pembroke #1,18,18,12
Wayland House,6,18,12
Drop to 162,0,1,12
Drop to 354,1,1,12
Gregorian Quad B,29,53,12
Everett House,5,5,12
Miller,9,20,12
Barbour Hall Apartments,22,25,12
Drop to 276,2,2,12
Drop to 108,0,1,12
Drop to 670,1,1,12
Drop to 396,1,1,12
Drop to 633,1,1,12
Grad Center D,18,18,12
Diman House,29,29,12
East Andrews,2,29,12
Pass,83,83,12
Machado,5,5,12
Drop to 591,1,1,12
Drop to 459,1,1,12
Caswell Hall,43,43,13
Olney House,8,9,13
Harkness House,17,17,13
Marcy House,11,11,13
Hegeman,32,42,13
Goddard House,28,30,13
Morriss Hall,3,3,13
Young Orchard #4,0,12,13
Drop to 529,1,1,13
Young Orchard #2,1,13,13
Hope College,4,11,13
Drop to 523,1,1,13
New Pembroke #3,9,10,13
New Pembroke #2,11,11,13
Champlin,3,4,13
No Show,49,59,13
Woolley,27,30,13
Grad Center C,19,19,13
Drop to 508,1,1,13
New Pembroke #4,20,21,13
Drop to 159,0,1,13
Metcalf,8,33,13
Drop to 463,3,3,13
Plantations House,6,10,13
Grad Center B,19,19,13
Drop to 171,0,1,13
Slater Hall,13,23,13
Sears House,20,24,13
Jameson House,8,8,13
Chapin House,20,20,13
Drop to 603,1,1,13
Young Orchard #10,1,13,13
Grad Center A,17,17,13
Barbour Hall,14,16,13
111 Brown Street,6,6,13
Drop to 649,1,1,13
Minden,38,49,13
Bronson House,7,7,13
Mead House,10,10,13
Archibald House,12,12,13
Drop to 280,1,1,13
Emery,12,17,13
Gregorian Quad A,33,52,13
Drop to 494,1,1,13
Drop to 536,1,1,13
Drop to 351,1,1,13
West Andrews,1,28,13
Poland House,19,19,13
New Pembroke #1,18,18,13
Wayland House,4,18,13
Drop to 162,0,1,13
Drop to 354,1,1,13
Gregorian Quad B,29,53,13
Everett House,5,5,13
Miller,5,20,13
Barbour Hall Apartments,22,25,13
Drop to 276,2,2,13
Drop to 108,0,1,13
Drop to 670,1,1,13
Drop to 396,1,1,13
Drop to 633,1,1,13
Grad Center D,18,18,13
Diman House,29,29,13
East Andrews,2,29,13
Pass,83,83,13
Machado,5,5,13
Drop to 591,1,1,13
Drop to 459,1,1,13
Caswell Hall,43,43,14
Olney House,8,9,14
Harkness House,17,17,14
Marcy House,11,11,14
Hegeman,32,42,14
Goddard House,25,30,14
Morriss Hall,3,3,14
Young Orchard #4,0,12,14
Drop to 529,1,1,14
Young Orchard #2,0,13,14
Hope College,1,11,14
Drop to 523,1,1,14
New Pembroke #3,9,10,14
New Pembroke #2,11,11,14
Champlin,3,4,14
No Show,49,59,14
Woolley,23,30,14
Grad Center C,19,19,14
Drop to 508,1,1,14
New Pembroke #4,20,21,14
Drop to 159,0,1,14
Metcalf,4,33,14
Drop to 463,3,3,14
Plantations House,6,10,14
Grad Center B,19,19,14
Drop to 171,0,1,14
Slater Hall,13,23,14
Sears House,20,24,14
Jameson House,8,8,14
Chapin House,20,20,14
Drop to 603,1,1,14
Young Orchard #10,0,13,14
Grad Center A,17,17,14
Barbour Hall,14,16,14
111 Brown Street,6,6,14
Drop to 649,1,1,14
Minden,35,49,14
Bronson House,7,7,14
Mead House,10,10,14
Archibald House,12,12,14
Drop to 280,1,1,14
Emery,12,17,14
Gregorian Quad A,33,52,14
Drop to 494,1,1,14
Drop to 536,1,1,14
Drop to 351,1,1,14
West Andrews,1,28,14
Poland House,19,19,14
New Pembroke #1,18,18,14
Wayland House,2,18,14
Drop to 162,0,1,14
Drop to 354,1,1,14
Gregorian Quad B,29,53,14
Everett House,5,5,14
Miller,5,20,14
Barbour Hall Apartments,22,25,14
Drop to 276,2,2,14
Drop to 108,0,1,14
Drop to 670,1,1,14
Drop to 396,1,1,14
Drop to 633,1,1,14
Grad Center D,18,18,14
Diman House,29,29,14
East Andrews,2,29,14
Pass,83,83,14
Machado,5,5,14
Drop to 591,1,1,14
Drop to 459,1,1,14
Caswell Hall,43,43,15
Olney House,8,9,15
Harkness House,17,17,15
Marcy House,11,11,15
Hegeman,29,42,15
Goddard House,25,30,15
Morriss Hall,3,3,15
Young Orchard #4,0,12,15
Drop to 529,1,1,15
Young Orchard #2,0,13,15
Hope College,0,11,15
Drop to 523,1,1,15
New Pembroke #3,9,10,15
New Pembroke #2,11,11,15
Champlin,3,4,15
No Show,46,59,15
Woolley,21,30,15
Grad Center C,19,19,15
Drop to 508,1,1,15
New Pembroke #4,20,21,15
Drop to 159,0,1,15
Metcalf,2,33,15
Drop to 463,3,3,15
Plantations House,6,10,15
Grad Center B,19,19,15
Drop to 171,0,1,15
Slater Hall,13,23,15
Sears House,20,24,15
Jameson House,8,8,15
Chapin House,20,20,15
Drop to 603,1,1,15
Young Orchard #10,0,13,15
Grad Center A,17,17,15
Barbour Hall,14,16,15
111 Brown Street,6,6,15
Drop to 649,1,1,15
Minden,34,49,15
Bronson House,7,7,15
Mead House,10,10,15
Archibald House,12,12,15
Drop to 280,1,1,15
Emery,12,17,15
Gregorian Quad A,31,52,15
Drop to 494,1,1,15
Drop to 536,1,1,15
Drop to 351,1,1,15
West Andrews,1,28,15
Poland House,19,19,15
New Pembroke #1,18,18,15
Wayland House,2,18,15
Drop to 162,0,1,15
Drop to 354,1,1,15
Gregorian Quad B,28,53,15
Everett House,5,5,15
Miller,3,20,15
Barbour Hall Apartments,22,25,15
Drop to 276,1,2,15
Drop to 108,0,1,15
Drop to 670,1,1,15
Drop to 396,1,1,15
Drop to 633,1,1,15
Grad Center D,18,18,15
Diman House,29,29,15
East Andrews,2,29,15
Pass,83,83,15
Machado,5,5,15
Drop to 591,1,1,15
Drop to 459,1,1,15
Caswell Hall,43,43,16
Olney House,7,9,16
Harkness House,17,17,16
Marcy House,10,11,16
Hegeman,28,42,16
Goddard House,25,30,16
Morriss Hall,3,3,16
Young Orchard #4,0,12,16
Drop to 529,1,1,16
Young Orchard #2,0,13,16
Hope College,0,11,16
Drop to 523,1,1,16
New Pembroke #3,9,10,16
New Pembroke #2,10,11,16
Champlin,3,4,16
No Show,42,59,16
Woolley,20,30,16
Grad Center C,19,19,16
Drop to 508,1,1,16
New Pembroke #4,20,21,16
Drop to 159,0,1,16
Metcalf,0,33,16
Drop to 463,3,3,16
Plantations House,6,10,16
Grad Center B,19,19,16
Drop to 171,0,1,16
Slater Hall,13,23,16
Sears House,19,24,16
Jameson House,8,8,16
Chapin House,20,20,16
Drop to 603,1,1,16
Young Orchard #10,0,13,16
Grad Center A,17,17,16
Barbour Hall,14,16,16
111 Brown Street,6,6,16
Drop to 649,1,1,16
Minden,34,49,16
Bronson House,7,7,16
Mead House,10,10,16
Archibald House,12,12,16
Drop to 280,1,1,16
Emery,10,17,16
Gregorian Quad A,30,52,16
Drop to 494,1,1,16
Drop to 536,1,1,16
Drop to 351,1,1,16
West Andrews,1,28,16
Poland House,19,19,16
New Pembroke #1,18,18,16
Wayland House,2,18,16
Drop to 162,0,1,16
Drop to 354,1,1,16
Gregorian Quad B,27,53,16
Everett House,5,5,16
Miller,2,20,16
Barbour Hall Apartments,22,25,16
Drop to 276,0,2,16
Drop to 108,0,1,16
Drop to 670,1,1,16
Drop to 396,1,1,16
Drop to 633,1,1,16
Grad Center D,18,18,16
Diman House,29,29,16
East Andrews,2,29,16
Pass,82,83,16
Machado,5,5,16
Drop to 591,1,1,16
Drop to 459,1,1,16
Caswell Hall,43,43,17
Olney House,7,9,17
Harkness House,17,17,17
Marcy House,10,11,17
Hegeman,28,42,17
Goddard House,19,30,17
Morriss Hall,3,3,17
Young Orchard #4,0,12,17
Drop to 529,1,1,17
Young Orchard #2,0,13,17
Hope College,0,11,17
Drop to 523,1,1,17
New Pembroke #3,9,10,17
New Pembroke #2,10,11,17
Champlin,2,4,17
No Show,40,59,17
Woolley,16,30,17
Grad Center C,19,19,17
Drop to 508,1,1,17
New Pembroke #4,20,21,17
Drop to 159,0,1,17
Metcalf,0,33,17
Drop to 463,3,3,17
Plantations House,6,10,17
Grad Center B,19,19,17
Drop to 171,0,1,17
Slater Hall,12,23,17
Sears House,19,24,17
Jameson House,8,8,17
Chapin House,19,20,17
Drop to 603,1,1,17
Young Orchard #10,0,13,17
Grad Center A,17,17,17
Barbour Hall,14,16,17
111 Brown Street,6,6,17
Drop to 649,1,1,17
Minden,34,49,17
Bronson House,7,7,17
Mead House,10,10,17
Archibald House,11,12,17
Drop to 280,1,1,17
Emery,8,17,17
Gregorian Quad A,27,52,17
Drop to 494,1,1,17
Drop to 536,1,1,17
Drop to 351,1,1,17
West Andrews,1,28,17
Poland House,17,19,17
New Pembroke #1,18,18,17
Wayland House,2,18,17
Drop to 162,0,1,17
Drop to 354,1,1,17
Gregorian Quad B,24,53,17
Everett House,5,5,17
Miller,2,20,17
Barbour Hall Apartments,22,25,17
Drop to 276,0,2,17
Drop to 108,0,1,17
Drop to 670,1,1,17
Drop to 396,1,1,17
Drop to 633,1,1,17
Grad Center D,18,18,17
Diman House,29,29,17
East Andrews,2,29,17
Pass,82,83,17
Machado,5,5,17
Drop to 591,1,1,17
Drop to 459,1,1,17
Caswell Hall,43,43,18
Olney House,7,9,18
Harkness House,17,17,18
Marcy House,10,11,18
Hegeman,26,42,18
Goddard House,11,30,18
Morriss Hall,3,3,18
Young Orchard #4,0,12,18
Drop to 529,1,1,18
Young Orchard #2,0,13,18
Hope College,0,11,18
Drop to 523,1,1,18
New Pembroke #3,9,10,18
New Pembroke #2,10,11,18
Champlin,2,4,18
No Show,39,59,18
Woolley,15,30,18
Grad Center C,19,19,18
Drop to 508,1,1,18
New Pembroke #4,20,21,18
Drop to 159,0,1,18
Metcalf,0,33,18
Drop to 463,3,3,18
Plantations House,6,10,18
Grad Center B,19,19,18
Drop to 171,0,1,18
Slater Hall,12,23,18
Sears House,16,24,18
Jameson House,8,8,18
Chapin House,19,20,18
Drop to 603,1,1,18
Young Orchard #10,0,13,18
Grad Center A,17,17,18
Barbour Hall,14,16,18
111 Brown Street,6,6,18
Drop to 649,1,1,18
Minden,32,49,18
Bronson House,7,7,18
Mead House,10,10,18
Archibald House,11,12,18
Drop to 280,0,1,18
Emery,8,17,18
Gregorian Quad A,26,52,18
Drop to 494,1,1,18
Drop to 536,1,1,18
Drop to 351,0,1,18
West Andrews,1,28,18
Poland House,17,19,18
New Pembroke #1,18,18,18
Wayland House,2,18,18
Drop to 162,0,1,18
Drop to 354,1,1,18
Gregorian Quad B,22,53,18
Everett House,5,5,18
Miller,2,20,18
Barbour Hall Apartments,22,25,18
Drop to 276,0,2,18
Drop to 108,0,1,18
Drop to 670,1,1,18
Drop to 396,1,1,18
Drop to 633,1,1,18
Grad Center D,18,18,18
Diman House,29,29,18
East Andrews,2,29,18
Pass,82,83,18
Machado,3,5,18
Drop to 591,1,1,18
Drop to 459,1,1,18
Caswell Hall,43,43,19
Olney House,7,9,19
Harkness House,17,17,19
Marcy House,10,11,19
Hegeman,22,42,19
Goddard House,7,30,19
Morriss Hall,3,3,19
Young Orchard #4,0,12,19
Drop to 529,1,1,19
Young Orchard #2,0,13,19
Hope College,0,11,19
Drop to 523,1,1,19
New Pembroke #3,9,10,19
New Pembroke #2,10,11,19
Champlin,1,4,19
No Show,38,59,19
Woolley,14,30,19
Grad Center C,19,19,19
Drop to 508,1,1,19
New Pembroke #4,20,21,19
Drop to 159,0,1,19
Metcalf,0,33,19
Drop to 463,3,3,19
Plantations House,6,10,19
Grad Center B,19,19,19
Drop to 171,0,1,19
Slater Hall,11,23,19
Sears House,16,24,19
Jameson House,8,8,19
Chapin House,18,20,19
Drop to 603,1,1,19
Young Orchard #10,0,13,19
Grad Center A,16,17,19
Barbour Hall,14,16,19
111 Brown Street,6,6,19
Drop to 649,1,1,19
Minden,32,49,19
Bronson House,7,7,19
Mead House,10,10,19
Archibald House,11,12,19
Drop to 280,0,1,19
Emery,8,17,19
Gregorian Quad A,22,52,19
Drop to 494,1,1,19
Drop to 536,1,1,19
Drop to 351,0,1,19
West Andrews,1,28,19
Poland House,17,19,19
New Pembroke #1,18,18,19
Wayland House,2,18,19
Drop to 162,0,1,19
Drop to 354,1,1,19
Gregorian Quad B,19,53,19
Everett House,5,5,19
Miller,2,20,19
Barbour Hall Apartments,22,25,19
Drop to 276,0,2,19
Drop to 108,0,1,19
Drop to 670,1,1,19
Drop to 396,1,1,19
Drop to 633,1,1,19
Grad Center D,18,18,19
Diman House,29,29,19
East Andrews,2,29,19
Pass,82,83,19
Machado,3,5,19
Drop to 591,1,1,19
Drop to 459,1,1,19
Caswell Hall,43,43,20
Olney House,7,9,20
Harkness House,17,17,20
Marcy House,10,11,20
Hegeman,18,42,20
Goddard House,7,30,20
Morriss Hall,3,3,20
Young Orchard #4,0,12,20
Drop to 529,1,1,20
Young Orchard #2,0,13,20
Hope College,0,11,20
Drop to 523,1,1,20
New Pembroke #3,8,10,20
New Pembroke #2,10,11,20
Champlin,1,4,20
No Show,38,59,20
Woolley,14,30,20
Grad Center C,19,19,20
Drop to 508,1,1,20
New Pembroke #4,20,21,20
Drop to 159,0,1,20
Metcalf,0,33,20
Drop to 463,3,3,20
Plantations House,6,10,20
Grad Center B,19,19,20
Drop to 171,0,1,20
Slater Hall,11,23,20
Sears House,16,24,20
Jameson House,8,8,20
Chapin House,18,20,20
Drop to 603,1,1,20
Young Orchard #10,0,13,20
Grad Center A,16,17,20
Barbour Hall,14,16,20
111 Brown Street,6,6,20
Drop to 649,1,1,20
Minden,32,49,20
Bronson House,7,7,20
Mead House,10,10,20
Archibald House,11,12,20
Drop to 280,0,1,20
Emery,7,17,20
Gregorian Quad A,17,52,20
Drop to 494,1,1,20
Drop to 536,1,1,20
Drop to 351,0,1,20
West Andrews,1,28,20
Poland House,17,19,20
New Pembroke #1,18,18,20
Wayland House,2,18,20
Drop to 162,0,1,20
Drop to 354,1,1,20
Gregorian Quad B,14,53,20
Everett House,5,5,20
Miller,2,20,20
Barbour Hall Apartments,20,25,20
Drop to 276,0,2,20
Drop to 108,0,1,20
Drop to 670,1,1,20
Drop to 396,1,1,20
Drop to 633,1,1,20
Grad Center D,18,18,20
Diman House,29,29,20
East Andrews,2,29,20
Pass,82,83,20
Machado,3,5,20
Drop to 591,1,1,20
Drop to 459,1,1,20
Caswell Hall,43,43,21
Olney House,7,9,21
Harkness House,17,17,21
Marcy House,10,11,21
Hegeman,16,42,21
Goddard House,7,30,21
Morriss Hall,3,3,21
Young Orchard #4,0,12,21
Drop to 529,1,1,21
Young Orchard #2,0,13,21
Hope College,0,11,21
Drop to 523,1,1,21
New Pembroke #3,8,10,21
New Pembroke #2,10,11,21
Champlin,0,4,21
No Show,38,59,21
Woolley,11,30,21
Grad Center C,19,19,21
Drop to 508,1,1,21
New Pembroke #4,19,21,21
Drop to 159,0,1,21
Metcalf,0,33,21
Drop to 463,3,3,21
Plantations House,6,10,21
Grad Center B,18,19,21
Drop to 171,0,1,21
Slater Hall,7,23,21
Sears House,16,24,21
Jameson House,8,8,21
Chapin House,16,20,21
Drop to 603,1,1,21
Young Orchard #10,0,13,21
Grad Center A,16,17,21
Barbour Hall,14,16,21
111 Brown Street,6,6,21
Drop to 649,1,1,21
Minden,31,49,21
Bronson House,7,7,21
Mead House,10,10,21
Archibald House,10,12,21
Drop to 280,0,1,21
Emery,1,17,21
Gregorian Quad A,17,52,21
Drop to 494,1,1,21
Drop to 536,1,1,21
Drop to 351,0,1,21
West Andrews,1,28,21
Poland House,17,19,21
New Pembroke #1,18,18,21
Wayland House,1,18,21
Drop to 162,0,1,21
Drop to 354,1,1,21
Gregorian Quad B,13,53,21
Everett House,5,5,21
Miller,2,20,21
Barbour Hall Apartments,20,25,21
Drop to 276,0,2,21
Drop to 108,0,1,21
Drop to 670,1,1,21
Drop to 396,1,1,21
Drop to 633,1,1,21
Grad Center D,18,18,21
Diman House,29,29,21
East Andrews,2,29,21
Pass,82,83,21
Machado,3,5,21
Drop to 591,1,1,21
Drop to 459,1,1,21
Caswell Hall,43,43,22
Olney House,7,9,22
Harkness House,17,17,22
Marcy House,10,11,22
Hegeman,14,42,22
Goddard House,7,30,22
Morriss Hall,3,3,22
Young Orchard #4,0,12,22
Drop to 529,1,1,22
Young Orchard #2,0,13,22
Hope College,0,11,22
Drop to 523,1,1,22
New Pembroke #3,8,10,22
New Pembroke #2,10,11,22
Champlin,0,4,22
No Show,38,59,22
Woolley,3,30,22
Grad Center C,19,19,22
Drop to 508,1,1,22
New Pembroke #4,17,21,22
Drop to 159,0,1,22
Metcalf,0,33,22
Drop to 463,3,3,22
Plantations House,6,10,22
Grad Center B,18,19,22
Drop to 171,0,1,22
Slater Hall,7,23,22
Sears House,16,24,22
Jameson House,8,8,22
Chapin House,16,20,22
Drop to 603,1,1,22
Young Orchard #10,0,13,22
Grad Center A,16,17,22
Barbour Hall,14,16,22
111 Brown Street,6,6,22
Drop to 649,1,1,22
Minden,31,49,22
Bronson House,7,7,22
Mead House,10,10,22
Archibald House,10,12,22
Drop to 280,0,1,22
Emery,0,17,22
Gregorian Quad A,9,52,22
Drop to 494,1,1,22
Drop to 536,1,1,22
Drop to 351,0,1,22
West Andrews,1,28,22
Poland House,17,19,22
New Pembroke #1,18,18,22
Wayland House,1,18,22
Drop to 162,0,1,22
Drop to 354,0,1,22
Gregorian Quad B,10,53,22
Everett House,4,5,22
Miller,2,20,22
Barbour Hall Apartments,19,25,22
Drop to 276,0,2,22
Drop to 108,0,1,22
Drop to 670,1,1,22
Drop to 396,0,1,22
Drop to 633,1,1,22
Grad Center D,18,18,22
Diman House,29,29,22
East Andrews,2,29,22
Pass,82,83,22
Machado,1,5,22
Drop to 591,1,1,22
Drop to 459,1,1,22
Caswell Hall,43,43,22
Olney House,7,9,22
Harkness House,17,17,22
Marcy House,10,11,22
Hegeman,14,42,22
Goddard House,7,30,22
Morriss Hall,3,3,22
Young Orchard #4,0,12,22
Drop to 529,1,1,22
Young Orchard #2,0,13,22
Hope College,0,11,22
Drop to 523,1,1,22
New Pembroke #3,8,10,22
New Pembroke #2,10,11,22
Champlin,0,4,22
No Show,38,59,22
Woolley,3,30,22
Grad Center C,19,19,22
Drop to 508,1,1,22
New Pembroke #4,16,21,22
Drop to 159,0,1,22
Metcalf,0,33,22
Drop to 463,3,3,22
Plantations House,6,10,22
Grad Center B,18,19,22
Drop to 171,0,1,22
Slater Hall,7,23,22
Sears House,16,24,22
Jameson House,8,8,22
Chapin House,16,20,22
Drop to 603,1,1,22
Young Orchard #10,0,13,22
Grad Center A,16,17,22
Barbour Hall,14,16,22
111 Brown Street,6,6,22
Drop to 649,1,1,22
Minden,31,49,22
Bronson House,7,7,22
Mead House,10,10,22
Archibald House,10,12,22
Drop to 280,0,1,22
Emery,0,17,22
Gregorian Quad A,9,52,22
Drop to 494,1,1,22
Drop to 536,1,1,22
Drop to 351,0,1,22
West Andrews,1,28,22
Poland House,17,19,22
New Pembroke #1,18,18,22
Wayland House,1,18,22
Drop to 162,0,1,22
Drop to 354,0,1,22
Gregorian Quad B,10,53,22
Everett House,4,5,22
Miller,2,20,22
Barbour Hall Apartments,19,25,22
Drop to 276,0,2,22
Drop to 108,0,1,22
Drop to 670,1,1,22
Drop to 396,0,1,22
Drop to 633,1,1,22
Grad Center D,18,18,22
Diman House,29,29,22
East Andrews,2,29,22
Pass,82,83,22
Machado,1,5,22
Drop to 591,1,1,22
Drop to 459,1,1,22
Caswell Hall,43,43,23
Olney House,7,9,23
Harkness House,17,17,23
Marcy House,10,11,23
Hegeman,11,42,23
Goddard House,7,30,23
Morriss Hall,3,3,23
Young Orchard #4,0,12,23
Drop to 529,1,1,23
Young Orchard #2,0,13,23
Hope College,0,11,23
Drop to 523,1,1,23
New Pembroke #3,8,10,23
New Pembroke #2,10,11,23
Champlin,0,4,23
No Show,37,59,23
Woolley,0,30,23
Grad Center C,18,19,23
Drop to 508,1,1,23
New Pembroke #4,15,21,23
Drop to 159,0,1,23
Metcalf,0,33,23
Drop to 463,3,3,23
Plantations House,6,10,23
Grad Center B,18,19,23
Drop to 171,0,1,23
Slater Hall,7,23,23
Sears House,16,24,23
Jameson House,8,8,23
Chapin House,14,20,23
Drop to 603,1,1,23
Young Orchard #10,0,13,23
Grad Center A,16,17,23
Barbour Hall,14,16,23
111 Brown Street,6,6,23
Drop to 649,1,1,23
Minden,28,49,23
Bronson House,7,7,23
Mead House,10,10,23
Archibald House,10,12,23
Drop to 280,0,1,23
Emery,0,17,23
Gregorian Quad A,4,52,23
Drop to 494,1,1,23
Drop to 536,1,1,23
Drop to 351,0,1,23
West Andrews,1,28,23
Poland House,17,19,23
New Pembroke #1,18,18,23
Wayland House,0,18,23
Drop to 162,0,1,23
Drop to 354,0,1,23
Gregorian Quad B,6,53,23
Everett House,4,5,23
Miller,2,20,23
Barbour Hall Apartments,19,25,23
Drop to 276,0,2,23
Drop to 108,0,1,23
Drop to 670,1,1,23
Drop to 396,0,1,23
Drop to 633,1,1,23
Grad Center D,18,18,23
Diman House,29,29,23
East Andrews,2,29,23
Pass,82,83,23
Machado,1,5,23
Drop to 591,1,1,23
Drop to 459,1,1,23
Caswell Hall,43,43,24
Olney House,7,9,24
Harkness House,17,17,24
Marcy House,10,11,24
Hegeman,4,42,24
Goddard House,7,30,24
Morriss Hall,3,3,24
Young Orchard #4,0,12,24
Drop to 529,1,1,24
Young Orchard #2,0,13,24
Hope College,0,11,24
Drop to 523,1,1,24
New Pembroke #3,8,10,24
New Pembroke #2,10,11,24
Champlin,0,4,24
No Show,37,59,24
Woolley,0,30,24
Grad Center C,17,19,24
Drop to 508,1,1,24
New Pembroke #4,11,21,24
Drop to 159,0,1,24
Metcalf,0,33,24
Drop to 463,3,3,24
Plantations House,6,10,24
Grad Center B,18,19,24
Drop to 171,0,1,24
Slater Hall,6,23,24
Sears House,16,24,24
Jameson House,8,8,24
Chapin House,14,20,24
Drop to 603,1,1,24
Young Orchard #10,0,13,24
Grad Center A,13,17,24
Barbour Hall,14,16,24
111 Brown Street,6,6,24
Drop to 649,1,1,24
Minden,25,49,24
Bronson House,7,7,24
Mead House,10,10,24
Archibald House,10,12,24
Drop to 280,0,1,24
Emery,0,17,24
Gregorian Quad A,4,52,24
Drop to 494,1,1,24
Drop to 536,1,1,24
Drop to 351,0,1,24
West Andrews,1,28,24
Poland House,11,19,24
New Pembroke #1,18,18,24
Wayland House,0,18,24
Drop to 162,0,1,24
Drop to 354,0,1,24
Gregorian Quad B,4,53,24
Everett House,4,5,24
Miller,2,20,24
Barbour Hall Apartments,18,25,24
Drop to 276,0,2,24
Drop to 108,0,1,24
Drop to 670,1,1,24
Drop to 396,0,1,24
Drop to 633,1,1,24
Grad Center D,18,18,24
Diman House,29,29,24
East Andrews,2,29,24
Pass,82,83,24
Machado,1,5,24
Drop to 591,1,1,24
Drop to 459,1,1,24
Caswell Hall,43,43,24
Olney House,7,9,24
Harkness House,17,17,24
Marcy House,10,11,24
Hegeman,3,42,24
Goddard House,7,30,24
Morriss Hall,3,3,24
Young Orchard #4,0,12,24
Drop to 529,1,1,24
Young Orchard #2,0,13,24
Hope College,0,11,24
Drop to 523,1,1,24
New Pembroke #3,8,10,24
New Pembroke #2,10,11,24
Champlin,0,4,24
No Show,37,59,24
Woolley,0,30,24
Grad Center C,17,19,24
Drop to 508,1,1,24
New Pembroke #4,11,21,24
Drop to 159,0,1,24
Metcalf,0,33,24
Drop to 463,3,3,24
Plantations House,6,10,24
Grad Center B,18,19,24
Drop to 171,0,1,24
Slater Hall,6,23,24
Sears House,16,24,24
Jameson House,8,8,24
Chapin House,14,20,24
Drop to 603,1,1,24
Young Orchard #10,0,13,24
Grad Center A,13,17,24
Barbour Hall,14,16,24
111 Brown Street,6,6,24
Drop to 649,1,1,24
Minden,25,49,24
Bronson House,7,7,24
Mead House,10,10,24
Archibald House,10,12,24
Drop to 280,0,1,24
Emery,0,17,24
Gregorian Quad A,4,52,24
Drop to 494,1,1,24
Drop to 536,1,1,24
Drop to 351,0,1,24
West Andrews,1,28,24
Poland House,11,19,24
New Pembroke #1,18,18,24
Wayland House,0,18,24
Drop to 162,0,1,24
Drop to 354,0,1,24
Gregorian Quad B,4,53,24
Everett House,4,5,24
Miller,2,20,24
Barbour Hall Apartments,18,25,24
Drop to 276,0,2,24
Drop to 108,0,1,24
Drop to 670,1,1,24
Drop to 396,0,1,24
Drop to 633,1,1,24
Grad Center D,18,18,24
Diman House,29,29,24
East Andrews,2,29,24
Pass,82,83,24
Machado,1,5,24
Drop to 591,1,1,24
Drop to 459,1,1,24
Caswell Hall,43,43,25
Olney House,7,9,25
Harkness House,17,17,25
Marcy House,10,11,25
Hegeman,3,42,25
Goddard House,7,30,25
Morriss Hall,3,3,25
Young Orchard #4,0,12,25
Drop to 529,1,1,25
Young Orchard #2,0,13,25
Hope College,0,11,25
Drop to 523,1,1,25
New Pembroke #3,1,10,25
New Pembroke #2,9,11,25
Champlin,0,4,25
No Show,37,59,25
Woolley,0,30,25
Grad Center C,17,19,25
Drop to 508,1,1,25
New Pembroke #4,0,21,25
Drop to 159,0,1,25
Metcalf,0,33,25
Drop to 463,3,3,25
Plantations House,6,10,25
Grad Center B,16,19,25
Drop to 171,0,1,25
Slater Hall,4,23,25
Sears House,16,24,25
Jameson House,8,8,25
Chapin House,14,20,25
Drop to 603,1,1,25
Young Orchard #10,0,13,25
Grad Center A,13,17,25
Barbour Hall,14,16,25
111 Brown Street,6,6,25
Drop to 649,1,1,25
Minden,21,49,25
Bronson House,7,7,25
Mead House,10,10,25
Archibald House,7,12,25
Drop to 280,0,1,25
Emery,0,17,25
Gregorian Quad A,4,52,25
Drop to 494,1,1,25
Drop to 536,1,1,25
Drop to 351,0,1,25
West Andrews,1,28,25
Poland House,5,19,25
New Pembroke #1,18,18,25
Wayland House,0,18,25
Drop to 162,0,1,25
Drop to 354,0,1,25
Gregorian Quad B,3,53,25
Everett House,4,5,25
Miller,2,20,25
Barbour Hall Apartments,17,25,25
Drop to 276,0,2,25
Drop to 108,0,1,25
Drop to 670,1,1,25
Drop to 396,0,1,25
Drop to 633,1,1,25
Grad Center D,18,18,25
Diman House,29,29,25
East Andrews,2,29,25
Pass,82,83,25
Machado,1,5,25
Drop to 591,1,1,25
Drop to 459,1,1,25
Caswell Hall,43,43,26
Olney House,7,9,26
Harkness House,17,17,26
Marcy House,9,11,26
Hegeman,2,42,26
Goddard House,7,30,26
Morriss Hall,3,3,26
Young Orchard #4,0,12,26
Drop to 529,1,1,26
Young Orchard #2,0,13,26
Hope College,0,11,26
Drop to 523,1,1,26
New Pembroke #3,0,10,26
New Pembroke #2,4,11,26
Champlin,0,4,26
No Show,36,59,26
Woolley,0,30,26
Grad Center C,17,19,26
Drop to 508,1,1,26
New Pembroke #4,0,21,26
Drop to 159,0,1,26
Metcalf,0,33,26
Drop to 463,3,3,26
Plantations House,5,10,26
Grad Center B,15,19,26
Drop to 171,0,1,26
Slater Hall,2,23,26
Sears House,16,24,26
Jameson House,8,8,26
Chapin House,14,20,26
Drop to 603,1,1,26
Young Orchard #10,0,13,26
Grad Center A,10,17,26
Barbour Hall,13,16,26
111 Brown Street,6,6,26
Drop to 649,1,1,26
Minden,19,49,26
Bronson House,7,7,26
Mead House,6,10,26
Archibald House,6,12,26
Drop to 280,0,1,26
Emery,0,17,26
Gregorian Quad A,3,52,26
Drop to 494,1,1,26
Drop to 536,1,1,26
Drop to 351,0,1,26
West Andrews,1,28,26
Poland House,5,19,26
New Pembroke #1,18,18,26
Wayland House,0,18,26
Drop to 162,0,1,26
Drop to 354,0,1,26
Gregorian Quad B,3,53,26
Everett House,4,5,26
Miller,2,20,26
Barbour Hall Apartments,13,25,26
Drop to 276,0,2,26
Drop to 108,0,1,26
Drop to 670,1,1,26
Drop to 396,0,1,26
Drop to 633,1,1,26
Grad Center D,18,18,26
Diman House,29,29,26
East Andrews,2,29,26
Pass,82,83,26
Machado,1,5,26
Drop to 591,1,1,26
Drop to 459,1,1,26
Caswell Hall,43,43,27
Olney House,7,9,27
Harkness House,17,17,27
Marcy House,9,11,27
Hegeman,1,42,27
Goddard House,7,30,27
Morriss Hall,3,3,27
Young Orchard #4,0,12,27
Drop to 529,1,1,27
Young Orchard #2,0,13,27
Hope College,0,11,27
Drop to 523,1,1,27
New Pembroke #3,0,10,27
New Pembroke #2,4,11,27
Champlin,0,4,27
No Show,34,59,27
Woolley,0,30,27
Grad Center C,17,19,27
Drop to 508,1,1,27
New Pembroke #4,0,21,27
Drop to 159,0,1,27
Metcalf,0,33,27
Drop to 463,3,3,27
Plantations House,5,10,27
Grad Center B,13,19,27
Drop to 171,0,1,27
Slater Hall,1,23,27
Sears House,16,24,27
Jameson House,8,8,27
Chapin House,14,20,27
Drop to 603,1,1,27
Young Orchard #10,0,13,27
Grad Center A,7,17,27
Barbour Hall,13,16,27
111 Brown Street,6,6,27
Drop to 649,1,1,27
Minden,16,49,27
Bronson House,3,7,27
Mead House,5,10,27
Archibald House,1,12,27
Drop to 280,0,1,27
Emery,0,17,27
Gregorian Quad A,3,52,27
Drop to 494,1,1,27
Drop to 536,1,1,27
Drop to 351,0,1,27
West Andrews,1,28,27
Poland House,1,19,27
New Pembroke #1,18,18,27
Wayland House,0,18,27
Drop to 162,0,1,27
Drop to 354,0,1,27
Gregorian Quad B,3,53,27
Everett House,4,5,27
Miller,2,20,27
Barbour Hall Apartments,12,25,27
Drop to 276,0,2,27
Drop to 108,0,1,27
Drop to 670,1,1,27
Drop to 396,0,1,27
Drop to 633,1,1,27
Grad Center D,18,18,27
Diman House,29,29,27
East Andrews,2,29,27
Pass,82,83,27
Machado,1,5,27
Drop to 591,1,1,27
Drop to 459,0,1,27
Caswell Hall,43,43,28
Olney House,7,9,28
Harkness House,17,17,28
Marcy House,9,11,28
Hegeman,1,42,28
Goddard House,7,30,28
Morriss Hall,3,3,28
Young Orchard #4,0,12,28
Drop to 529,1,1,28
Young Orchard #2,0,13,28
Hope College,0,11,28
Drop to 523,1,1,28
New Pembroke #3,0,10,28
New Pembroke #2,4,11,28
Champlin,0,4,28
No Show,31,59,28
Woolley,0,30,28
Grad Center C,15,19,28
Drop to 508,1,1,28
New Pembroke #4,0,21,28
Drop to 159,0,1,28
Metcalf,0,33,28
Drop to 463,3,3,28
Plantations House,5,10,28
Grad Center B,13,19,28
Drop to 171,0,1,28
Slater Hall,0,23,28
Sears House,16,24,28
Jameson House,3,8,28
Chapin House,14,20,28
Drop to 603,1,1,28
Young Orchard #10,0,13,28
Grad Center A,7,17,28
Barbour Hall,11,16,28
111 Brown Street,6,6,28
Drop to 649,1,1,28
Minden,15,49,28
Bronson House,2,7,28
Mead House,1,10,28
Archibald House,0,12,28
Drop to 280,0,1,28
Emery,0,17,28
Gregorian Quad A,3,52,28
Drop to 494,1,1,28
Drop to 536,1,1,28
Drop to 351,0,1,28
West Andrews,1,28,28
Poland House,0,19,28
New Pembroke #1,18,18,28
Wayland House,0,18,28
Drop to 162,0,1,28
Drop to 354,0,1,28
Gregorian Quad B,3,53,28
Everett House,3,5,28
Miller,2,20,28
Barbour Hall Apartments,11,25,28
Drop to 276,0,2,28
Drop to 108,0,1,28
Drop to 670,1,1,28
Drop to 396,0,1,28
Drop to 633,1,1,28
Grad Center D,18,18,28
Diman House,29,29,28
East Andrews,2,29,28
Pass,82,83,28
Machado,1,5,28
Drop to 591,1,1,28
Drop to 459,0,1,28
Caswell Hall,43,43,29
Olney House,7,9,29
Harkness House,17,17,29
Marcy House,9,11,29
Hegeman,1,42,29
Goddard House,7,30,29
Morriss Hall,3,3,29
Young Orchard #4,0,12,29
Drop to 529,1,1,29
Young Orchard #2,0,13,29
Hope College,0,11,29
Drop to 523,1,1,29
New Pembroke #3,0,10,29
New Pembroke #2,3,11,29
Champlin,0,4,29
No Show,28,59,29
Woolley,0,30,29
Grad Center C,11,19,29
Drop to 508,1,1,29
New Pembroke #4,0,21,29
Drop to 159,0,1,29
Metcalf,0,33,29
Drop to 463,3,3,29
Plantations House,5,10,29
Grad Center B,12,19,29
Drop to 171,0,1,29
Slater Hall,0,23,29
Sears House,16,24,29
Jameson House,3,8,29
Chapin House,14,20,29
Drop to 603,1,1,29
Young Orchard #10,0,13,29
Grad Center A,7,17,29
Barbour Hall,9,16,29
111 Brown Street,6,6,29
Drop to 649,1,1,29
Minden,14,49,29
Bronson House,1,7,29
Mead House,1,10,29
Archibald House,0,12,29
Drop to 280,0,1,29
Emery,0,17,29
Gregorian Quad A,2,52,29
Drop to 494,1,1,29
Drop to 536,1,1,29
Drop to 351,0,1,29
West Andrews,1,28,29
Poland House,0,19,29
New Pembroke #1,18,18,29
Wayland House,0,18,29
Drop to 162,0,1,29
Drop to 354,0,1,29
Gregorian Quad B,3,53,29
Everett House,1,5,29
Miller,2,20,29
Barbour Hall Apartments,10,25,29
Drop to 276,0,2,29
Drop to 108,0,1,29
Drop to 670,1,1,29
Drop to 396,0,1,29
Drop to 633,1,1,29
Grad Center D,18,18,29
Diman House,29,29,29
East Andrews,2,29,29
Pass,82,83,29
Machado,1,5,29
Drop to 591,1,1,29
Drop to 459,0,1,29
Caswell Hall,43,43,30
Olney House,7,9,30
Harkness House,17,17,30
Marcy House,9,11,30
Hegeman,1,42,30
Goddard House,7,30,30
Morriss Hall,3,3,30
Young Orchard #4,0,12,30
Drop to 529,1,1,30
Young Orchard #2,0,13,30
Hope College,0,11,30
Drop to 523,1,1,30
New Pembroke #3,0,10,30
New Pembroke #2,2,11,30
Champlin,0,4,30
No Show,26,59,30
Woolley,0,30,30
Grad Center C,10,19,30
Drop to 508,1,1,30
New Pembroke #4,0,21,30
Drop to 159,0,1,30
Metcalf,0,33,30
Drop to 463,3,3,30
Plantations House,5,10,30
Grad Center B,12,19,30
Drop to 171,0,1,30
Slater Hall,0,23,30
Sears House,15,24,30
Jameson House,3,8,30
Chapin House,14,20,30
Drop to 603,1,1,30
Young Orchard #10,0,13,30
Grad Center A,7,17,30
Barbour Hall,8,16,30
111 Brown Street,6,6,30
Drop to 649,1,1,30
Minden,14,49,30
Bronson House,0,7,30
Mead House,0,10,30
Archibald House,0,12,30
Drop to 280,0,1,30
Emery,0,17,30
Gregorian Quad A,1,52,30
Drop to 494,1,1,30
Drop to 536,1,1,30
Drop to 351,0,1,30
West Andrews,1,28,30
Poland House,0,19,30
New Pembroke #1,18,18,30
Wayland House,0,18,30
Drop to 162,0,1,30
Drop to 354,0,1,30
Gregorian Quad B,1,53,30
Everett House,1,5,30
Miller,2,20,30
Barbour Hall Apartments,9,25,30
Drop to 276,0,2,30
Drop to 108,0,1,30
Drop to 670,1,1,30
Drop to 396,0,1,30
Drop to 633,1,1,30
Grad Center D,18,18,30
Diman House,29,29,30
East Andrews,2,29,30
Pass,76,83,30
Machado,1,5,30
Drop to 591,1,1,30
Drop to 459,0,1,30
Caswell Hall,43,43,31
Olney House,7,9,31
Harkness House,17,17,31
Marcy House,9,11,31
Hegeman,0,42,31
Goddard House,7,30,31
Morriss Hall,3,3,31
Young Orchard #4,0,12,31
Drop to 529,1,1,31
Young Orchard #2,0,13,31
Hope College,0,11,31
Drop to 523,1,1,31
New Pembroke #3,0,10,31
New Pembroke #2,2,11,31
Champlin,0,4,31
No Show,21,59,31
Woolley,0,30,31
Grad Center C,10,19,31
Drop to 508,1,1,31
New Pembroke #4,0,21,31
Drop to 159,0,1,31
Metcalf,0,33,31
Drop to 463,0,3,31
Plantations House,4,10,31
Grad Center B,11,19,31
Drop to 171,0,1,31
Slater Hall,0,23,31
Sears House,15,24,31
Jameson House,3,8,31
Chapin House,14,20,31
Drop to 603,1,1,31
Young Orchard #10,0,13,31
Grad Center A,6,17,31
Barbour Hall,8,16,31
111 Brown Street,6,6,31
Drop to 649,1,1,31
Minden,13,49,31
Bronson House,0,7,31
Mead House,0,10,31
Archibald House,0,12,31
Drop to 280,0,1,31
Emery,0,17,31
Gregorian Quad A,1,52,31
Drop to 494,1,1,31
Drop to 536,1,1,31
Drop to 351,0,1,31
West Andrews,1,28,31
Poland House,0,19,31
New Pembroke #1,18,18,31
Wayland House,0,18,31
Drop to 162,0,1,31
Drop to 354,0,1,31
Gregorian Quad B,1,53,31
Everett House,1,5,31
Miller,2,20,31
Barbour Hall Apartments,9,25,31
Drop to 276,0,2,31
Drop to 108,0,1,31
Drop to 670,1,1,31
Drop to 396,0,1,31
Drop to 633,1,1,31
Grad Center D,18,18,31
Diman House,29,29,31
East Andrews,2,29,31
Pass,74,83,31
Machado,1,5,31
Drop to 591,1,1,31
Drop to 459,0,1,31
Caswell Hall,43,43,32
Olney House,7,9,32
Harkness House,16,17,32
Marcy House,9,11,32
Hegeman,0,42,32
Goddard House,5,30,32
Morriss Hall,3,3,32
Young Orchard #4,0,12,32
Drop to 529,1,1,32
Young Orchard #2,0,13,32
Hope College,0,11,32
Drop to 523,0,1,32
New Pembroke #3,0,10,32
New Pembroke #2,2,11,32
Champlin,0,4,32
No Show,19,59,32
Woolley,0,30,32
Grad Center C,10,19,32
Drop to 508,1,1,32
New Pembroke #4,0,21,32
Drop to 159,0,1,32
Metcalf,0,33,32
Drop to 463,0,3,32
Plantations House,4,10,32
Grad Center B,11,19,32
Drop to 171,0,1,32
Slater Hall,0,23,32
Sears House,15,24,32
Jameson House,3,8,32
Chapin House,14,20,32
Drop to 603,1,1,32
Young Orchard #10,0,13,32
Grad Center A,6,17,32
Barbour Hall,7,16,32
111 Brown Street,6,6,32
Drop to 649,1,1,32
Minden,13,49,32
Bronson House,0,7,32
Mead House,0,10,32
Archibald House,0,12,32
Drop to 280,0,1,32
Emery,0,17,32
Gregorian Quad A,1,52,32
Drop to 494,1,1,32
Drop to 536,0,1,32
Drop to 351,0,1,32
West Andrews,1,28,32
Poland House,0,19,32
New Pembroke #1,18,18,32
Wayland House,0,18,32
Drop to 162,0,1,32
Drop to 354,0,1,32
Gregorian Quad B,1,53,32
Everett House,1,5,32
Miller,2,20,32
Barbour Hall Apartments,8,25,32
Drop to 276,0,2,32
Drop to 108,0,1,32
Drop to 670,1,1,32
Drop to 396,0,1,32
Drop to 633,1,1,32
Grad Center D,18,18,32
Diman House,25,29,32
East Andrews,2,29,32
Pass,71,83,32
Machado,1,5,32
Drop to 591,1,1,32
Drop to 459,0,1,32
Caswell Hall,41,43,33
Olney House,7,9,33
Harkness House,14,17,33
Marcy House,9,11,33
Hegeman,0,42,33
Goddard House,5,30,33
Morriss Hall,1,3,33
Young Orchard #4,0,12,33
Drop to 529,0,1,33
Young Orchard #2,0,13,33
Hope College,0,11,33
Drop to 523,0,1,33
New Pembroke #3,0,10,33
New Pembroke #2,2,11,33
Champlin,0,4,33
No Show,18,59,33
Woolley,0,30,33
Grad Center C,9,19,33
Drop to 508,1,1,33
New Pembroke #4,0,21,33
Drop to 159,0,1,33
Metcalf,0,33,33
Drop to 463,0,3,33
Plantations House,4,10,33
Grad Center B,11,19,33
Drop to 171,0,1,33
Slater Hall,0,23,33
Sears House,15,24,33
Jameson House,3,8,33
Chapin House,14,20,33
Drop to 603,0,1,33
Young Orchard #10,0,13,33
Grad Center A,6,17,33
Barbour Hall,7,16,33
111 Brown Street,6,6,33
Drop to 649,1,1,33
Minden,13,49,33
Bronson House,0,7,33
Mead House,0,10,33
Archibald House,0,12,33
Drop to 280,0,1,33
Emery,0,17,33
Gregorian Quad A,1,52,33
Drop to 494,0,1,33
Drop to 536,0,1,33
Drop to 351,0,1,33
West Andrews,1,28,33
Poland House,0,19,33
New Pembroke #1,17,18,33
Wayland House,0,18,33
Drop to 162,0,1,33
Drop to 354,0,1,33
Gregorian Quad B,0,53,33
Everett House,1,5,33
Miller,2,20,33
Barbour Hall Apartments,7,25,33
Drop to 276,0,2,33
Drop to 108,0,1,33
Drop to 670,1,1,33
Drop to 396,0,1,33
Drop to 633,1,1,33
Grad Center D,18,18,33
Diman House,23,29,33
East Andrews,2,29,33
Pass,71,83,33
Machado,1,5,33
Drop to 591,1,1,33
Drop to 459,0,1,33
Caswell Hall,38,43,34
Olney House,7,9,34
Harkness House,11,17,34
Marcy House,9,11,34
Hegeman,0,42,34
Goddard House,5,30,34
Morriss Hall,0,3,34
Young Orchard #4,0,12,34
Drop to 529,0,1,34
Young Orchard #2,0,13,34
Hope College,0,11,34
Drop to 523,0,1,34
New Pembroke #3,0,10,34
New Pembroke #2,2,11,34
Champlin,0,4,34
No Show,18,59,34
Woolley,0,30,34
Grad Center C,9,19,34
Drop to 508,0,1,34
New Pembroke #4,0,21,34
Drop to 159,0,1,34
Metcalf,0,33,34
Drop to 463,0,3,34
Plantations House,2,10,34
Grad Center B,10,19,34
Drop to 171,0,1,34
Slater Hall,0,23,34
Sears House,15,24,34
Jameson House,3,8,34
Chapin House,13,20,34
Drop to 603,0,1,34
Young Orchard #10,0,13,34
Grad Center A,6,17,34
Barbour Hall,7,16,34
111 Brown Street,6,6,34
Drop to 649,1,1,34
Minden,12,49,34
Bronson House,0,7,34
Mead House,0,10,34
Archibald House,0,12,34
Drop to 280,0,1,34
Emery,0,17,34
Gregorian Quad A,1,52,34
Drop to 494,0,1,34
Drop to 536,0,1,34
Drop to 351,0,1,34
West Andrews,1,28,34
Poland House,0,19,34
New Pembroke #1,12,18,34
Wayland House,0,18,34
Drop to 162,0,1,34
Drop to 354,0,1,34
Gregorian Quad B,0,53,34
Everett House,1,5,34
Miller,2,20,34
Barbour Hall Apartments,5,25,34
Drop to 276,0,2,34
Drop to 108,0,1,34
Drop to 670,1,1,34
Drop to 396,0,1,34
Drop to 633,1,1,34
Grad Center D,18,18,34
Diman House,18,29,34
East Andrews,2,29,34
Pass,71,83,34
Machado,1,5,34
Drop to 591,1,1,34
Drop to 459,0,1,34
Caswell Hall,38,43,34
Olney House,7,9,34
Harkness House,11,17,34
Marcy House,9,11,34
Hegeman,0,42,34
Goddard House,5,30,34
Morriss Hall,0,3,34
Young Orchard #4,0,12,34
Drop to 529,0,1,34
Young Orchard #2,0,13,34
Hope College,0,11,34
Drop to 523,0,1,34
New Pembroke #3,0,10,34
New Pembroke #2,2,11,34
Champlin,0,4,34
No Show,18,59,34
Woolley,0,30,34
Grad Center C,9,19,34
Drop to 508,0,1,34
New Pembroke #4,0,21,34
Drop to 159,0,1,34
Metcalf,0,33,34
Drop to 463,0,3,34
Plantations House,2,10,34
Grad Center B,10,19,34
Drop to 171,0,1,34
Slater Hall,0,23,34
Sears House,15,24,34
Jameson House,3,8,34
Chapin House,13,20,34
Drop to 603,0,1,34
Young Orchard #10,0,13,34
Grad Center A,6,17,34
Barbour Hall,7,16,34
111 Brown Street,6,6,34
Drop to 649,1,1,34
Minden,12,49,34
Bronson House,0,7,34
Mead House,0,10,34
Archibald House,0,12,34
Drop to 280,0,1,34
Emery,0,17,34
Gregorian Quad A,1,52,34
Drop to 494,0,1,34
Drop to 536,0,1,34
Drop to 351,0,1,34
West Andrews,1,28,34
Poland House,0,19,34
New Pembroke #1,11,18,34
Wayland House,0,18,34
Drop to 162,0,1,34
Drop to 354,0,1,34
Gregorian Quad B,0,53,34
Everett House,1,5,34
Miller,2,20,34
Barbour Hall Apartments,5,25,34
Drop to 276,0,2,34
Drop to 108,0,1,34
Drop to 670,1,1,34
Drop to 396,0,1,34
Drop to 633,1,1,34
Grad Center D,18,18,34
Diman House,18,29,34
East Andrews,2,29,34
Pass,71,83,34
Machado,1,5,34
Drop to 591,1,1,34
Drop to 459,0,1,34
Caswell Hall,23,43,35
Olney House,7,9,35
Harkness House,11,17,35
Marcy House,8,11,35
Hegeman,0,42,35
Goddard House,5,30,35
Morriss Hall,0,3,35
Young Orchard #4,0,12,35
Drop to 529,0,1,35
Young Orchard #2,0,13,35
Hope College,0,11,35
Drop to 523,0,1,35
New Pembroke #3,0,10,35
New Pembroke #2,2,11,35
Champlin,0,4,35
No Show,18,59,35
Woolley,0,30,35
Grad Center C,9,19,35
Drop to 508,0,1,35
New Pembroke #4,0,21,35
Drop to 159,0,1,35
Metcalf,0,33,35
Drop to 463,0,3,35
Plantations House,2,10,35
Grad Center B,9,19,35
Drop to 171,0,1,35
Slater Hall,0,23,35
Sears House,15,24,35
Jameson House,3,8,35
Chapin House,13,20,35
Drop to 603,0,1,35
Young Orchard #10,0,13,35
Grad Center A,6,17,35
Barbour Hall,7,16,35
111 Brown Street,6,6,35
Drop to 649,1,1,35
Minden,12,49,35
Bronson House,0,7,35
Mead House,0,10,35
Archibald House,0,12,35
Drop to 280,0,1,35
Emery,0,17,35
Gregorian Quad A,1,52,35
Drop to 494,0,1,35
Drop to 536,0,1,35
Drop to 351,0,1,35
West Andrews,1,28,35
Poland House,0,19,35
New Pembroke #1,7,18,35
Wayland House,0,18,35
Drop to 162,0,1,35
Drop to 354,0,1,35
Gregorian Quad B,0,53,35
Everett House,1,5,35
Miller,2,20,35
Barbour Hall Apartments,4,25,35
Drop to 276,0,2,35
Drop to 108,0,1,35
Drop to 670,1,1,35
Drop to 396,0,1,35
Drop to 633,1,1,35
Grad Center D,15,18,35
Diman House,18,29,35
East Andrews,2,29,35
Pass,71,83,35
Machado,1,5,35
Drop to 591,1,1,35
Drop to 459,0,1,35
Caswell Hall,22,43,35
Olney House,7,9,35
Harkness House,11,17,35
Marcy House,8,11,35
Hegeman,0,42,35
Goddard House,5,30,35
Morriss Hall,0,3,35
Young Orchard #4,0,12,35
Drop to 529,0,1,35
Young Orchard #2,0,13,35
Hope College,0,11,35
Drop to 523,0,1,35
New Pembroke #3,0,10,35
New Pembroke #2,2,11,35
Champlin,0,4,35
No Show,18,59,35
Woolley,0,30,35
Grad Center C,9,19,35
Drop to 508,0,1,35
New Pembroke #4,0,21,35
Drop to 159,0,1,35
Metcalf,0,33,35
Drop to 463,0,3,35
Plantations House,2,10,35
Grad Center B,9,19,35
Drop to 171,0,1,35
Slater Hall,0,23,35
Sears House,15,24,35
Jameson House,3,8,35
Chapin House,13,20,35
Drop to 603,0,1,35
Young Orchard #10,0,13,35
Grad Center A,6,17,35
Barbour Hall,7,16,35
111 Brown Street,6,6,35
Drop to 649,1,1,35
Minden,12,49,35
Bronson House,0,7,35
Mead House,0,10,35
Archibald House,0,12,35
Drop to 280,0,1,35
Emery,0,17,35
Gregorian Quad A,1,52,35
Drop to 494,0,1,35
Drop to 536,0,1,35
Drop to 351,0,1,35
West Andrews,1,28,35
Poland House,0,19,35
New Pembroke #1,7,18,35
Wayland House,0,18,35
Drop to 162,0,1,35
Drop to 354,0,1,35
Gregorian Quad B,0,53,35
Everett House,1,5,35
Miller,2,20,35
Barbour Hall Apartments,4,25,35
Drop to 276,0,2,35
Drop to 108,0,1,35
Drop to 670,1,1,35
Drop to 396,0,1,35
Drop to 633,1,1,35
Grad Center D,15,18,35
Diman House,18,29,35
East Andrews,2,29,35
Pass,71,83,35
Machado,1,5,35
Drop to 591,1,1,35
Drop to 459,0,1,35
Caswell Hall,8,43,36
Olney House,7,9,36
Harkness House,10,17,36
Marcy House,7,11,36
Hegeman,0,42,36
Goddard House,5,30,36
Morriss Hall,0,3,36
Young Orchard #4,0,12,36
Drop to 529,0,1,36
Young Orchard #2,0,13,36
Hope College,0,11,36
Drop to 523,0,1,36
New Pembroke #3,0,10,36
New Pembroke #2,2,11,36
Champlin,0,4,36
No Show,17,59,36
Woolley,0,30,36
Grad Center C,9,19,36
Drop to 508,0,1,36
New Pembroke #4,0,21,36
Drop to 159,0,1,36
Metcalf,0,33,36
Drop to 463,0,3,36
Plantations House,2,10,36
Grad Center B,7,19,36
Drop to 171,0,1,36
Slater Hall,0,23,36
Sears House,15,24,36
Jameson House,3,8,36
Chapin House,13,20,36
Drop to 603,0,1,36
Young Orchard #10,0,13,36
Grad Center A,5,17,36
Barbour Hall,7,16,36
111 Brown Street,4,6,36
Drop to 649,1,1,36
Minden,11,49,36
Bronson House,0,7,36
Mead House,0,10,36
Archibald House,0,12,36
Drop to 280,0,1,36
Emery,0,17,36
Gregorian Quad A,1,52,36
Drop to 494,0,1,36
Drop to 536,0,1,36
Drop to 351,0,1,36
West Andrews,1,28,36
Poland House,0,19,36
New Pembroke #1,5,18,36
Wayland House,0,18,36
Drop to 162,0,1,36
Drop to 354,0,1,36
Gregorian Quad B,0,53,36
Everett House,1,5,36
Miller,1,20,36
Barbour Hall Apartments,3,25,36
Drop to 276,0,2,36
Drop to 108,0,1,36
Drop to 670,1,1,36
Drop to 396,0,1,36
Drop to 633,1,1,36
Grad Center D,15,18,36
Diman House,18,29,36
East Andrews,2,29,36
Pass,71,83,36
Machado,1,5,36
Drop to 591,1,1,36
Drop to 459,0,1,36
Caswell Hall,6,43,37
Olney House,7,9,37
Harkness House,8,17,37
Marcy House,7,11,37
Hegeman,0,42,37
Goddard House,5,30,37
Morriss Hall,0,3,37
Young Orchard #4,0,12,37
Drop to 529,0,1,37
Young Orchard #2,0,13,37
Hope College,0,11,37
Drop to 523,0,1,37
New Pembroke #3,0,10,37
New Pembroke #2,2,11,37
Champlin,0,4,37
No Show,17,59,37
Woolley,0,30,37
Grad Center C,8,19,37
Drop to 508,0,1,37
New Pembroke #4,0,21,37
Drop to 159,0,1,37
Metcalf,0,33,37
Drop to 463,0,3,37
Plantations House,2,10,37
Grad Center B,5,19,37
Drop to 171,0,1,37
Slater Hall,0,23,37
Sears House,15,24,37
Jameson House,3,8,37
Chapin House,13,20,37
Drop to 603,0,1,37
Young Orchard #10,0,13,37
Grad Center A,5,17,37
Barbour Hall,7,16,37
111 Brown Street,4,6,37
Drop to 649,1,1,37
Minden,11,49,37
Bronson House,0,7,37
Mead House,0,10,37
Archibald House,0,12,37
Drop to 280,0,1,37
Emery,0,17,37
Gregorian Quad A,0,52,37
Drop to 494,0,1,37
Drop to 536,0,1,37
Drop to 351,0,1,37
West Andrews,1,28,37
Poland House,0,19,37
New Pembroke #1,5,18,37
Wayland House,0,18,37
Drop to 162,0,1,37
Drop to 354,0,1,37
Gregorian Quad B,0,53,37
Everett House,1,5,37
Miller,1,20,37
Barbour Hall Apartments,3,25,37
Drop to 276,0,2,37
Drop to 108,0,1,37
Drop to 670,0,1,37
Drop to 396,0,1,37
Drop to 633,0,1,37
Grad Center D,9,18,37
Diman House,18,29,37
East Andrews,2,29,37
Pass,70,83,37
Machado,1,5,37
Drop to 591,1,1,37
Drop to 459,0,1,37
Caswell Hall,6,43,37
Olney House,7,9,37
Harkness House,8,17,37
Marcy House,7,11,37
Hegeman,0,42,37
Goddard House,5,30,37
Morriss Hall,0,3,37
Young Orchard #4,0,12,37
Drop to 529,0,1,37
Young Orchard #2,0,13,37
Hope College,0,11,37
Drop to 523,0,1,37
New Pembroke #3,0,10,37
New Pembroke #2,2,11,37
Champlin,0,4,37
No Show,17,59,37
Woolley,0,30,37
Grad Center C,8,19,37
Drop to 508,0,1,37
New Pembroke #4,0,21,37
Drop to 159,0,1,37
Metcalf,0,33,37
Drop to 463,0,3,37
Plantations House,2,10,37
Grad Center B,5,19,37
Drop to 171,0,1,37
Slater Hall,0,23,37
Sears House,15,24,37
Jameson House,3,8,37
Chapin House,13,20,37
Drop to 603,0,1,37
Young Orchard #10,0,13,37
Grad Center A,5,17,37
Barbour Hall,7,16,37
111 Brown Street,4,6,37
Drop to 649,1,1,37
Minden,11,49,37
Bronson House,0,7,37
Mead House,0,10,37
Archibald House,0,12,37
Drop to 280,0,1,37
Emery,0,17,37
Gregorian Quad A,0,52,37
Drop to 494,0,1,37
Drop to 536,0,1,37
Drop to 351,0,1,37
West Andrews,1,28,37
Poland House,0,19,37
New Pembroke #1,5,18,37
Wayland House,0,18,37
Drop to 162,0,1,37
Drop to 354,0,1,37
Gregorian Quad B,0,53,37
Everett House,1,5,37
Miller,1,20,37
Barbour Hall Apartments,3,25,37
Drop to 276,0,2,37
Drop to 108,0,1,37
Drop to 670,0,1,37
Drop to 396,0,1,37
Drop to 633,0,1,37
Grad Center D,8,18,37
Diman House,18,29,37
East Andrews,2,29,37
Pass,70,83,37
Machado,1,5,37
Drop to 591,1,1,37
Drop to 459,0,1,37
Caswell Hall,3,43,38
Olney House,7,9,38
Harkness House,5,17,38
Marcy House,7,11,38
Hegeman,0,42,38
Goddard House,5,30,38
Morriss Hall,0,3,38
Young Orchard #4,0,12,38
Drop to 529,0,1,38
Young Orchard #2,0,13,38
Hope College,0,11,38
Drop to 523,0,1,38
New Pembroke #3,0,10,38
New Pembroke #2,2,11,38
Champlin,0,4,38
No Show,17,59,38
Woolley,0,30,38
Grad Center C,3,19,38
Drop to 508,0,1,38
New Pembroke #4,0,21,38
Drop to 159,0,1,38
Metcalf,0,33,38
Drop to 463,0,3,38
Plantations House,2,10,38
Grad Center B,5,19,38
Drop to 171,0,1,38
Slater Hall,0,23,38
Sears House,15,24,38
Jameson House,3,8,38
Chapin House,13,20,38
Drop to 603,0,1,38
Young Orchard #10,0,13,38
Grad Center A,3,17,38
Barbour Hall,7,16,38
111 Brown Street,4,6,38
Drop to 649,1,1,38
Minden,10,49,38
Bronson House,0,7,38
Mead House,0,10,38
Archibald House,0,12,38
Drop to 280,0,1,38
Emery,0,17,38
Gregorian Quad A,0,52,38
Drop to 494,0,1,38
Drop to 536,0,1,38
Drop to 351,0,1,38
West Andrews,1,28,38
Poland House,0,19,38
New Pembroke #1,5,18,38
Wayland House,0,18,38
Drop to 162,0,1,38
Drop to 354,0,1,38
Gregorian Quad B,0,53,38
Everett House,1,5,38
Miller,1,20,38
Barbour Hall Apartments,1,25,38
Drop to 276,0,2,38
Drop to 108,0,1,38
Drop to 670,0,1,38
Drop to 396,0,1,38
Drop to 633,0,1,38
Grad Center D,6,18,38
Diman House,18,29,38
East Andrews,2,29,38
Pass,69,83,38
Machado,1,5,38
Drop to 591,0,1,38
Drop to 459,0,1,38
Caswell Hall,0,43,39
Olney House,7,9,39
Harkness House,4,17,39
Marcy House,7,11,39
Hegeman,0,42,39
Goddard House,5,30,39
Morriss Hall,0,3,39
Young Orchard #4,0,12,39
Drop to 529,0,1,39
Young Orchard #2,0,13,39
Hope College,0,11,39
Drop to 523,0,1,39
New Pembroke #3,0,10,39
New Pembroke #2,2,11,39
Champlin,0,4,39
No Show,17,59,39
Woolley,0,30,39
Grad Center C,3,19,39
Drop to 508,0,1,39
New Pembroke #4,0,21,39
Drop to 159,0,1,39
Metcalf,0,33,39
Drop to 463,0,3,39
Plantations House,1,10,39
Grad Center B,4,19,39
Drop to 171,0,1,39
Slater Hall,0,23,39
Sears House,15,24,39
Jameson House,3,8,39
Chapin House,13,20,39
Drop to 603,0,1,39
Young Orchard #10,0,13,39
Grad Center A,3,17,39
Barbour Hall,6,16,39
111 Brown Street,2,6,39
Drop to 649,1,1,39
Minden,8,49,39
Bronson House,0,7,39
Mead House,0,10,39
Archibald House,0,12,39
Drop to 280,0,1,39
Emery,0,17,39
Gregorian Quad A,0,52,39
Drop to 494,0,1,39
Drop to 536,0,1,39
Drop to 351,0,1,39
West Andrews,1,28,39
Poland House,0,19,39
New Pembroke #1,5,18,39
Wayland House,0,18,39
Drop to 162,0,1,39
Drop to 354,0,1,39
Gregorian Quad B,0,53,39
Everett House,1,5,39
Miller,1,20,39
Barbour Hall Apartments,1,25,39
Drop to 276,0,2,39
Drop to 108,0,1,39
Drop to 670,0,1,39
Drop to 396,0,1,39
Drop to 633,0,1,39
Grad Center D,5,18,39
Diman House,6,29,39
East Andrews,2,29,39
Pass,68,83,39
Machado,1,5,39
Drop to 591,0,1,39
Drop to 459,0,1,39
Caswell Hall,0,43,39
Olney House,7,9,39
Harkness House,4,17,39
Marcy House,7,11,39
Hegeman,0,42,39
Goddard House,5,30,39
Morriss Hall,0,3,39
Young Orchard #4,0,12,39
Drop to 529,0,1,39
Young Orchard #2,0,13,39
Hope College,0,11,39
Drop to 523,0,1,39
New Pembroke #3,0,10,39
New Pembroke #2,2,11,39
Champlin,0,4,39
No Show,17,59,39
Woolley,0,30,39
Grad Center C,3,19,39
Drop to 508,0,1,39
New Pembroke #4,0,21,39
Drop to 159,0,1,39
Metcalf,0,33,39
Drop to 463,0,3,39
Plantations House,1,10,39
Grad Center B,4,19,39
Drop to 171,0,1,39
Slater Hall,0,23,39
Sears House,15,24,39
Jameson House,3,8,39
Chapin House,13,20,39
Drop to 603,0,1,39
Young Orchard #10,0,13,39
Grad Center A,3,17,39
Barbour Hall,6,16,39
111 Brown Street,2,6,39
Drop to 649,1,1,39
Minden,8,49,39
Bronson House,0,7,39
Mead House,0,10,39
Archibald House,0,12,39
Drop to 280,0,1,39
Emery,0,17,39
Gregorian Quad A,0,52,39
Drop to 494,0,1,39
Drop to 536,0,1,39
Drop to 351,0,1,39
West Andrews,1,28,39
Poland House,0,19,39
New Pembroke #1,5,18,39
Wayland House,0,18,39
Drop to 162,0,1,39
Drop to 354,0,1,39
Gregorian Quad B,0,53,39
Everett House,1,5,39
Miller,1,20,39
Barbour Hall Apartments,1,25,39
Drop to 276,0,2,39
Drop to 108,0,1,39
Drop to 670,0,1,39
Drop to 396,0,1,39
Drop to 633,0,1,39
Grad Center D,5,18,39
Diman House,5,29,39
East Andrews,2,29,39
Pass,68,83,39
Machado,1,5,39
Drop to 591,0,1,39
Drop to 459,0,1,39
Caswell Hall,0,43,39
Olney House,7,9,39
Harkness House,4,17,39
Marcy House,7,11,39
Hegeman,0,42,39
Goddard House,5,30,39
Morriss Hall,0,3,39
Young Orchard #4,0,12,39
Drop to 529,0,1,39
Young Orchard #2,0,13,39
Hope College,0,11,39
Drop to 523,0,1,39
New Pembroke #3,0,10,39
New Pembroke #2,2,11,39
Champlin,0,4,39
No Show,17,59,39
Woolley,0,30,39
Grad Center C,3,19,39
Drop to 508,0,1,39
New Pembroke #4,0,21,39
Drop to 159,0,1,39
Metcalf,0,33,39
Drop to 463,0,3,39
Plantations House,1,10,39
Grad Center B,4,19,39
Drop to 171,0,1,39
Slater Hall,0,23,39
Sears House,15,24,39
Jameson House,3,8,39
Chapin House,13,20,39
Drop to 603,0,1,39
Young Orchard #10,0,13,39
Grad Center A,3,17,39
Barbour Hall,6,16,39
111 Brown Street,2,6,39
Drop to 649,1,1,39
Minden,8,49,39
Bronson House,0,7,39
Mead House,0,10,39
Archibald House,0,12,39
Drop to 280,0,1,39
Emery,0,17,39
Gregorian Quad A,0,52,39
Drop to 494,0,1,39
Drop to 536,0,1,39
Drop to 351,0,1,39
West Andrews,1,28,39
Poland House,0,19,39
New Pembroke #1,5,18,39
Wayland House,0,18,39
Drop to 162,0,1,39
Drop to 354,0,1,39
Gregorian Quad B,0,53,39
Everett House,1,5,39
Miller,1,20,39
Barbour Hall Apartments,1,25,39
Drop to 276,0,2,39
Drop to 108,0,1,39
Drop to 670,0,1,39
Drop to 396,0,1,39
Drop to 633,0,1,39
Grad Center D,5,18,39
Diman House,4,29,39
East Andrews,2,29,39
Pass,68,83,39
Machado,1,5,39
Drop to 591,0,1,39
Drop to 459,0,1,39
Caswell Hall,0,43,40
Olney House,6,9,40
Harkness House,0,17,40
Marcy House,6,11,40
Hegeman,0,42,40
Goddard House,5,30,40
Morriss Hall,0,3,40
Young Orchard #4,0,12,40
Drop to 529,0,1,40
Young Orchard #2,0,13,40
Hope College,0,11,40
Drop to 523,0,1,40
New Pembroke #3,0,10,40
New Pembroke #2,2,11,40
Champlin,0,4,40
No Show,17,59,40
Woolley,0,30,40
Grad Center C,2,19,40
Drop to 508,0,1,40
New Pembroke #4,0,21,40
Drop to 159,0,1,40
Metcalf,0,33,40
Drop to 463,0,3,40
Plantations House,1,10,40
Grad Center B,3,19,40
Drop to 171,0,1,40
Slater Hall,0,23,40
Sears House,13,24,40
Jameson House,3,8,40
Chapin House,10,20,40
Drop to 603,0,1,40
Young Orchard #10,0,13,40
Grad Center A,1,17,40
Barbour Hall,5,16,40
111 Brown Street,2,6,40
Drop to 649,1,1,40
Minden,4,49,40
Bronson House,0,7,40
Mead House,0,10,40
Archibald House,0,12,40
Drop to 280,0,1,40
Emery,0,17,40
Gregorian Quad A,0,52,40
Drop to 494,0,1,40
Drop to 536,0,1,40
Drop to 351,0,1,40
West Andrews,1,28,40
Poland House,0,19,40
New Pembroke #1,5,18,40
Wayland House,0,18,40
Drop to 162,0,1,40
Drop to 354,0,1,40
Gregorian Quad B,0,53,40
Everett House,1,5,40
Miller,1,20,40
Barbour Hall Apartments,0,25,40
Drop to 276,0,2,40
Drop to 108,0,1,40
Drop to 670,0,1,40
Drop to 396,0,1,40
Drop to 633,0,1,40
Grad Center D,3,18,40
Diman House,4,29,40
East Andrews,2,29,40
Pass,68,83,40
Machado,1,5,40
Drop to 591,0,1,40
Drop to 459,0,1,40
Caswell Hall,0,43,41
Olney House,4,9,41
Harkness House,0,17,41
Marcy House,6,11,41
Hegeman,0,42,41
Goddard House,5,30,41
Morriss Hall,0,3,41
Young Orchard #4,0,12,41
Drop to 529,0,1,41
Young Orchard #2,0,13,41
Hope College,0,11,41
Drop to 523,0,1,41
New Pembroke #3,0,10,41
New Pembroke #2,1,11,41
Champlin,0,4,41
No Show,17,59,41
Woolley,0,30,41
Grad Center C,1,19,41
Drop to 508,0,1,41
New Pembroke #4,0,21,41
Drop to 159,0,1,41
Metcalf,0,33,41
Drop to 463,0,3,41
Plantations House,1,10,41
Grad Center B,0,19,41
Drop to 171,0,1,41
Slater Hall,0,23,41
Sears House,10,24,41
Jameson House,3,8,41
Chapin House,9,20,41
Drop to 603,0,1,41
Young Orchard #10,0,13,41
Grad Center A,0,17,41
Barbour Hall,4,16,41
111 Brown Street,2,6,41
Drop to 649,1,1,41
Minden,3,49,41
Bronson House,0,7,41
Mead House,0,10,41
Archibald House,0,12,41
Drop to 280,0,1,41
Emery,0,17,41
Gregorian Quad A,0,52,41
Drop to 494,0,1,41
Drop to 536,0,1,41
Drop to 351,0,1,41
West Andrews,1,28,41
Poland House,0,19,41
New Pembroke #1,5,18,41
Wayland House,0,18,41
Drop to 162,0,1,41
Drop to 354,0,1,41
Gregorian Quad B,0,53,41
Everett House,1,5,41
Miller,1,20,41
Barbour Hall Apartments,0,25,41
Drop to 276,0,2,41
Drop to 108,0,1,41
Drop to 670,0,1,41
Drop to 396,0,1,41
Drop to 633,0,1,41
Grad Center D,0,18,41
Diman House,3,29,41
East Andrews,2,29,41
Pass,65,83,41
Machado,1,5,41
Drop to 591,0,1,41
Drop to 459,0,1,41
Caswell Hall,0,43,42
Olney House,2,9,42
Harkness House,0,17,42
Marcy House,2,11,42
Hegeman,0,42,42
Goddard House,3,30,42
Morriss Hall,0,3,42
Young Orchard #4,0,12,42
Drop to 529,0,1,42
Young Orchard #2,0,13,42
Hope College,0,11,42
Drop to 523,0,1,42
New Pembroke #3,0,10,42
New Pembroke #2,1,11,42
Champlin,0,4,42
No Show,17,59,42
Woolley,0,30,42
Grad Center C,0,19,42
Drop to 508,0,1,42
New Pembroke #4,0,21,42
Drop to 159,0,1,42
Metcalf,0,33,42
Drop to 463,0,3,42
Plantations House,0,10,42
Grad Center B,0,19,42
Drop to 171,0,1,42
Slater Hall,0,23,42
Sears House,5,24,42
Jameson House,3,8,42
Chapin House,8,20,42
Drop to 603,0,1,42
Young Orchard #10,0,13,42
Grad Center A,0,17,42
Barbour Hall,4,16,42
111 Brown Street,0,6,42
Drop to 649,1,1,42
Minden,0,49,42
Bronson House,0,7,42
Mead House,0,10,42
Archibald House,0,12,42
Drop to 280,0,1,42
Emery,0,17,42
Gregorian Quad A,0,52,42
Drop to 494,0,1,42
Drop to 536,0,1,42
Drop to 351,0,1,42
West Andrews,1,28,42
Poland House,0,19,42
New Pembroke #1,1,18,42
Wayland House,0,18,42
Drop to 162,0,1,42
Drop to 354,0,1,42
Gregorian Quad B,0,53,42
Everett House,1,5,42
Miller,0,20,42
Barbour Hall Apartments,0,25,42
Drop to 276,0,2,42
Drop to 108,0,1,42
Drop to 670,0,1,42
Drop to 396,0,1,42
Drop to 633,0,1,42
Grad Center D,0,18,42
Diman House,3,29,42
East Andrews,2,29,42
Pass,61,83,42
Machado,1,5,42
Drop to 591,0,1,42
Drop to 459,0,1,42
Caswell Hall,0,43,42
Olney House,2,9,42
Harkness House,0,17,42
Marcy House,2,11,42
Hegeman,0,42,42
Goddard House,3,30,42
Morriss Hall,0,3,42
Young Orchard #4,0,12,42
Drop to 529,0,1,42
Young Orchard #2,0,13,42
Hope College,0,11,42
Drop to 523,0,1,42
New Pembroke #3,0,10,42
New Pembroke #2,1,11,42
Champlin,0,4,42
No Show,17,59,42
Woolley,0,30,42
Grad Center C,0,19,42
Drop to 508,0,1,42
New Pembroke #4,0,21,42
Drop to 159,0,1,42
Metcalf,0,33,42
Drop to 463,0,3,42
Plantations House,0,10,42
Grad Center B,0,19,42
Drop to 171,0,1,42
Slater Hall,0,23,42
Sears House,4,24,42
Jameson House,3,8,42
Chapin House,8,20,42
Drop to 603,0,1,42
Young Orchard #10,0,13,42
Grad Center A,0,17,42
Barbour Hall,4,16,42
111 Brown Street,0,6,42
Drop to 649,1,1,42
Minden,0,49,42
Bronson House,0,7,42
Mead House,0,10,42
Archibald House,0,12,42
Drop to 280,0,1,42
Emery,0,17,42
Gregorian Quad A,0,52,42
Drop to 494,0,1,42
Drop to 536,0,1,42
Drop to 351,0,1,42
West Andrews,1,28,42
Poland House,0,19,42
New Pembroke #1,1,18,42
Wayland House,0,18,42
Drop to 162,0,1,42
Drop to 354,0,1,42
Gregorian Quad B,0,53,42
Everett House,1,5,42
Miller,0,20,42
Barbour Hall Apartments,0,25,42
Drop to 276,0,2,42
Drop to 108,0,1,42
Drop to 670,0,1,42
Drop to 396,0,1,42
Drop to 633,0,1,42
Grad Center D,0,18,42
Diman House,3,29,42
East Andrews,2,29,42
Pass,61,83,42
Machado,1,5,42
Drop to 591,0,1,42
Drop to 459,0,1,42
Caswell Hall,0,43,42
Olney House,2,9,42
Harkness House,0,17,42
Marcy House,2,11,42
Hegeman,0,42,42
Goddard House,3,30,42
Morriss Hall,0,3,42
Young Orchard #4,0,12,42
Drop to 529,0,1,42
Young Orchard #2,0,13,42
Hope College,0,11,42
Drop to 523,0,1,42
New Pembroke #3,0,10,42
New Pembroke #2,1,11,42
Champlin,0,4,42
No Show,17,59,42
Woolley,0,30,42
Grad Center C,0,19,42
Drop to 508,0,1,42
New Pembroke #4,0,21,42
Drop to 159,0,1,42
Metcalf,0,33,42
Drop to 463,0,3,42
Plantations House,0,10,42
Grad Center B,0,19,42
Drop to 171,0,1,42
Slater Hall,0,23,42
Sears House,3,24,42
Jameson House,3,8,42
Chapin House,8,20,42
Drop to 603,0,1,42
Young Orchard #10,0,13,42
Grad Center A,0,17,42
Barbour Hall,4,16,42
111 Brown Street,0,6,42
Drop to 649,1,1,42
Minden,0,49,42
Bronson House,0,7,42
Mead House,0,10,42
Archibald House,0,12,42
Drop to 280,0,1,42
Emery,0,17,42
Gregorian Quad A,0,52,42
Drop to 494,0,1,42
Drop to 536,0,1,42
Drop to 351,0,1,42
West Andrews,1,28,42
Poland House,0,19,42
New Pembroke #1,1,18,42
Wayland House,0,18,42
Drop to 162,0,1,42
Drop to 354,0,1,42
Gregorian Quad B,0,53,42
Everett House,1,5,42
Miller,0,20,42
Barbour Hall Apartments,0,25,42
Drop to 276,0,2,42
Drop to 108,0,1,42
Drop to 670,0,1,42
Drop to 396,0,1,42
Drop to 633,0,1,42
Grad Center D,0,18,42
Diman House,3,29,42
East Andrews,2,29,42
Pass,61,83,42
Machado,1,5,42
Drop to 591,0,1,42
Drop to 459,0,1,42
Caswell Hall,0,43,43
Olney House,0,9,43
Harkness House,0,17,43
Marcy House,0,11,43
Hegeman,0,42,43
Goddard House,0,30,43
Morriss Hall,0,3,43
Young Orchard #4,0,12,43
Drop to 529,0,1,43
Young Orchard #2,0,13,43
Hope College,0,11,43
Drop to 523,0,1,43
New Pembroke #3,0,10,43
New Pembroke #2,0,11,43
Champlin,0,4,43
No Show,17,59,43
Woolley,0,30,43
Grad Center C,0,19,43
Drop to 508,0,1,43
New Pembroke #4,0,21,43
Drop to 159,0,1,43
Metcalf,0,33,43
Drop to 463,0,3,43
Plantations House,0,10,43
Grad Center B,0,19,43
Drop to 171,0,1,43
Slater Hall,0,23,43
Sears House,1,24,43
Jameson House,2,8,43
Chapin House,2,20,43
Drop to 603,0,1,43
Young Orchard #10,0,13,43
Grad Center A,0,17,43
Barbour Hall,1,16,43
111 Brown Street,0,6,43
Drop to 649,0,1,43
Minden,0,49,43
Bronson House,0,7,43
Mead House,0,10,43
Archibald House,0,12,43
Drop to 280,0,1,43
Emery,0,17,43
Gregorian Quad A,0,52,43
Drop to 494,0,1,43
Drop to 536,0,1,43
Drop to 351,0,1,43
West Andrews,1,28,43
Poland House,0,19,43
New Pembroke #1,0,18,43
Wayland House,0,18,43
Drop to 162,0,1,43
Drop to 354,0,1,43
Gregorian Quad B,0,53,43
Everett House,1,5,43
Miller,0,20,43
Barbour Hall Apartments,0,25,43
Drop to 276,0,2,43
Drop to 108,0,1,43
Drop to 670,0,1,43
Drop to 396,0,1,43
Drop to 633,0,1,43
Grad Center D,0,18,43
Diman House,0,29,43
East Andrews,2,29,43
Pass,59,83,43
Machado,0,5,43
Drop to 591,0,1,43
Drop to 459,0,1,43
Caswell Hall,0,43,44
Olney House,0,9,44
Harkness House,0,17,44
Marcy House,0,11,44
Hegeman,0,42,44
Goddard House,0,30,44
Morriss Hall,0,3,44
Young Orchard #4,0,12,44
Drop to 529,0,1,44
Young Orchard #2,0,13,44
Hope College,0,11,44
Drop to 523,0,1,44
New Pembroke #3,0,10,44
New Pembroke #2,0,11,44
Champlin,0,4,44
No Show,16,59,44
Woolley,0,30,44
Grad Center C,0,19,44
Drop to 508,0,1,44
New Pembroke #4,0,21,44
Drop to 159,0,1,44
Metcalf,0,33,44
Drop to 463,0,3,44
Plantations House,0,10,44
Grad Center B,0,19,44
Drop to 171,0,1,44
Slater Hall,0,23,44
Sears House,0,24,44
Jameson House,2,8,44
Chapin House,0,20,44
Drop to 603,0,1,44
Young Orchard #10,0,13,44
Grad Center A,0,17,44
Barbour Hall,1,16,44
111 Brown Street,0,6,44
Drop to 649,0,1,44
Minden,0,49,44
Bronson House,0,7,44
Mead House,0,10,44
Archibald House,0,12,44
Drop to 280,0,1,44
Emery,0,17,44
Gregorian Quad A,0,52,44
Drop to 494,0,1,44
Drop to 536,0,1,44
Drop to 351,0,1,44
West Andrews,0,28,44
Poland House,0,19,44
New Pembroke #1,0,18,44
Wayland House,0,18,44
Drop to 162,0,1,44
Drop to 354,0,1,44
Gregorian Quad B,0,53,44
Everett House,1,5,44
Miller,0,20,44
Barbour Hall Apartments,0,25,44
Drop to 276,0,2,44
Drop to 108,0,1,44
Drop to 670,0,1,44
Drop to 396,0,1,44
Drop to 633,0,1,44
Grad Center D,0,18,44
Diman House,0,29,44
East Andrews,1,29,44
Pass,47,83,44
Machado,0,5,44
Drop to 591,0,1,44
Drop to 459,0,1,44
Caswell Hall,0,43,45
Olney House,0,9,45
Harkness House,0,17,45
Marcy House,0,11,45
Hegeman,0,42,45
Goddard House,0,30,45
Morriss Hall,0,3,45
Young Orchard #4,0,12,45
Drop to 529,0,1,45
Young Orchard #2,0,13,45
Hope College,0,11,45
Drop to 523,0,1,45
New Pembroke #3,0,10,45
New Pembroke #2,0,11,45
Champlin,0,4,45
No Show,13,59,45
Woolley,0,30,45
Grad Center C,0,19,45
Drop to 508,0,1,45
New Pembroke #4,0,21,45
Drop to 159,0,1,45
Metcalf,0,33,45
Drop to 463,0,3,45
Plantations House,0,10,45
Grad Center B,0,19,45
Drop to 171,0,1,45
Slater Hall,0,23,45
Sears House,0,24,45
Jameson House,0,8,45
Chapin House,0,20,45
Drop to 603,0,1,45
Young Orchard #10,0,13,45
Grad Center A,0,17,45
Barbour Hall,1,16,45
111 Brown Street,0,6,45
Drop to 649,0,1,45
Minden,0,49,45
Bronson House,0,7,45
Mead House,0,10,45
Archibald House,0,12,45
Drop to 280,0,1,45
Emery,0,17,45
Gregorian Quad A,0,52,45
Drop to 494,0,1,45
Drop to 536,0,1,45
Drop to 351,0,1,45
West Andrews,0,28,45
Poland House,0,19,45
New Pembroke #1,0,18,45
Wayland House,0,18,45
Drop to 162,0,1,45
Drop to 354,0,1,45
Gregorian Quad B,0,53,45
Everett House,1,5,45
Miller,0,20,45
Barbour Hall Apartments,0,25,45
Drop to 276,0,2,45
Drop to 108,0,1,45
Drop to 670,0,1,45
Drop to 396,0,1,45
Drop to 633,0,1,45
Grad Center D,0,18,45
Diman House,0,29,45
East Andrews,0,29,45
Pass,37,83,45
Machado,0,5,45
Drop to 591,0,1,45
Drop to 459,0,1,45
Caswell Hall,0,43,46
Olney House,0,9,46
Harkness House,0,17,46
Marcy House,0,11,46
Hegeman,0,42,46
Goddard House,0,30,46
Morriss Hall,0,3,46
Young Orchard #4,0,12,46
Drop to 529,0,1,46
Young Orchard #2,0,13,46
Hope College,0,11,46
Drop to 523,0,1,46
New Pembroke #3,0,10,46
New Pembroke #2,0,11,46
Champlin,0,4,46
No Show,11,59,46
Woolley,0,30,46
Grad Center C,0,19,46
Drop to 508,0,1,46
New Pembroke #4,0,21,46
Drop to 159,0,1,46
Metcalf,0,33,46
Drop to 463,0,3,46
Plantations House,0,10,46
Grad Center B,0,19,46
Drop to 171,0,1,46
Slater Hall,0,23,46
Sears House,0,24,46
Jameson House,0,8,46
Chapin House,0,20,46
Drop to 603,0,1,46
Young Orchard #10,0,13,46
Grad Center A,0,17,46
Barbour Hall,1,16,46
111 Brown Street,0,6,46
Drop to 649,0,1,46
Minden,0,49,46
Bronson House,0,7,46
Mead House,0,10,46
Archibald House,0,12,46
Drop to 280,0,1,46
Emery,0,17,46
Gregorian Quad A,0,52,46
Drop to 494,0,1,46
Drop to 536,0,1,46
Drop to 351,0,1,46
West Andrews,0,28,46
Poland House,0,19,46
New Pembroke #1,0,18,46
Wayland House,0,18,46
Drop to 162,0,1,46
Drop to 354,0,1,46
Gregorian Quad B,0,53,46
Everett House,0,5,46
Miller,0,20,46
Barbour Hall Apartments,0,25,46
Drop to 276,0,2,46
Drop to 108,0,1,46
Drop to 670,0,1,46
Drop to 396,0,1,46
Drop to 633,0,1,46
Grad Center D,0,18,46
Diman House,0,29,46
East Andrews,0,29,46
Pass,25,83,46
Machado,0,5,46
Drop to 591,0,1,46
Drop to 459,0,1,46
Caswell Hall,0,43,47
Olney House,0,9,47
Harkness House,0,17,47
Marcy House,0,11,47
Hegeman,0,42,47
Goddard House,0,30,47
Morriss Hall,0,3,47
Young Orchard #4,0,12,47
Drop to 529,0,1,47
Young Orchard #2,0,13,47
Hope College,0,11,47
Drop to 523,0,1,47
New Pembroke #3,0,10,47
New Pembroke #2,0,11,47
Champlin,0,4,47
No Show,9,59,47
Woolley,0,30,47
Grad Center C,0,19,47
Drop to 508,0,1,47
New Pembroke #4,0,21,47
Drop to 159,0,1,47
Metcalf,0,33,47
Drop to 463,0,3,47
Plantations House,0,10,47
Grad Center B,0,19,47
Drop to 171,0,1,47
Slater Hall,0,23,47
Sears House,0,24,47
Jameson House,0,8,47
Chapin House,0,20,47
Drop to 603,0,1,47
Young Orchard #10,0,13,47
Grad Center A,0,17,47
Barbour Hall,1,16,47
111 Brown Street,0,6,47
Drop to 649,0,1,47
Minden,0,49,47
Bronson House,0,7,47
Mead House,0,10,47
Archibald House,0,12,47
Drop to 280,0,1,47
Emery,0,17,47
Gregorian Quad A,0,52,47
Drop to 494,0,1,47
Drop to 536,0,1,47
Drop to 351,0,1,47
West Andrews,0,28,47
Poland House,0,19,47
New Pembroke #1,0,18,47
Wayland House,0,18,47
Drop to 162,0,1,47
Drop to 354,0,1,47
Gregorian Quad B,0,53,47
Everett House,0,5,47
Miller,0,20,47
Barbour Hall Apartments,0,25,47
Drop to 276,0,2,47
Drop to 108,0,1,47
Drop to 670,0,1,47
Drop to 396,0,1,47
Drop to 633,0,1,47
Grad Center D,0,18,47
Diman House,0,29,47
East Andrews,0,29,47
Pass,12,83,47
Machado,0,5,47
Drop to 591,0,1,47
Drop to 459,0,1,47
Caswell Hall,0,43,48
Olney House,0,9,48
Harkness House,0,17,48
Marcy House,0,11,48
Hegeman,0,42,48
Goddard House,0,30,48
Morriss Hall,0,3,48
Young Orchard #4,0,12,48
Drop to 529,0,1,48
Young Orchard #2,0,13,48
Hope College,0,11,48
Drop to 523,0,1,48
New Pembroke #3,0,10,48
New Pembroke #2,0,11,48
Champlin,0,4,48
No Show,5,59,48
Woolley,0,30,48
Grad Center C,0,19,48
Drop to 508,0,1,48
New Pembroke #4,0,21,48
Drop to 159,0,1,48
Metcalf,0,33,48
Drop to 463,0,3,48
Plantations House,0,10,48
Grad Center B,0,19,48
Drop to 171,0,1,48
Slater Hall,0,23,48
Sears House,0,24,48
Jameson House,0,8,48
Chapin House,0,20,48
Drop to 603,0,1,48
Young Orchard #10,0,13,48
Grad Center A,0,17,48
Barbour Hall,0,16,48
111 Brown Street,0,6,48
Drop to 649,0,1,48
Minden,0,49,48
Bronson House,0,7,48
Mead House,0,10,48
Archibald House,0,12,48
Drop to 280,0,1,48
Emery,0,17,48
Gregorian Quad A,0,52,48
Drop to 494,0,1,48
Drop to 536,0,1,48
Drop to 351,0,1,48
West Andrews,0,28,48
Poland House,0,19,48
New Pembroke #1,0,18,48
Wayland House,0,18,48
Drop to 162,0,1,48
Drop to 354,0,1,48
Gregorian Quad B,0,53,48
Everett House,0,5,48
Miller,0,20,48
Barbour Hall Apartments,0,25,48
Drop to 276,0,2,48
Drop to 108,0,1,48
Drop to 670,0,1,48
Drop to 396,0,1,48
Drop to 633,0,1,48
Grad Center D,0,18,48
Diman House,0,29,48
East Andrews,0,29,48
Pass,2,83,48
Machado,0,5,48
Drop to 591,0,1,48
Drop to 459,0,1,48
