res_hall,remaining,total,num_picks
Caswell Hall,44,44,1
Drop To 398,1,1,1
Drop To 692,1,1,1
Harkness House,9,9,1
Drop To 377,1,1,1
Hegeman,24,24,1
Drop To 414,1,1,1
Drop To 415,3,3,1
Drop To 145,1,1,1
Pass,77,77,1
Goddard House,30,30,1
Morriss Hall,4,4,1
Young Orchard #4,13,13,1
Young Orchard #2,12,12,1
Hope College,39,39,1
Machado,12,12,1
New Pembroke #3,9,9,1
Drop To 179,3,3,1
Grad Center D,105,105,1
No Show,62,62,1
Drop To 474,1,1,1
Champlin,5,5,1
New Pembroke #4,21,21,1
Plantations House,9,9,1
Woolley,26,27,1
Drop To 304,1,1,1
Slater Hall,15,21,1
Drop To 139,1,1,1
Drop To 564,1,1,1
Chapin House,15,15,1
Gregorian Quad A,76,76,1
Drop To 488,1,1,1
Gregorian Quad B,53,53,1
Barbour Hall,14,14,1
111 Brown Street,6,6,1
Minden,48,55,1
Olney House,7,7,1
Young Orchard #10,10,10,1
Drop To 248,1,1,1
Drop To 261,1,1,1
Drop To 365,1,1,1
Littlefield Hall,24,24,1
Drop To 151,1,1,1
Drop To 402,1,1,1
Emery,16,19,1
Grad Center B,17,17,1
Drop To 394,1,1,1
Drop To 413,1,1,1
Drop To 284,1,1,1
Drop To 421,1,1,1
Drop To 29,1,1,1
Drop To 441,2,2,1
New Pembroke #1,17,17,1
Drop To 587,1,1,1
Grad Center A,16,16,1
Drop To 617,1,1,1
Barbour Hall Apartments,27,27,1
Grad Center C,17,17,1
315 Thayer,18,19,1
Sears House,16,16,1
Diman House,12,12,1
Marcy House,14,14,1
Drop To 215,1,1,1
Drop To 554,1,1,1
Caswell Hall,44,44,2
Drop To 398,1,1,2
Drop To 692,1,1,2
Harkness House,9,9,2
Drop To 377,1,1,2
Hegeman,24,24,2
Drop To 414,1,1,2
Drop To 415,3,3,2
Drop To 145,1,1,2
Pass,76,77,2
Goddard House,29,30,2
Morriss Hall,4,4,2
Young Orchard #4,13,13,2
Young Orchard #2,12,12,2
Hope College,39,39,2
Machado,12,12,2
New Pembroke #3,8,9,2
Drop To 179,3,3,2
Grad Center D,105,105,2
No Show,62,62,2
Drop To 474,1,1,2
Champlin,5,5,2
New Pembroke #4,19,21,2
Plantations House,9,9,2
Woolley,24,27,2
Drop To 304,1,1,2
Slater Hall,15,21,2
Drop To 139,1,1,2
Drop To 564,1,1,2
Chapin House,15,15,2
Gregorian Quad A,76,76,2
Drop To 488,1,1,2
Gregorian Quad B,50,53,2
Barbour Hall,13,14,2
111 Brown Street,6,6,2
Minden,48,55,2
Olney House,7,7,2
Young Orchard #10,10,10,2
Drop To 248,1,1,2
Drop To 261,1,1,2
Drop To 365,1,1,2
Littlefield Hall,24,24,2
Drop To 151,1,1,2
Drop To 402,1,1,2
Emery,15,19,2
Grad Center B,17,17,2
Drop To 394,1,1,2
Drop To 413,1,1,2
Drop To 284,1,1,2
Drop To 421,1,1,2
Drop To 29,0,1,2
Drop To 441,2,2,2
New Pembroke #1,17,17,2
Drop To 587,1,1,2
Grad Center A,16,16,2
Drop To 617,1,1,2
Barbour Hall Apartments,27,27,2
Grad Center C,17,17,2
315 Thayer,13,19,2
Sears House,16,16,2
Diman House,12,12,2
Marcy House,14,14,2
Drop To 215,1,1,2
Drop To 554,1,1,2
Caswell Hall,44,44,3
Drop To 398,1,1,3
Drop To 692,1,1,3
Harkness House,9,9,3
Drop To 377,1,1,3
Hegeman,24,24,3
Drop To 414,1,1,3
Drop To 415,3,3,3
Drop To 145,1,1,3
Pass,76,77,3
Goddard House,29,30,3
Morriss Hall,4,4,3
Young Orchard #4,13,13,3
Young Orchard #2,12,12,3
Hope College,39,39,3
Machado,12,12,3
New Pembroke #3,7,9,3
Drop To 179,3,3,3
Grad Center D,104,105,3
No Show,62,62,3
Drop To 474,1,1,3
Champlin,5,5,3
New Pembroke #4,17,21,3
Plantations House,8,9,3
Woolley,24,27,3
Drop To 304,1,1,3
Slater Hall,15,21,3
Drop To 139,1,1,3
Drop To 564,1,1,3
Chapin House,15,15,3
Gregorian Quad A,72,76,3
Drop To 488,1,1,3
Gregorian Quad B,44,53,3
Barbour Hall,13,14,3
111 Brown Street,6,6,3
Minden,47,55,3
Olney House,7,7,3
Young Orchard #10,10,10,3
Drop To 248,1,1,3
Drop To 261,1,1,3
Drop To 365,1,1,3
Littlefield Hall,24,24,3
Drop To 151,1,1,3
Drop To 402,1,1,3
Emery,13,19,3
Grad Center B,17,17,3
Drop To 394,1,1,3
Drop To 413,1,1,3
Drop To 284,1,1,3
Drop To 421,1,1,3
Drop To 29,0,1,3
Drop To 441,2,2,3
New Pembroke #1,17,17,3
Drop To 587,1,1,3
Grad Center A,16,16,3
Drop To 617,1,1,3
Barbour Hall Apartments,27,27,3
Grad Center C,17,17,3
315 Thayer,10,19,3
Sears House,16,16,3
Diman House,12,12,3
Marcy House,14,14,3
Drop To 215,1,1,3
Drop To 554,1,1,3
Caswell Hall,44,44,4
Drop To 398,1,1,4
Drop To 692,1,1,4
Harkness House,9,9,4
Drop To 377,1,1,4
Hegeman,24,24,4
Drop To 414,1,1,4
Drop To 415,3,3,4
Drop To 145,1,1,4
Pass,76,77,4
Goddard House,29,30,4
Morriss Hall,4,4,4
Young Orchard #4,13,13,4
Young Orchard #2,12,12,4
Hope College,39,39,4
Machado,12,12,4
New Pembroke #3,7,9,4
Drop To 179,3,3,4
Grad Center D,104,105,4
No Show,60,62,4
Drop To 474,1,1,4
Champlin,5,5,4
New Pembroke #4,17,21,4
Plantations House,6,9,4
Woolley,21,27,4
Drop To 304,1,1,4
Slater Hall,15,21,4
Drop To 139,1,1,4
Drop To 564,1,1,4
Chapin House,15,15,4
Gregorian Quad A,71,76,4
Drop To 488,1,1,4
Gregorian Quad B,40,53,4
Barbour Hall,13,14,4
111 Brown Street,6,6,4
Minden,47,55,4
Olney House,6,7,4
Young Orchard #10,10,10,4
Drop To 248,1,1,4
Drop To 261,1,1,4
Drop To 365,1,1,4
Littlefield Hall,24,24,4
Drop To 151,1,1,4
Drop To 402,1,1,4
Emery,12,19,4
Grad Center B,17,17,4
Drop To 394,1,1,4
Drop To 413,1,1,4
Drop To 284,1,1,4
Drop To 421,1,1,4
Drop To 29,0,1,4
Drop To 441,2,2,4
New Pembroke #1,17,17,4
Drop To 587,1,1,4
Grad Center A,16,16,4
Drop To 617,1,1,4
Barbour Hall Apartments,27,27,4
Grad Center C,17,17,4
315 Thayer,7,19,4
Sears House,16,16,4
Diman House,12,12,4
Marcy House,14,14,4
Drop To 215,1,1,4
Drop To 554,1,1,4
Caswell Hall,44,44,5
Drop To 398,1,1,5
Drop To 692,1,1,5
Harkness House,9,9,5
Drop To 377,1,1,5
Hegeman,24,24,5
Drop To 414,1,1,5
Drop To 415,3,3,5
Drop To 145,1,1,5
Pass,76,77,5
Goddard House,29,30,5
Morriss Hall,4,4,5
Young Orchard #4,13,13,5
Young Orchard #2,12,12,5
Hope College,39,39,5
Machado,11,12,5
New Pembroke #3,7,9,5
Drop To 179,3,3,5
Grad Center D,104,105,5
No Show,59,62,5
Drop To 474,1,1,5
Champlin,4,5,5
New Pembroke #4,17,21,5
Plantations House,5,9,5
Woolley,19,27,5
Drop To 304,1,1,5
Slater Hall,15,21,5
Drop To 139,1,1,5
Drop To 564,1,1,5
Chapin House,15,15,5
Gregorian Quad A,62,76,5
Drop To 488,1,1,5
Gregorian Quad B,37,53,5
Barbour Hall,13,14,5
111 Brown Street,6,6,5
Minden,47,55,5
Olney House,6,7,5
Young Orchard #10,10,10,5
Drop To 248,1,1,5
Drop To 261,1,1,5
Drop To 365,1,1,5
Littlefield Hall,24,24,5
Drop To 151,1,1,5
Drop To 402,1,1,5
Emery,12,19,5
Grad Center B,17,17,5
Drop To 394,1,1,5
Drop To 413,1,1,5
Drop To 284,1,1,5
Drop To 421,1,1,5
Drop To 29,0,1,5
Drop To 441,2,2,5
New Pembroke #1,17,17,5
Drop To 587,1,1,5
Grad Center A,16,16,5
Drop To 617,1,1,5
Barbour Hall Apartments,26,27,5
Grad Center C,17,17,5
315 Thayer,5,19,5
Sears House,16,16,5
Diman House,12,12,5
Marcy House,14,14,5
Drop To 215,1,1,5
Drop To 554,1,1,5
Caswell Hall,44,44,6
Drop To 398,1,1,6
Drop To 692,1,1,6
Harkness House,9,9,6
Drop To 377,1,1,6
Hegeman,24,24,6
Drop To 414,1,1,6
Drop To 415,3,3,6
Drop To 145,1,1,6
Pass,76,77,6
Goddard House,29,30,6
Morriss Hall,4,4,6
Young Orchard #4,13,13,6
Young Orchard #2,8,12,6
Hope College,39,39,6
Machado,11,12,6
New Pembroke #3,7,9,6
Drop To 179,3,3,6
Grad Center D,104,105,6
No Show,56,62,6
Drop To 474,1,1,6
Champlin,4,5,6
New Pembroke #4,16,21,6
Plantations House,5,9,6
Woolley,16,27,6
Drop To 304,1,1,6
Slater Hall,15,21,6
Drop To 139,1,1,6
Drop To 564,1,1,6
Chapin House,15,15,6
Gregorian Quad A,61,76,6
Drop To 488,1,1,6
Gregorian Quad B,29,53,6
Barbour Hall,13,14,6
111 Brown Street,6,6,6
Minden,47,55,6
Olney House,5,7,6
Young Orchard #10,10,10,6
Drop To 248,1,1,6
Drop To 261,1,1,6
Drop To 365,1,1,6
Littlefield Hall,24,24,6
Drop To 151,1,1,6
Drop To 402,1,1,6
Emery,12,19,6
Grad Center B,17,17,6
Drop To 394,1,1,6
Drop To 413,1,1,6
Drop To 284,1,1,6
Drop To 421,1,1,6
Drop To 29,0,1,6
Drop To 441,2,2,6
New Pembroke #1,17,17,6
Drop To 587,1,1,6
Grad Center A,16,16,6
Drop To 617,1,1,6
Barbour Hall Apartments,25,27,6
Grad Center C,17,17,6
315 Thayer,5,19,6
Sears House,16,16,6
Diman House,12,12,6
Marcy House,14,14,6
Drop To 215,1,1,6
Drop To 554,1,1,6
Caswell Hall,44,44,7
Drop To 398,1,1,7
Drop To 692,1,1,7
Harkness House,9,9,7
Drop To 377,1,1,7
Hegeman,24,24,7
Drop To 414,1,1,7
Drop To 415,3,3,7
Drop To 145,1,1,7
Pass,76,77,7
Goddard House,29,30,7
Morriss Hall,4,4,7
Young Orchard #4,13,13,7
Young Orchard #2,7,12,7
Hope College,39,39,7
Machado,10,12,7
New Pembroke #3,7,9,7
Drop To 179,3,3,7
Grad Center D,104,105,7
No Show,56,62,7
Drop To 474,1,1,7
Champlin,1,5,7
New Pembroke #4,16,21,7
Plantations House,5,9,7
Woolley,12,27,7
Drop To 304,1,1,7
Slater Hall,15,21,7
Drop To 139,1,1,7
Drop To 564,1,1,7
Chapin House,15,15,7
Gregorian Quad A,59,76,7
Drop To 488,1,1,7
Gregorian Quad B,27,53,7
Barbour Hall,13,14,7
111 Brown Street,6,6,7
Minden,46,55,7
Olney House,5,7,7
Young Orchard #10,10,10,7
Drop To 248,1,1,7
Drop To 261,1,1,7
Drop To 365,1,1,7
Littlefield Hall,24,24,7
Drop To 151,1,1,7
Drop To 402,1,1,7
Emery,9,19,7
Grad Center B,17,17,7
Drop To 394,1,1,7
Drop To 413,1,1,7
Drop To 284,1,1,7
Drop To 421,1,1,7
Drop To 29,0,1,7
Drop To 441,2,2,7
New Pembroke #1,17,17,7
Drop To 587,1,1,7
Grad Center A,16,16,7
Drop To 617,1,1,7
Barbour Hall Apartments,25,27,7
Grad Center C,17,17,7
315 Thayer,3,19,7
Sears House,14,16,7
Diman House,12,12,7
Marcy House,14,14,7
Drop To 215,1,1,7
Drop To 554,1,1,7
Caswell Hall,44,44,8
Drop To 398,1,1,8
Drop To 692,1,1,8
Harkness House,9,9,8
Drop To 377,1,1,8
Hegeman,23,24,8
Drop To 414,1,1,8
Drop To 415,3,3,8
Drop To 145,1,1,8
Pass,76,77,8
Goddard House,27,30,8
Morriss Hall,4,4,8
Young Orchard #4,9,13,8
Young Orchard #2,6,12,8
Hope College,39,39,8
Machado,9,12,8
New Pembroke #3,6,9,8
Drop To 179,3,3,8
Grad Center D,101,105,8
No Show,56,62,8
Drop To 474,1,1,8
Champlin,1,5,8
New Pembroke #4,16,21,8
Plantations House,5,9,8
Woolley,9,27,8
Drop To 304,1,1,8
Slater Hall,15,21,8
Drop To 139,1,1,8
Drop To 564,1,1,8
Chapin House,15,15,8
Gregorian Quad A,58,76,8
Drop To 488,1,1,8
Gregorian Quad B,27,53,8
Barbour Hall,13,14,8
111 Brown Street,6,6,8
Minden,45,55,8
Olney House,5,7,8
Young Orchard #10,10,10,8
Drop To 248,1,1,8
Drop To 261,1,1,8
Drop To 365,1,1,8
Littlefield Hall,24,24,8
Drop To 151,1,1,8
Drop To 402,1,1,8
Emery,9,19,8
Grad Center B,17,17,8
Drop To 394,1,1,8
Drop To 413,1,1,8
Drop To 284,1,1,8
Drop To 421,1,1,8
Drop To 29,0,1,8
Drop To 441,2,2,8
New Pembroke #1,17,17,8
Drop To 587,1,1,8
Grad Center A,16,16,8
Drop To 617,1,1,8
Barbour Hall Apartments,25,27,8
Grad Center C,17,17,8
315 Thayer,3,19,8
Sears House,13,16,8
Diman House,12,12,8
Marcy House,14,14,8
Drop To 215,1,1,8
Drop To 554,1,1,8
Caswell Hall,44,44,9
Drop To 398,1,1,9
Drop To 692,1,1,9
Harkness House,9,9,9
Drop To 377,1,1,9
Hegeman,23,24,9
Drop To 414,1,1,9
Drop To 415,3,3,9
Drop To 145,1,1,9
Pass,76,77,9
Goddard House,20,30,9
Morriss Hall,4,4,9
Young Orchard #4,9,13,9
Young Orchard #2,6,12,9
Hope College,39,39,9
Machado,5,12,9
New Pembroke #3,4,9,9
Drop To 179,3,3,9
Grad Center D,101,105,9
No Show,56,62,9
Drop To 474,1,1,9
Champlin,0,5,9
New Pembroke #4,16,21,9
Plantations House,5,9,9
Woolley,7,27,9
Drop To 304,1,1,9
Slater Hall,15,21,9
Drop To 139,0,1,9
Drop To 564,1,1,9
Chapin House,15,15,9
Gregorian Quad A,58,76,9
Drop To 488,1,1,9
Gregorian Quad B,26,53,9
Barbour Hall,13,14,9
111 Brown Street,6,6,9
Minden,43,55,9
Olney House,5,7,9
Young Orchard #10,10,10,9
Drop To 248,1,1,9
Drop To 261,1,1,9
Drop To 365,1,1,9
Littlefield Hall,24,24,9
Drop To 151,1,1,9
Drop To 402,1,1,9
Emery,4,19,9
Grad Center B,17,17,9
Drop To 394,1,1,9
Drop To 413,1,1,9
Drop To 284,1,1,9
Drop To 421,1,1,9
Drop To 29,0,1,9
Drop To 441,2,2,9
New Pembroke #1,17,17,9
Drop To 587,1,1,9
Grad Center A,16,16,9
Drop To 617,1,1,9
Barbour Hall Apartments,24,27,9
Grad Center C,17,17,9
315 Thayer,2,19,9
Sears House,13,16,9
Diman House,12,12,9
Marcy House,14,14,9
Drop To 215,1,1,9
Drop To 554,1,1,9
Caswell Hall,44,44,10
Drop To 398,1,1,10
Drop To 692,1,1,10
Harkness House,9,9,10
Drop To 377,1,1,10
Hegeman,21,24,10
Drop To 414,1,1,10
Drop To 415,3,3,10
Drop To 145,0,1,10
Pass,76,77,10
Goddard House,17,30,10
Morriss Hall,4,4,10
Young Orchard #4,9,13,10
Young Orchard #2,6,12,10
Hope College,39,39,10
Machado,4,12,10
New Pembroke #3,4,9,10
Drop To 179,3,3,10
Grad Center D,100,105,10
No Show,55,62,10
Drop To 474,1,1,10
Champlin,0,5,10
New Pembroke #4,15,21,10
Plantations House,5,9,10
Woolley,1,27,10
Drop To 304,1,1,10
Slater Hall,15,21,10
Drop To 139,0,1,10
Drop To 564,1,1,10
Chapin House,15,15,10
Gregorian Quad A,57,76,10
Drop To 488,1,1,10
Gregorian Quad B,25,53,10
Barbour Hall,13,14,10
111 Brown Street,6,6,10
Minden,43,55,10
Olney House,5,7,10
Young Orchard #10,10,10,10
Drop To 248,1,1,10
Drop To 261,1,1,10
Drop To 365,1,1,10
Littlefield Hall,24,24,10
Drop To 151,0,1,10
Drop To 402,1,1,10
Emery,4,19,10
Grad Center B,17,17,10
Drop To 394,1,1,10
Drop To 413,1,1,10
Drop To 284,1,1,10
Drop To 421,1,1,10
Drop To 29,0,1,10
Drop To 441,2,2,10
New Pembroke #1,17,17,10
Drop To 587,1,1,10
Grad Center A,16,16,10
Drop To 617,1,1,10
Barbour Hall Apartments,23,27,10
Grad Center C,17,17,10
315 Thayer,1,19,10
Sears House,13,16,10
Diman House,12,12,10
Marcy House,14,14,10
Drop To 215,1,1,10
Drop To 554,1,1,10
Caswell Hall,44,44,11
Drop To 398,1,1,11
Drop To 692,1,1,11
Harkness House,9,9,11
Drop To 377,1,1,11
Hegeman,20,24,11
Drop To 414,1,1,11
Drop To 415,3,3,11
Drop To 145,0,1,11
Pass,75,77,11
Goddard House,16,30,11
Morriss Hall,4,4,11
Young Orchard #4,9,13,11
Young Orchard #2,6,12,11
Hope College,39,39,11
Machado,3,12,11
New Pembroke #3,2,9,11
Drop To 179,3,3,11
Grad Center D,99,105,11
No Show,54,62,11
Drop To 474,1,1,11
Champlin,0,5,11
New Pembroke #4,14,21,11
Plantations House,5,9,11
Woolley,1,27,11
Drop To 304,1,1,11
Slater Hall,15,21,11
Drop To 139,0,1,11
Drop To 564,1,1,11
Chapin House,14,15,11
Gregorian Quad A,55,76,11
Drop To 488,1,1,11
Gregorian Quad B,25,53,11
Barbour Hall,13,14,11
111 Brown Street,6,6,11
Minden,43,55,11
Olney House,5,7,11
Young Orchard #10,10,10,11
Drop To 248,1,1,11
Drop To 261,1,1,11
Drop To 365,1,1,11
Littlefield Hall,24,24,11
Drop To 151,0,1,11
Drop To 402,1,1,11
Emery,1,19,11
Grad Center B,17,17,11
Drop To 394,1,1,11
Drop To 413,1,1,11
Drop To 284,1,1,11
Drop To 421,1,1,11
Drop To 29,0,1,11
Drop To 441,2,2,11
New Pembroke #1,17,17,11
Drop To 587,1,1,11
Grad Center A,16,16,11
Drop To 617,1,1,11
Barbour Hall Apartments,23,27,11
Grad Center C,17,17,11
315 Thayer,1,19,11
Sears House,12,16,11
Diman House,12,12,11
Marcy House,14,14,11
Drop To 215,1,1,11
Drop To 554,1,1,11
Caswell Hall,44,44,12
Drop To 398,1,1,12
Drop To 692,1,1,12
Harkness House,9,9,12
Drop To 377,1,1,12
Hegeman,20,24,12
Drop To 414,1,1,12
Drop To 415,3,3,12
Drop To 145,0,1,12
Pass,75,77,12
Goddard House,15,30,12
Morriss Hall,4,4,12
Young Orchard #4,9,13,12
Young Orchard #2,4,12,12
Hope College,39,39,12
Machado,3,12,12
New Pembroke #3,0,9,12
Drop To 179,0,3,12
Grad Center D,99,105,12
No Show,53,62,12
Drop To 474,1,1,12
Champlin,0,5,12
New Pembroke #4,6,21,12
Plantations House,5,9,12
Woolley,1,27,12
Drop To 304,1,1,12
Slater Hall,15,21,12
Drop To 139,0,1,12
Drop To 564,1,1,12
Chapin House,14,15,12
Gregorian Quad A,53,76,12
Drop To 488,1,1,12
Gregorian Quad B,25,53,12
Barbour Hall,13,14,12
111 Brown Street,6,6,12
Minden,43,55,12
Olney House,5,7,12
Young Orchard #10,10,10,12
Drop To 248,1,1,12
Drop To 261,1,1,12
Drop To 365,1,1,12
Littlefield Hall,24,24,12
Drop To 151,0,1,12
Drop To 402,1,1,12
Emery,0,19,12
Grad Center B,17,17,12
Drop To 394,1,1,12
Drop To 413,1,1,12
Drop To 284,1,1,12
Drop To 421,1,1,12
Drop To 29,0,1,12
Drop To 441,2,2,12
New Pembroke #1,17,17,12
Drop To 587,1,1,12
Grad Center A,16,16,12
Drop To 617,1,1,12
Barbour Hall Apartments,23,27,12
Grad Center C,17,17,12
315 Thayer,1,19,12
Sears House,12,16,12
Diman House,12,12,12
Marcy House,14,14,12
Drop To 215,1,1,12
Drop To 554,1,1,12
Caswell Hall,44,44,13
Drop To 398,1,1,13
Drop To 692,1,1,13
Harkness House,9,9,13
Drop To 377,0,1,13
Hegeman,20,24,13
Drop To 414,1,1,13
Drop To 415,3,3,13
Drop To 145,0,1,13
Pass,75,77,13
Goddard House,12,30,13
Morriss Hall,4,4,13
Young Orchard #4,9,13,13
Young Orchard #2,4,12,13
Hope College,39,39,13
Machado,3,12,13
New Pembroke #3,0,9,13
Drop To 179,0,3,13
Grad Center D,95,105,13
No Show,53,62,13
Drop To 474,1,1,13
Champlin,0,5,13
New Pembroke #4,1,21,13
Plantations House,5,9,13
Woolley,1,27,13
Drop To 304,1,1,13
Slater Hall,14,21,13
Drop To 139,0,1,13
Drop To 564,1,1,13
Chapin House,14,15,13
Gregorian Quad A,53,76,13
Drop To 488,1,1,13
Gregorian Quad B,25,53,13
Barbour Hall,13,14,13
111 Brown Street,6,6,13
Minden,43,55,13
Olney House,5,7,13
Young Orchard #10,10,10,13
Drop To 248,1,1,13
Drop To 261,1,1,13
Drop To 365,1,1,13
Littlefield Hall,24,24,13
Drop To 151,0,1,13
Drop To 402,1,1,13
Emery,0,19,13
Grad Center B,17,17,13
Drop To 394,1,1,13
Drop To 413,1,1,13
Drop To 284,1,1,13
Drop To 421,1,1,13
Drop To 29,0,1,13
Drop To 441,2,2,13
New Pembroke #1,17,17,13
Drop To 587,1,1,13
Grad Center A,16,16,13
Drop To 617,1,1,13
Barbour Hall Apartments,23,27,13
Grad Center C,17,17,13
315 Thayer,1,19,13
Sears House,12,16,13
Diman House,12,12,13
Marcy House,14,14,13
Drop To 215,0,1,13
Drop To 554,1,1,13
Caswell Hall,44,44,14
Drop To 398,1,1,14
Drop To 692,1,1,14
Harkness House,9,9,14
Drop To 377,0,1,14
Hegeman,19,24,14
Drop To 414,1,1,14
Drop To 415,3,3,14
Drop To 145,0,1,14
Pass,75,77,14
Goddard House,11,30,14
Morriss Hall,4,4,14
Young Orchard #4,9,13,14
Young Orchard #2,4,12,14
Hope College,39,39,14
Machado,3,12,14
New Pembroke #3,0,9,14
Drop To 179,0,3,14
Grad Center D,88,105,14
No Show,49,62,14
Drop To 474,1,1,14
Champlin,0,5,14
New Pembroke #4,0,21,14
Plantations House,4,9,14
Woolley,1,27,14
Drop To 304,1,1,14
Slater Hall,14,21,14
Drop To 139,0,1,14
Drop To 564,1,1,14
Chapin House,13,15,14
Gregorian Quad A,53,76,14
Drop To 488,1,1,14
Gregorian Quad B,25,53,14
Barbour Hall,13,14,14
111 Brown Street,6,6,14
Minden,43,55,14
Olney House,5,7,14
Young Orchard #10,10,10,14
Drop To 248,1,1,14
Drop To 261,1,1,14
Drop To 365,1,1,14
Littlefield Hall,24,24,14
Drop To 151,0,1,14
Drop To 402,1,1,14
Emery,0,19,14
Grad Center B,17,17,14
Drop To 394,1,1,14
Drop To 413,1,1,14
Drop To 284,1,1,14
Drop To 421,1,1,14
Drop To 29,0,1,14
Drop To 441,2,2,14
New Pembroke #1,17,17,14
Drop To 587,1,1,14
Grad Center A,16,16,14
Drop To 617,1,1,14
Barbour Hall Apartments,23,27,14
Grad Center C,17,17,14
315 Thayer,1,19,14
Sears House,12,16,14
Diman House,12,12,14
Marcy House,14,14,14
Drop To 215,0,1,14
Drop To 554,1,1,14
Caswell Hall,44,44,15
Drop To 398,1,1,15
Drop To 692,1,1,15
Harkness House,9,9,15
Drop To 377,0,1,15
Hegeman,17,24,15
Drop To 414,1,1,15
Drop To 415,3,3,15
Drop To 145,0,1,15
Pass,75,77,15
Goddard House,11,30,15
Morriss Hall,4,4,15
Young Orchard #4,8,13,15
Young Orchard #2,2,12,15
Hope College,39,39,15
Machado,3,12,15
New Pembroke #3,0,9,15
Drop To 179,0,3,15
Grad Center D,78,105,15
No Show,48,62,15
Drop To 474,1,1,15
Champlin,0,5,15
New Pembroke #4,0,21,15
Plantations House,4,9,15
Woolley,1,27,15
Drop To 304,1,1,15
Slater Hall,14,21,15
Drop To 139,0,1,15
Drop To 564,1,1,15
Chapin House,13,15,15
Gregorian Quad A,52,76,15
Drop To 488,1,1,15
Gregorian Quad B,25,53,15
Barbour Hall,13,14,15
111 Brown Street,6,6,15
Minden,42,55,15
Olney House,5,7,15
Young Orchard #10,10,10,15
Drop To 248,1,1,15
Drop To 261,1,1,15
Drop To 365,1,1,15
Littlefield Hall,24,24,15
Drop To 151,0,1,15
Drop To 402,1,1,15
Emery,0,19,15
Grad Center B,17,17,15
Drop To 394,1,1,15
Drop To 413,1,1,15
Drop To 284,1,1,15
Drop To 421,1,1,15
Drop To 29,0,1,15
Drop To 441,2,2,15
New Pembroke #1,17,17,15
Drop To 587,1,1,15
Grad Center A,16,16,15
Drop To 617,1,1,15
Barbour Hall Apartments,23,27,15
Grad Center C,17,17,15
315 Thayer,1,19,15
Sears House,12,16,15
Diman House,12,12,15
Marcy House,14,14,15
Drop To 215,0,1,15
Drop To 554,1,1,15
Caswell Hall,44,44,16
Drop To 398,1,1,16
Drop To 692,1,1,16
Harkness House,9,9,16
Drop To 377,0,1,16
Hegeman,16,24,16
Drop To 414,1,1,16
Drop To 415,3,3,16
Drop To 145,0,1,16
Pass,75,77,16
Goddard House,11,30,16
Morriss Hall,4,4,16
Young Orchard #4,4,13,16
Young Orchard #2,2,12,16
Hope College,39,39,16
Machado,3,12,16
New Pembroke #3,0,9,16
Drop To 179,0,3,16
Grad Center D,75,105,16
No Show,45,62,16
Drop To 474,1,1,16
Champlin,0,5,16
New Pembroke #4,0,21,16
Plantations House,4,9,16
Woolley,0,27,16
Drop To 304,1,1,16
Slater Hall,14,21,16
Drop To 139,0,1,16
Drop To 564,1,1,16
Chapin House,13,15,16
Gregorian Quad A,52,76,16
Drop To 488,1,1,16
Gregorian Quad B,24,53,16
Barbour Hall,13,14,16
111 Brown Street,6,6,16
Minden,40,55,16
Olney House,5,7,16
Young Orchard #10,10,10,16
Drop To 248,1,1,16
Drop To 261,0,1,16
Drop To 365,1,1,16
Littlefield Hall,24,24,16
Drop To 151,0,1,16
Drop To 402,1,1,16
Emery,0,19,16
Grad Center B,17,17,16
Drop To 394,1,1,16
Drop To 413,1,1,16
Drop To 284,1,1,16
Drop To 421,1,1,16
Drop To 29,0,1,16
Drop To 441,2,2,16
New Pembroke #1,17,17,16
Drop To 587,1,1,16
Grad Center A,16,16,16
Drop To 617,1,1,16
Barbour Hall Apartments,23,27,16
Grad Center C,17,17,16
315 Thayer,1,19,16
Sears House,12,16,16
Diman House,12,12,16
Marcy House,14,14,16
Drop To 215,0,1,16
Drop To 554,1,1,16
Caswell Hall,44,44,17
Drop To 398,1,1,17
Drop To 692,1,1,17
Harkness House,9,9,17
Drop To 377,0,1,17
Hegeman,16,24,17
Drop To 414,1,1,17
Drop To 415,3,3,17
Drop To 145,0,1,17
Pass,74,77,17
Goddard House,11,30,17
Morriss Hall,4,4,17
Young Orchard #4,4,13,17
Young Orchard #2,2,12,17
Hope College,39,39,17
Machado,3,12,17
New Pembroke #3,0,9,17
Drop To 179,0,3,17
Grad Center D,70,105,17
No Show,43,62,17
Drop To 474,1,1,17
Champlin,0,5,17
New Pembroke #4,0,21,17
Plantations House,4,9,17
Woolley,0,27,17
Drop To 304,0,1,17
Slater Hall,13,21,17
Drop To 139,0,1,17
Drop To 564,1,1,17
Chapin House,13,15,17
Gregorian Quad A,48,76,17
Drop To 488,1,1,17
Gregorian Quad B,22,53,17
Barbour Hall,13,14,17
111 Brown Street,6,6,17
Minden,39,55,17
Olney House,5,7,17
Young Orchard #10,9,10,17
Drop To 248,0,1,17
Drop To 261,0,1,17
Drop To 365,1,1,17
Littlefield Hall,24,24,17
Drop To 151,0,1,17
Drop To 402,1,1,17
Emery,0,19,17
Grad Center B,17,17,17
Drop To 394,1,1,17
Drop To 413,1,1,17
Drop To 284,1,1,17
Drop To 421,1,1,17
Drop To 29,0,1,17
Drop To 441,2,2,17
New Pembroke #1,17,17,17
Drop To 587,1,1,17
Grad Center A,16,16,17
Drop To 617,1,1,17
Barbour Hall Apartments,23,27,17
Grad Center C,17,17,17
315 Thayer,1,19,17
Sears House,12,16,17
Diman House,12,12,17
Marcy House,14,14,17
Drop To 215,0,1,17
Drop To 554,1,1,17
Caswell Hall,44,44,18
Drop To 398,1,1,18
Drop To 692,1,1,18
Harkness House,9,9,18
Drop To 377,0,1,18
Hegeman,16,24,18
Drop To 414,1,1,18
Drop To 415,3,3,18
Drop To 145,0,1,18
Pass,74,77,18
Goddard House,11,30,18
Morriss Hall,4,4,18
Young Orchard #4,3,13,18
Young Orchard #2,2,12,18
Hope College,39,39,18
Machado,3,12,18
New Pembroke #3,0,9,18
Drop To 179,0,3,18
Grad Center D,60,105,18
No Show,42,62,18
Drop To 474,1,1,18
Champlin,0,5,18
New Pembroke #4,0,21,18
Plantations House,4,9,18
Woolley,0,27,18
Drop To 304,0,1,18
Slater Hall,13,21,18
Drop To 139,0,1,18
Drop To 564,1,1,18
Chapin House,13,15,18
Gregorian Quad A,46,76,18
Drop To 488,1,1,18
Gregorian Quad B,19,53,18
Barbour Hall,13,14,18
111 Brown Street,6,6,18
Minden,39,55,18
Olney House,5,7,18
Young Orchard #10,8,10,18
Drop To 248,0,1,18
Drop To 261,0,1,18
Drop To 365,1,1,18
Littlefield Hall,24,24,18
Drop To 151,0,1,18
Drop To 402,1,1,18
Emery,0,19,18
Grad Center B,16,17,18
Drop To 394,1,1,18
Drop To 413,1,1,18
Drop To 284,0,1,18
Drop To 421,1,1,18
Drop To 29,0,1,18
Drop To 441,2,2,18
New Pembroke #1,17,17,18
Drop To 587,1,1,18
Grad Center A,16,16,18
Drop To 617,1,1,18
Barbour Hall Apartments,23,27,18
Grad Center C,17,17,18
315 Thayer,1,19,18
Sears House,12,16,18
Diman House,12,12,18
Marcy House,14,14,18
Drop To 215,0,1,18
Drop To 554,1,1,18
Caswell Hall,44,44,18
Drop To 398,1,1,18
Drop To 692,1,1,18
Harkness House,9,9,18
Drop To 377,0,1,18
Hegeman,16,24,18
Drop To 414,1,1,18
Drop To 415,3,3,18
Drop To 145,0,1,18
Pass,74,77,18
Goddard House,11,30,18
Morriss Hall,4,4,18
Young Orchard #4,3,13,18
Young Orchard #2,2,12,18
Hope College,39,39,18
Machado,3,12,18
New Pembroke #3,0,9,18
Drop To 179,0,3,18
Grad Center D,60,105,18
No Show,42,62,18
Drop To 474,1,1,18
Champlin,0,5,18
New Pembroke #4,0,21,18
Plantations House,4,9,18
Woolley,0,27,18
Drop To 304,0,1,18
Slater Hall,13,21,18
Drop To 139,0,1,18
Drop To 564,1,1,18
Chapin House,13,15,18
Gregorian Quad A,46,76,18
Drop To 488,1,1,18
Gregorian Quad B,18,53,18
Barbour Hall,13,14,18
111 Brown Street,6,6,18
Minden,39,55,18
Olney House,5,7,18
Young Orchard #10,8,10,18
Drop To 248,0,1,18
Drop To 261,0,1,18
Drop To 365,1,1,18
Littlefield Hall,24,24,18
Drop To 151,0,1,18
Drop To 402,1,1,18
Emery,0,19,18
Grad Center B,16,17,18
Drop To 394,1,1,18
Drop To 413,1,1,18
Drop To 284,0,1,18
Drop To 421,1,1,18
Drop To 29,0,1,18
Drop To 441,2,2,18
New Pembroke #1,17,17,18
Drop To 587,1,1,18
Grad Center A,16,16,18
Drop To 617,1,1,18
Barbour Hall Apartments,23,27,18
Grad Center C,17,17,18
315 Thayer,1,19,18
Sears House,12,16,18
Diman House,12,12,18
Marcy House,14,14,18
Drop To 215,0,1,18
Drop To 554,1,1,18
Caswell Hall,44,44,18
Drop To 398,1,1,18
Drop To 692,1,1,18
Harkness House,9,9,18
Drop To 377,0,1,18
Hegeman,16,24,18
Drop To 414,1,1,18
Drop To 415,3,3,18
Drop To 145,0,1,18
Pass,74,77,18
Goddard House,11,30,18
Morriss Hall,4,4,18
Young Orchard #4,3,13,18
Young Orchard #2,2,12,18
Hope College,39,39,18
Machado,3,12,18
New Pembroke #3,0,9,18
Drop To 179,0,3,18
Grad Center D,60,105,18
No Show,42,62,18
Drop To 474,1,1,18
Champlin,0,5,18
New Pembroke #4,0,21,18
Plantations House,4,9,18
Woolley,0,27,18
Drop To 304,0,1,18
Slater Hall,13,21,18
Drop To 139,0,1,18
Drop To 564,1,1,18
Chapin House,13,15,18
Gregorian Quad A,46,76,18
Drop To 488,1,1,18
Gregorian Quad B,17,53,18
Barbour Hall,13,14,18
111 Brown Street,6,6,18
Minden,39,55,18
Olney House,5,7,18
Young Orchard #10,8,10,18
Drop To 248,0,1,18
Drop To 261,0,1,18
Drop To 365,1,1,18
Littlefield Hall,24,24,18
Drop To 151,0,1,18
Drop To 402,1,1,18
Emery,0,19,18
Grad Center B,16,17,18
Drop To 394,1,1,18
Drop To 413,1,1,18
Drop To 284,0,1,18
Drop To 421,1,1,18
Drop To 29,0,1,18
Drop To 441,2,2,18
New Pembroke #1,17,17,18
Drop To 587,1,1,18
Grad Center A,16,16,18
Drop To 617,1,1,18
Barbour Hall Apartments,23,27,18
Grad Center C,17,17,18
315 Thayer,1,19,18
Sears House,12,16,18
Diman House,12,12,18
Marcy House,14,14,18
Drop To 215,0,1,18
Drop To 554,1,1,18
Caswell Hall,44,44,19
Drop To 398,1,1,19
Drop To 692,1,1,19
Harkness House,9,9,19
Drop To 377,0,1,19
Hegeman,15,24,19
Drop To 414,1,1,19
Drop To 415,3,3,19
Drop To 145,0,1,19
Pass,74,77,19
Goddard House,11,30,19
Morriss Hall,4,4,19
Young Orchard #4,3,13,19
Young Orchard #2,2,12,19
Hope College,39,39,19
Machado,3,12,19
New Pembroke #3,0,9,19
Drop To 179,0,3,19
Grad Center D,60,105,19
No Show,41,62,19
Drop To 474,1,1,19
Champlin,0,5,19
New Pembroke #4,0,21,19
Plantations House,4,9,19
Woolley,0,27,19
Drop To 304,0,1,19
Slater Hall,12,21,19
Drop To 139,0,1,19
Drop To 564,1,1,19
Chapin House,13,15,19
Gregorian Quad A,41,76,19
Drop To 488,1,1,19
Gregorian Quad B,14,53,19
Barbour Hall,13,14,19
111 Brown Street,6,6,19
Minden,37,55,19
Olney House,5,7,19
Young Orchard #10,8,10,19
Drop To 248,0,1,19
Drop To 261,0,1,19
Drop To 365,1,1,19
Littlefield Hall,24,24,19
Drop To 151,0,1,19
Drop To 402,1,1,19
Emery,0,19,19
Grad Center B,16,17,19
Drop To 394,1,1,19
Drop To 413,1,1,19
Drop To 284,0,1,19
Drop To 421,1,1,19
Drop To 29,0,1,19
Drop To 441,2,2,19
New Pembroke #1,17,17,19
Drop To 587,1,1,19
Grad Center A,16,16,19
Drop To 617,1,1,19
Barbour Hall Apartments,23,27,19
Grad Center C,16,17,19
315 Thayer,0,19,19
Sears House,11,16,19
Diman House,12,12,19
Marcy House,14,14,19
Drop To 215,0,1,19
Drop To 554,1,1,19
Caswell Hall,44,44,20
Drop To 398,1,1,20
Drop To 692,1,1,20
Harkness House,9,9,20
Drop To 377,0,1,20
Hegeman,14,24,20
Drop To 414,1,1,20
Drop To 415,3,3,20
Drop To 145,0,1,20
Pass,74,77,20
Goddard House,11,30,20
Morriss Hall,4,4,20
Young Orchard #4,3,13,20
Young Orchard #2,2,12,20
Hope College,39,39,20
Machado,3,12,20
New Pembroke #3,0,9,20
Drop To 179,0,3,20
Grad Center D,50,105,20
No Show,40,62,20
Drop To 474,1,1,20
Champlin,0,5,20
New Pembroke #4,0,21,20
Plantations House,4,9,20
Woolley,0,27,20
Drop To 304,0,1,20
Slater Hall,12,21,20
Drop To 139,0,1,20
Drop To 564,1,1,20
Chapin House,13,15,20
Gregorian Quad A,35,76,20
Drop To 488,1,1,20
Gregorian Quad B,11,53,20
Barbour Hall,13,14,20
111 Brown Street,6,6,20
Minden,36,55,20
Olney House,5,7,20
Young Orchard #10,7,10,20
Drop To 248,0,1,20
Drop To 261,0,1,20
Drop To 365,1,1,20
Littlefield Hall,24,24,20
Drop To 151,0,1,20
Drop To 402,1,1,20
Emery,0,19,20
Grad Center B,16,17,20
Drop To 394,1,1,20
Drop To 413,1,1,20
Drop To 284,0,1,20
Drop To 421,1,1,20
Drop To 29,0,1,20
Drop To 441,2,2,20
New Pembroke #1,17,17,20
Drop To 587,1,1,20
Grad Center A,16,16,20
Drop To 617,1,1,20
Barbour Hall Apartments,23,27,20
Grad Center C,16,17,20
315 Thayer,0,19,20
Sears House,11,16,20
Diman House,12,12,20
Marcy House,14,14,20
Drop To 215,0,1,20
Drop To 554,1,1,20
Caswell Hall,44,44,20
Drop To 398,1,1,20
Drop To 692,1,1,20
Harkness House,9,9,20
Drop To 377,0,1,20
Hegeman,14,24,20
Drop To 414,1,1,20
Drop To 415,3,3,20
Drop To 145,0,1,20
Pass,74,77,20
Goddard House,11,30,20
Morriss Hall,4,4,20
Young Orchard #4,3,13,20
Young Orchard #2,2,12,20
Hope College,39,39,20
Machado,3,12,20
New Pembroke #3,0,9,20
Drop To 179,0,3,20
Grad Center D,49,105,20
No Show,40,62,20
Drop To 474,1,1,20
Champlin,0,5,20
New Pembroke #4,0,21,20
Plantations House,4,9,20
Woolley,0,27,20
Drop To 304,0,1,20
Slater Hall,12,21,20
Drop To 139,0,1,20
Drop To 564,1,1,20
Chapin House,13,15,20
Gregorian Quad A,35,76,20
Drop To 488,1,1,20
Gregorian Quad B,11,53,20
Barbour Hall,13,14,20
111 Brown Street,6,6,20
Minden,36,55,20
Olney House,5,7,20
Young Orchard #10,7,10,20
Drop To 248,0,1,20
Drop To 261,0,1,20
Drop To 365,1,1,20
Littlefield Hall,24,24,20
Drop To 151,0,1,20
Drop To 402,1,1,20
Emery,0,19,20
Grad Center B,16,17,20
Drop To 394,1,1,20
Drop To 413,1,1,20
Drop To 284,0,1,20
Drop To 421,1,1,20
Drop To 29,0,1,20
Drop To 441,2,2,20
New Pembroke #1,17,17,20
Drop To 587,1,1,20
Grad Center A,16,16,20
Drop To 617,1,1,20
Barbour Hall Apartments,23,27,20
Grad Center C,16,17,20
315 Thayer,0,19,20
Sears House,11,16,20
Diman House,12,12,20
Marcy House,14,14,20
Drop To 215,0,1,20
Drop To 554,1,1,20
Caswell Hall,44,44,20
Drop To 398,1,1,20
Drop To 692,1,1,20
Harkness House,9,9,20
Drop To 377,0,1,20
Hegeman,14,24,20
Drop To 414,1,1,20
Drop To 415,3,3,20
Drop To 145,0,1,20
Pass,74,77,20
Goddard House,11,30,20
Morriss Hall,4,4,20
Young Orchard #4,3,13,20
Young Orchard #2,2,12,20
Hope College,39,39,20
Machado,3,12,20
New Pembroke #3,0,9,20
Drop To 179,0,3,20
Grad Center D,48,105,20
No Show,40,62,20
Drop To 474,1,1,20
Champlin,0,5,20
New Pembroke #4,0,21,20
Plantations House,4,9,20
Woolley,0,27,20
Drop To 304,0,1,20
Slater Hall,12,21,20
Drop To 139,0,1,20
Drop To 564,1,1,20
Chapin House,13,15,20
Gregorian Quad A,35,76,20
Drop To 488,1,1,20
Gregorian Quad B,11,53,20
Barbour Hall,13,14,20
111 Brown Street,6,6,20
Minden,36,55,20
Olney House,5,7,20
Young Orchard #10,7,10,20
Drop To 248,0,1,20
Drop To 261,0,1,20
Drop To 365,1,1,20
Littlefield Hall,24,24,20
Drop To 151,0,1,20
Drop To 402,1,1,20
Emery,0,19,20
Grad Center B,16,17,20
Drop To 394,1,1,20
Drop To 413,1,1,20
Drop To 284,0,1,20
Drop To 421,1,1,20
Drop To 29,0,1,20
Drop To 441,2,2,20
New Pembroke #1,17,17,20
Drop To 587,1,1,20
Grad Center A,16,16,20
Drop To 617,1,1,20
Barbour Hall Apartments,23,27,20
Grad Center C,16,17,20
315 Thayer,0,19,20
Sears House,11,16,20
Diman House,12,12,20
Marcy House,14,14,20
Drop To 215,0,1,20
Drop To 554,1,1,20
Caswell Hall,44,44,20
Drop To 398,1,1,20
Drop To 692,1,1,20
Harkness House,9,9,20
Drop To 377,0,1,20
Hegeman,14,24,20
Drop To 414,1,1,20
Drop To 415,3,3,20
Drop To 145,0,1,20
Pass,74,77,20
Goddard House,11,30,20
Morriss Hall,4,4,20
Young Orchard #4,3,13,20
Young Orchard #2,2,12,20
Hope College,39,39,20
Machado,3,12,20
New Pembroke #3,0,9,20
Drop To 179,0,3,20
Grad Center D,48,105,20
No Show,40,62,20
Drop To 474,1,1,20
Champlin,0,5,20
New Pembroke #4,0,21,20
Plantations House,4,9,20
Woolley,0,27,20
Drop To 304,0,1,20
Slater Hall,12,21,20
Drop To 139,0,1,20
Drop To 564,1,1,20
Chapin House,13,15,20
Gregorian Quad A,35,76,20
Drop To 488,1,1,20
Gregorian Quad B,11,53,20
Barbour Hall,13,14,20
111 Brown Street,6,6,20
Minden,35,55,20
Olney House,5,7,20
Young Orchard #10,7,10,20
Drop To 248,0,1,20
Drop To 261,0,1,20
Drop To 365,1,1,20
Littlefield Hall,24,24,20
Drop To 151,0,1,20
Drop To 402,1,1,20
Emery,0,19,20
Grad Center B,16,17,20
Drop To 394,1,1,20
Drop To 413,1,1,20
Drop To 284,0,1,20
Drop To 421,1,1,20
Drop To 29,0,1,20
Drop To 441,2,2,20
New Pembroke #1,17,17,20
Drop To 587,1,1,20
Grad Center A,16,16,20
Drop To 617,1,1,20
Barbour Hall Apartments,23,27,20
Grad Center C,16,17,20
315 Thayer,0,19,20
Sears House,11,16,20
Diman House,12,12,20
Marcy House,14,14,20
Drop To 215,0,1,20
Drop To 554,1,1,20
Caswell Hall,44,44,20
Drop To 398,1,1,20
Drop To 692,1,1,20
Harkness House,9,9,20
Drop To 377,0,1,20
Hegeman,14,24,20
Drop To 414,1,1,20
Drop To 415,3,3,20
Drop To 145,0,1,20
Pass,74,77,20
Goddard House,11,30,20
Morriss Hall,4,4,20
Young Orchard #4,3,13,20
Young Orchard #2,2,12,20
Hope College,39,39,20
Machado,3,12,20
New Pembroke #3,0,9,20
Drop To 179,0,3,20
Grad Center D,48,105,20
No Show,40,62,20
Drop To 474,1,1,20
Champlin,0,5,20
New Pembroke #4,0,21,20
Plantations House,4,9,20
Woolley,0,27,20
Drop To 304,0,1,20
Slater Hall,12,21,20
Drop To 139,0,1,20
Drop To 564,1,1,20
Chapin House,13,15,20
Gregorian Quad A,35,76,20
Drop To 488,1,1,20
Gregorian Quad B,11,53,20
Barbour Hall,13,14,20
111 Brown Street,6,6,20
Minden,34,55,20
Olney House,5,7,20
Young Orchard #10,7,10,20
Drop To 248,0,1,20
Drop To 261,0,1,20
Drop To 365,1,1,20
Littlefield Hall,24,24,20
Drop To 151,0,1,20
Drop To 402,1,1,20
Emery,0,19,20
Grad Center B,16,17,20
Drop To 394,1,1,20
Drop To 413,1,1,20
Drop To 284,0,1,20
Drop To 421,1,1,20
Drop To 29,0,1,20
Drop To 441,2,2,20
New Pembroke #1,17,17,20
Drop To 587,1,1,20
Grad Center A,16,16,20
Drop To 617,1,1,20
Barbour Hall Apartments,23,27,20
Grad Center C,16,17,20
315 Thayer,0,19,20
Sears House,11,16,20
Diman House,12,12,20
Marcy House,14,14,20
Drop To 215,0,1,20
Drop To 554,1,1,20
Caswell Hall,44,44,21
Drop To 398,1,1,21
Drop To 692,1,1,21
Harkness House,9,9,21
Drop To 377,0,1,21
Hegeman,10,24,21
Drop To 414,1,1,21
Drop To 415,3,3,21
Drop To 145,0,1,21
Pass,74,77,21
Goddard House,11,30,21
Morriss Hall,3,4,21
Young Orchard #4,2,13,21
Young Orchard #2,2,12,21
Hope College,39,39,21
Machado,3,12,21
New Pembroke #3,0,9,21
Drop To 179,0,3,21
Grad Center D,44,105,21
No Show,40,62,21
Drop To 474,1,1,21
Champlin,0,5,21
New Pembroke #4,0,21,21
Plantations House,4,9,21
Woolley,0,27,21
Drop To 304,0,1,21
Slater Hall,11,21,21
Drop To 139,0,1,21
Drop To 564,1,1,21
Chapin House,13,15,21
Gregorian Quad A,29,76,21
Drop To 488,1,1,21
Gregorian Quad B,9,53,21
Barbour Hall,13,14,21
111 Brown Street,6,6,21
Minden,31,55,21
Olney House,5,7,21
Young Orchard #10,5,10,21
Drop To 248,0,1,21
Drop To 261,0,1,21
Drop To 365,1,1,21
Littlefield Hall,24,24,21
Drop To 151,0,1,21
Drop To 402,1,1,21
Emery,0,19,21
Grad Center B,16,17,21
Drop To 394,1,1,21
Drop To 413,1,1,21
Drop To 284,0,1,21
Drop To 421,1,1,21
Drop To 29,0,1,21
Drop To 441,2,2,21
New Pembroke #1,17,17,21
Drop To 587,1,1,21
Grad Center A,16,16,21
Drop To 617,1,1,21
Barbour Hall Apartments,23,27,21
Grad Center C,16,17,21
315 Thayer,0,19,21
Sears House,11,16,21
Diman House,12,12,21
Marcy House,14,14,21
Drop To 215,0,1,21
Drop To 554,1,1,21
Caswell Hall,44,44,22
Drop To 398,1,1,22
Drop To 692,1,1,22
Harkness House,9,9,22
Drop To 377,0,1,22
Hegeman,4,24,22
Drop To 414,1,1,22
Drop To 415,3,3,22
Drop To 145,0,1,22
Pass,74,77,22
Goddard House,11,30,22
Morriss Hall,3,4,22
Young Orchard #4,0,13,22
Young Orchard #2,2,12,22
Hope College,39,39,22
Machado,3,12,22
New Pembroke #3,0,9,22
Drop To 179,0,3,22
Grad Center D,37,105,22
No Show,38,62,22
Drop To 474,1,1,22
Champlin,0,5,22
New Pembroke #4,0,21,22
Plantations House,4,9,22
Woolley,0,27,22
Drop To 304,0,1,22
Slater Hall,11,21,22
Drop To 139,0,1,22
Drop To 564,1,1,22
Chapin House,13,15,22
Gregorian Quad A,27,76,22
Drop To 488,1,1,22
Gregorian Quad B,7,53,22
Barbour Hall,13,14,22
111 Brown Street,6,6,22
Minden,30,55,22
Olney House,5,7,22
Young Orchard #10,4,10,22
Drop To 248,0,1,22
Drop To 261,0,1,22
Drop To 365,1,1,22
Littlefield Hall,24,24,22
Drop To 151,0,1,22
Drop To 402,1,1,22
Emery,0,19,22
Grad Center B,16,17,22
Drop To 394,1,1,22
Drop To 413,1,1,22
Drop To 284,0,1,22
Drop To 421,1,1,22
Drop To 29,0,1,22
Drop To 441,2,2,22
New Pembroke #1,17,17,22
Drop To 587,1,1,22
Grad Center A,16,16,22
Drop To 617,1,1,22
Barbour Hall Apartments,21,27,22
Grad Center C,16,17,22
315 Thayer,0,19,22
Sears House,11,16,22
Diman House,12,12,22
Marcy House,14,14,22
Drop To 215,0,1,22
Drop To 554,1,1,22
Caswell Hall,44,44,23
Drop To 398,1,1,23
Drop To 692,1,1,23
Harkness House,9,9,23
Drop To 377,0,1,23
Hegeman,1,24,23
Drop To 414,1,1,23
Drop To 415,3,3,23
Drop To 145,0,1,23
Pass,74,77,23
Goddard House,11,30,23
Morriss Hall,3,4,23
Young Orchard #4,0,13,23
Young Orchard #2,2,12,23
Hope College,39,39,23
Machado,3,12,23
New Pembroke #3,0,9,23
Drop To 179,0,3,23
Grad Center D,24,105,23
No Show,38,62,23
Drop To 474,1,1,23
Champlin,0,5,23
New Pembroke #4,0,21,23
Plantations House,4,9,23
Woolley,0,27,23
Drop To 304,0,1,23
Slater Hall,10,21,23
Drop To 139,0,1,23
Drop To 564,1,1,23
Chapin House,13,15,23
Gregorian Quad A,25,76,23
Drop To 488,1,1,23
Gregorian Quad B,4,53,23
Barbour Hall,13,14,23
111 Brown Street,6,6,23
Minden,29,55,23
Olney House,5,7,23
Young Orchard #10,2,10,23
Drop To 248,0,1,23
Drop To 261,0,1,23
Drop To 365,1,1,23
Littlefield Hall,24,24,23
Drop To 151,0,1,23
Drop To 402,1,1,23
Emery,0,19,23
Grad Center B,16,17,23
Drop To 394,1,1,23
Drop To 413,1,1,23
Drop To 284,0,1,23
Drop To 421,1,1,23
Drop To 29,0,1,23
Drop To 441,2,2,23
New Pembroke #1,17,17,23
Drop To 587,1,1,23
Grad Center A,14,16,23
Drop To 617,1,1,23
Barbour Hall Apartments,21,27,23
Grad Center C,16,17,23
315 Thayer,0,19,23
Sears House,11,16,23
Diman House,12,12,23
Marcy House,14,14,23
Drop To 215,0,1,23
Drop To 554,1,1,23
Caswell Hall,44,44,23
Drop To 398,1,1,23
Drop To 692,1,1,23
Harkness House,9,9,23
Drop To 377,0,1,23
Hegeman,1,24,23
Drop To 414,1,1,23
Drop To 415,3,3,23
Drop To 145,0,1,23
Pass,74,77,23
Goddard House,11,30,23
Morriss Hall,3,4,23
Young Orchard #4,0,13,23
Young Orchard #2,2,12,23
Hope College,39,39,23
Machado,3,12,23
New Pembroke #3,0,9,23
Drop To 179,0,3,23
Grad Center D,24,105,23
No Show,38,62,23
Drop To 474,1,1,23
Champlin,0,5,23
New Pembroke #4,0,21,23
Plantations House,4,9,23
Woolley,0,27,23
Drop To 304,0,1,23
Slater Hall,10,21,23
Drop To 139,0,1,23
Drop To 564,1,1,23
Chapin House,13,15,23
Gregorian Quad A,25,76,23
Drop To 488,1,1,23
Gregorian Quad B,4,53,23
Barbour Hall,13,14,23
111 Brown Street,6,6,23
Minden,29,55,23
Olney House,5,7,23
Young Orchard #10,1,10,23
Drop To 248,0,1,23
Drop To 261,0,1,23
Drop To 365,1,1,23
Littlefield Hall,24,24,23
Drop To 151,0,1,23
Drop To 402,1,1,23
Emery,0,19,23
Grad Center B,16,17,23
Drop To 394,1,1,23
Drop To 413,1,1,23
Drop To 284,0,1,23
Drop To 421,1,1,23
Drop To 29,0,1,23
Drop To 441,2,2,23
New Pembroke #1,17,17,23
Drop To 587,1,1,23
Grad Center A,14,16,23
Drop To 617,1,1,23
Barbour Hall Apartments,21,27,23
Grad Center C,16,17,23
315 Thayer,0,19,23
Sears House,11,16,23
Diman House,12,12,23
Marcy House,14,14,23
Drop To 215,0,1,23
Drop To 554,1,1,23
Caswell Hall,44,44,23
Drop To 398,1,1,23
Drop To 692,1,1,23
Harkness House,9,9,23
Drop To 377,0,1,23
Hegeman,1,24,23
Drop To 414,1,1,23
Drop To 415,3,3,23
Drop To 145,0,1,23
Pass,74,77,23
Goddard House,11,30,23
Morriss Hall,3,4,23
Young Orchard #4,0,13,23
Young Orchard #2,2,12,23
Hope College,39,39,23
Machado,3,12,23
New Pembroke #3,0,9,23
Drop To 179,0,3,23
Grad Center D,24,105,23
No Show,38,62,23
Drop To 474,1,1,23
Champlin,0,5,23
New Pembroke #4,0,21,23
Plantations House,4,9,23
Woolley,0,27,23
Drop To 304,0,1,23
Slater Hall,10,21,23
Drop To 139,0,1,23
Drop To 564,1,1,23
Chapin House,13,15,23
Gregorian Quad A,25,76,23
Drop To 488,1,1,23
Gregorian Quad B,4,53,23
Barbour Hall,13,14,23
111 Brown Street,6,6,23
Minden,29,55,23
Olney House,5,7,23
Young Orchard #10,0,10,23
Drop To 248,0,1,23
Drop To 261,0,1,23
Drop To 365,1,1,23
Littlefield Hall,24,24,23
Drop To 151,0,1,23
Drop To 402,1,1,23
Emery,0,19,23
Grad Center B,16,17,23
Drop To 394,1,1,23
Drop To 413,1,1,23
Drop To 284,0,1,23
Drop To 421,1,1,23
Drop To 29,0,1,23
Drop To 441,2,2,23
New Pembroke #1,17,17,23
Drop To 587,1,1,23
Grad Center A,14,16,23
Drop To 617,1,1,23
Barbour Hall Apartments,21,27,23
Grad Center C,16,17,23
315 Thayer,0,19,23
Sears House,11,16,23
Diman House,12,12,23
Marcy House,14,14,23
Drop To 215,0,1,23
Drop To 554,1,1,23
Caswell Hall,44,44,24
Drop To 398,1,1,24
Drop To 692,1,1,24
Harkness House,9,9,24
Drop To 377,0,1,24
Hegeman,0,24,24
Drop To 414,1,1,24
Drop To 415,3,3,24
Drop To 145,0,1,24
Pass,74,77,24
Goddard House,11,30,24
Morriss Hall,3,4,24
Young Orchard #4,0,13,24
Young Orchard #2,1,12,24
Hope College,39,39,24
Machado,3,12,24
New Pembroke #3,0,9,24
Drop To 179,0,3,24
Grad Center D,7,105,24
No Show,37,62,24
Drop To 474,1,1,24
Champlin,0,5,24
New Pembroke #4,0,21,24
Plantations House,4,9,24
Woolley,0,27,24
Drop To 304,0,1,24
Slater Hall,10,21,24
Drop To 139,0,1,24
Drop To 564,1,1,24
Chapin House,13,15,24
Gregorian Quad A,19,76,24
Drop To 488,1,1,24
Gregorian Quad B,4,53,24
Barbour Hall,13,14,24
111 Brown Street,6,6,24
Minden,26,55,24
Olney House,5,7,24
Young Orchard #10,0,10,24
Drop To 248,0,1,24
Drop To 261,0,1,24
Drop To 365,1,1,24
Littlefield Hall,24,24,24
Drop To 151,0,1,24
Drop To 402,1,1,24
Emery,0,19,24
Grad Center B,16,17,24
Drop To 394,1,1,24
Drop To 413,1,1,24
Drop To 284,0,1,24
Drop To 421,1,1,24
Drop To 29,0,1,24
Drop To 441,2,2,24
New Pembroke #1,17,17,24
Drop To 587,1,1,24
Grad Center A,13,16,24
Drop To 617,1,1,24
Barbour Hall Apartments,21,27,24
Grad Center C,15,17,24
315 Thayer,0,19,24
Sears House,11,16,24
Diman House,12,12,24
Marcy House,14,14,24
Drop To 215,0,1,24
Drop To 554,1,1,24
Caswell Hall,44,44,25
Drop To 398,1,1,25
Drop To 692,1,1,25
Harkness House,9,9,25
Drop To 377,0,1,25
Hegeman,0,24,25
Drop To 414,1,1,25
Drop To 415,3,3,25
Drop To 145,0,1,25
Pass,74,77,25
Goddard House,11,30,25
Morriss Hall,3,4,25
Young Orchard #4,0,13,25
Young Orchard #2,0,12,25
Hope College,39,39,25
Machado,3,12,25
New Pembroke #3,0,9,25
Drop To 179,0,3,25
Grad Center D,1,105,25
No Show,37,62,25
Drop To 474,1,1,25
Champlin,0,5,25
New Pembroke #4,0,21,25
Plantations House,4,9,25
Woolley,0,27,25
Drop To 304,0,1,25
Slater Hall,9,21,25
Drop To 139,0,1,25
Drop To 564,1,1,25
Chapin House,13,15,25
Gregorian Quad A,19,76,25
Drop To 488,1,1,25
Gregorian Quad B,4,53,25
Barbour Hall,12,14,25
111 Brown Street,6,6,25
Minden,21,55,25
Olney House,5,7,25
Young Orchard #10,0,10,25
Drop To 248,0,1,25
Drop To 261,0,1,25
Drop To 365,0,1,25
Littlefield Hall,24,24,25
Drop To 151,0,1,25
Drop To 402,1,1,25
Emery,0,19,25
Grad Center B,16,17,25
Drop To 394,1,1,25
Drop To 413,1,1,25
Drop To 284,0,1,25
Drop To 421,1,1,25
Drop To 29,0,1,25
Drop To 441,2,2,25
New Pembroke #1,17,17,25
Drop To 587,1,1,25
Grad Center A,9,16,25
Drop To 617,1,1,25
Barbour Hall Apartments,18,27,25
Grad Center C,15,17,25
315 Thayer,0,19,25
Sears House,11,16,25
Diman House,12,12,25
Marcy House,14,14,25
Drop To 215,0,1,25
Drop To 554,1,1,25
Caswell Hall,44,44,25
Drop To 398,1,1,25
Drop To 692,1,1,25
Harkness House,9,9,25
Drop To 377,0,1,25
Hegeman,0,24,25
Drop To 414,1,1,25
Drop To 415,3,3,25
Drop To 145,0,1,25
Pass,74,77,25
Goddard House,11,30,25
Morriss Hall,3,4,25
Young Orchard #4,0,13,25
Young Orchard #2,0,12,25
Hope College,39,39,25
Machado,3,12,25
New Pembroke #3,0,9,25
Drop To 179,0,3,25
Grad Center D,1,105,25
No Show,37,62,25
Drop To 474,1,1,25
Champlin,0,5,25
New Pembroke #4,0,21,25
Plantations House,4,9,25
Woolley,0,27,25
Drop To 304,0,1,25
Slater Hall,9,21,25
Drop To 139,0,1,25
Drop To 564,1,1,25
Chapin House,13,15,25
Gregorian Quad A,19,76,25
Drop To 488,1,1,25
Gregorian Quad B,4,53,25
Barbour Hall,12,14,25
111 Brown Street,6,6,25
Minden,21,55,25
Olney House,5,7,25
Young Orchard #10,0,10,25
Drop To 248,0,1,25
Drop To 261,0,1,25
Drop To 365,0,1,25
Littlefield Hall,24,24,25
Drop To 151,0,1,25
Drop To 402,1,1,25
Emery,0,19,25
Grad Center B,16,17,25
Drop To 394,1,1,25
Drop To 413,1,1,25
Drop To 284,0,1,25
Drop To 421,1,1,25
Drop To 29,0,1,25
Drop To 441,2,2,25
New Pembroke #1,17,17,25
Drop To 587,1,1,25
Grad Center A,9,16,25
Drop To 617,1,1,25
Barbour Hall Apartments,17,27,25
Grad Center C,15,17,25
315 Thayer,0,19,25
Sears House,11,16,25
Diman House,12,12,25
Marcy House,14,14,25
Drop To 215,0,1,25
Drop To 554,1,1,25
Caswell Hall,44,44,25
Drop To 398,1,1,25
Drop To 692,1,1,25
Harkness House,9,9,25
Drop To 377,0,1,25
Hegeman,0,24,25
Drop To 414,1,1,25
Drop To 415,3,3,25
Drop To 145,0,1,25
Pass,74,77,25
Goddard House,11,30,25
Morriss Hall,3,4,25
Young Orchard #4,0,13,25
Young Orchard #2,0,12,25
Hope College,39,39,25
Machado,3,12,25
New Pembroke #3,0,9,25
Drop To 179,0,3,25
Grad Center D,0,105,25
No Show,37,62,25
Drop To 474,1,1,25
Champlin,0,5,25
New Pembroke #4,0,21,25
Plantations House,4,9,25
Woolley,0,27,25
Drop To 304,0,1,25
Slater Hall,9,21,25
Drop To 139,0,1,25
Drop To 564,1,1,25
Chapin House,13,15,25
Gregorian Quad A,19,76,25
Drop To 488,1,1,25
Gregorian Quad B,4,53,25
Barbour Hall,12,14,25
111 Brown Street,6,6,25
Minden,21,55,25
Olney House,5,7,25
Young Orchard #10,0,10,25
Drop To 248,0,1,25
Drop To 261,0,1,25
Drop To 365,0,1,25
Littlefield Hall,24,24,25
Drop To 151,0,1,25
Drop To 402,1,1,25
Emery,0,19,25
Grad Center B,16,17,25
Drop To 394,1,1,25
Drop To 413,1,1,25
Drop To 284,0,1,25
Drop To 421,1,1,25
Drop To 29,0,1,25
Drop To 441,2,2,25
New Pembroke #1,17,17,25
Drop To 587,1,1,25
Grad Center A,9,16,25
Drop To 617,1,1,25
Barbour Hall Apartments,17,27,25
Grad Center C,15,17,25
315 Thayer,0,19,25
Sears House,11,16,25
Diman House,12,12,25
Marcy House,14,14,25
Drop To 215,0,1,25
Drop To 554,1,1,25
Caswell Hall,44,44,26
Drop To 398,1,1,26
Drop To 692,1,1,26
Harkness House,9,9,26
Drop To 377,0,1,26
Hegeman,0,24,26
Drop To 414,1,1,26
Drop To 415,1,3,26
Drop To 145,0,1,26
Pass,72,77,26
Goddard House,11,30,26
Morriss Hall,3,4,26
Young Orchard #4,0,13,26
Young Orchard #2,0,12,26
Hope College,39,39,26
Machado,3,12,26
New Pembroke #3,0,9,26
Drop To 179,0,3,26
Grad Center D,0,105,26
No Show,33,62,26
Drop To 474,1,1,26
Champlin,0,5,26
New Pembroke #4,0,21,26
Plantations House,4,9,26
Woolley,0,27,26
Drop To 304,0,1,26
Slater Hall,8,21,26
Drop To 139,0,1,26
Drop To 564,1,1,26
Chapin House,13,15,26
Gregorian Quad A,19,76,26
Drop To 488,1,1,26
Gregorian Quad B,4,53,26
Barbour Hall,12,14,26
111 Brown Street,6,6,26
Minden,17,55,26
Olney House,5,7,26
Young Orchard #10,0,10,26
Drop To 248,0,1,26
Drop To 261,0,1,26
Drop To 365,0,1,26
Littlefield Hall,24,24,26
Drop To 151,0,1,26
Drop To 402,0,1,26
Emery,0,19,26
Grad Center B,16,17,26
Drop To 394,0,1,26
Drop To 413,1,1,26
Drop To 284,0,1,26
Drop To 421,1,1,26
Drop To 29,0,1,26
Drop To 441,2,2,26
New Pembroke #1,17,17,26
Drop To 587,1,1,26
Grad Center A,9,16,26
Drop To 617,1,1,26
Barbour Hall Apartments,14,27,26
Grad Center C,15,17,26
315 Thayer,0,19,26
Sears House,11,16,26
Diman House,12,12,26
Marcy House,13,14,26
Drop To 215,0,1,26
Drop To 554,1,1,26
Caswell Hall,44,44,27
Drop To 398,0,1,27
Drop To 692,1,1,27
Harkness House,9,9,27
Drop To 377,0,1,27
Hegeman,0,24,27
Drop To 414,1,1,27
Drop To 415,1,3,27
Drop To 145,0,1,27
Pass,71,77,27
Goddard House,11,30,27
Morriss Hall,3,4,27
Young Orchard #4,0,13,27
Young Orchard #2,0,12,27
Hope College,39,39,27
Machado,3,12,27
New Pembroke #3,0,9,27
Drop To 179,0,3,27
Grad Center D,0,105,27
No Show,31,62,27
Drop To 474,1,1,27
Champlin,0,5,27
New Pembroke #4,0,21,27
Plantations House,4,9,27
Woolley,0,27,27
Drop To 304,0,1,27
Slater Hall,6,21,27
Drop To 139,0,1,27
Drop To 564,1,1,27
Chapin House,13,15,27
Gregorian Quad A,18,76,27
Drop To 488,1,1,27
Gregorian Quad B,4,53,27
Barbour Hall,12,14,27
111 Brown Street,6,6,27
Minden,17,55,27
Olney House,5,7,27
Young Orchard #10,0,10,27
Drop To 248,0,1,27
Drop To 261,0,1,27
Drop To 365,0,1,27
Littlefield Hall,24,24,27
Drop To 151,0,1,27
Drop To 402,0,1,27
Emery,0,19,27
Grad Center B,14,17,27
Drop To 394,0,1,27
Drop To 413,0,1,27
Drop To 284,0,1,27
Drop To 421,1,1,27
Drop To 29,0,1,27
Drop To 441,2,2,27
New Pembroke #1,17,17,27
Drop To 587,1,1,27
Grad Center A,7,16,27
Drop To 617,1,1,27
Barbour Hall Apartments,13,27,27
Grad Center C,13,17,27
315 Thayer,0,19,27
Sears House,10,16,27
Diman House,12,12,27
Marcy House,13,14,27
Drop To 215,0,1,27
Drop To 554,1,1,27
Caswell Hall,44,44,28
Drop To 398,0,1,28
Drop To 692,1,1,28
Harkness House,9,9,28
Drop To 377,0,1,28
Hegeman,0,24,28
Drop To 414,0,1,28
Drop To 415,0,3,28
Drop To 145,0,1,28
Pass,70,77,28
Goddard House,11,30,28
Morriss Hall,2,4,28
Young Orchard #4,0,13,28
Young Orchard #2,0,12,28
Hope College,39,39,28
Machado,3,12,28
New Pembroke #3,0,9,28
Drop To 179,0,3,28
Grad Center D,0,105,28
No Show,29,62,28
Drop To 474,1,1,28
Champlin,0,5,28
New Pembroke #4,0,21,28
Plantations House,4,9,28
Woolley,0,27,28
Drop To 304,0,1,28
Slater Hall,3,21,28
Drop To 139,0,1,28
Drop To 564,1,1,28
Chapin House,13,15,28
Gregorian Quad A,18,76,28
Drop To 488,1,1,28
Gregorian Quad B,4,53,28
Barbour Hall,12,14,28
111 Brown Street,6,6,28
Minden,16,55,28
Olney House,4,7,28
Young Orchard #10,0,10,28
Drop To 248,0,1,28
Drop To 261,0,1,28
Drop To 365,0,1,28
Littlefield Hall,24,24,28
Drop To 151,0,1,28
Drop To 402,0,1,28
Emery,0,19,28
Grad Center B,11,17,28
Drop To 394,0,1,28
Drop To 413,0,1,28
Drop To 284,0,1,28
Drop To 421,0,1,28
Drop To 29,0,1,28
Drop To 441,2,2,28
New Pembroke #1,17,17,28
Drop To 587,1,1,28
Grad Center A,5,16,28
Drop To 617,1,1,28
Barbour Hall Apartments,13,27,28
Grad Center C,12,17,28
315 Thayer,0,19,28
Sears House,10,16,28
Diman House,12,12,28
Marcy House,13,14,28
Drop To 215,0,1,28
Drop To 554,1,1,28
Caswell Hall,44,44,29
Drop To 398,0,1,29
Drop To 692,1,1,29
Harkness House,9,9,29
Drop To 377,0,1,29
Hegeman,0,24,29
Drop To 414,0,1,29
Drop To 415,0,3,29
Drop To 145,0,1,29
Pass,66,77,29
Goddard House,11,30,29
Morriss Hall,2,4,29
Young Orchard #4,0,13,29
Young Orchard #2,0,12,29
Hope College,39,39,29
Machado,3,12,29
New Pembroke #3,0,9,29
Drop To 179,0,3,29
Grad Center D,0,105,29
No Show,24,62,29
Drop To 474,1,1,29
Champlin,0,5,29
New Pembroke #4,0,21,29
Plantations House,3,9,29
Woolley,0,27,29
Drop To 304,0,1,29
Slater Hall,2,21,29
Drop To 139,0,1,29
Drop To 564,1,1,29
Chapin House,13,15,29
Gregorian Quad A,18,76,29
Drop To 488,1,1,29
Gregorian Quad B,4,53,29
Barbour Hall,12,14,29
111 Brown Street,6,6,29
Minden,15,55,29
Olney House,4,7,29
Young Orchard #10,0,10,29
Drop To 248,0,1,29
Drop To 261,0,1,29
Drop To 365,0,1,29
Littlefield Hall,24,24,29
Drop To 151,0,1,29
Drop To 402,0,1,29
Emery,0,19,29
Grad Center B,10,17,29
Drop To 394,0,1,29
Drop To 413,0,1,29
Drop To 284,0,1,29
Drop To 421,0,1,29
Drop To 29,0,1,29
Drop To 441,0,2,29
New Pembroke #1,17,17,29
Drop To 587,1,1,29
Grad Center A,4,16,29
Drop To 617,1,1,29
Barbour Hall Apartments,12,27,29
Grad Center C,12,17,29
315 Thayer,0,19,29
Sears House,10,16,29
Diman House,12,12,29
Marcy House,13,14,29
Drop To 215,0,1,29
Drop To 554,1,1,29
Caswell Hall,44,44,30
Drop To 398,0,1,30
Drop To 692,1,1,30
Harkness House,9,9,30
Drop To 377,0,1,30
Hegeman,0,24,30
Drop To 414,0,1,30
Drop To 415,0,3,30
Drop To 145,0,1,30
Pass,60,77,30
Goddard House,11,30,30
Morriss Hall,2,4,30
Young Orchard #4,0,13,30
Young Orchard #2,0,12,30
Hope College,39,39,30
Machado,3,12,30
New Pembroke #3,0,9,30
Drop To 179,0,3,30
Grad Center D,0,105,30
No Show,17,62,30
Drop To 474,1,1,30
Champlin,0,5,30
New Pembroke #4,0,21,30
Plantations House,3,9,30
Woolley,0,27,30
Drop To 304,0,1,30
Slater Hall,1,21,30
Drop To 139,0,1,30
Drop To 564,1,1,30
Chapin House,13,15,30
Gregorian Quad A,18,76,30
Drop To 488,1,1,30
Gregorian Quad B,4,53,30
Barbour Hall,12,14,30
111 Brown Street,6,6,30
Minden,15,55,30
Olney House,4,7,30
Young Orchard #10,0,10,30
Drop To 248,0,1,30
Drop To 261,0,1,30
Drop To 365,0,1,30
Littlefield Hall,24,24,30
Drop To 151,0,1,30
Drop To 402,0,1,30
Emery,0,19,30
Grad Center B,10,17,30
Drop To 394,0,1,30
Drop To 413,0,1,30
Drop To 284,0,1,30
Drop To 421,0,1,30
Drop To 29,0,1,30
Drop To 441,0,2,30
New Pembroke #1,17,17,30
Drop To 587,1,1,30
Grad Center A,3,16,30
Drop To 617,1,1,30
Barbour Hall Apartments,12,27,30
Grad Center C,12,17,30
315 Thayer,0,19,30
Sears House,10,16,30
Diman House,12,12,30
Marcy House,13,14,30
Drop To 215,0,1,30
Drop To 554,1,1,30
Caswell Hall,44,44,31
Drop To 398,0,1,31
Drop To 692,1,1,31
Harkness House,9,9,31
Drop To 377,0,1,31
Hegeman,0,24,31
Drop To 414,0,1,31
Drop To 415,0,3,31
Drop To 145,0,1,31
Pass,58,77,31
Goddard House,11,30,31
Morriss Hall,2,4,31
Young Orchard #4,0,13,31
Young Orchard #2,0,12,31
Hope College,31,39,31
Machado,3,12,31
New Pembroke #3,0,9,31
Drop To 179,0,3,31
Grad Center D,0,105,31
No Show,15,62,31
Drop To 474,0,1,31
Champlin,0,5,31
New Pembroke #4,0,21,31
Plantations House,3,9,31
Woolley,0,27,31
Drop To 304,0,1,31
Slater Hall,1,21,31
Drop To 139,0,1,31
Drop To 564,1,1,31
Chapin House,13,15,31
Gregorian Quad A,18,76,31
Drop To 488,1,1,31
Gregorian Quad B,4,53,31
Barbour Hall,12,14,31
111 Brown Street,6,6,31
Minden,13,55,31
Olney House,4,7,31
Young Orchard #10,0,10,31
Drop To 248,0,1,31
Drop To 261,0,1,31
Drop To 365,0,1,31
Littlefield Hall,24,24,31
Drop To 151,0,1,31
Drop To 402,0,1,31
Emery,0,19,31
Grad Center B,10,17,31
Drop To 394,0,1,31
Drop To 413,0,1,31
Drop To 284,0,1,31
Drop To 421,0,1,31
Drop To 29,0,1,31
Drop To 441,0,2,31
New Pembroke #1,16,17,31
Drop To 587,1,1,31
Grad Center A,3,16,31
Drop To 617,1,1,31
Barbour Hall Apartments,11,27,31
Grad Center C,12,17,31
315 Thayer,0,19,31
Sears House,10,16,31
Diman House,11,12,31
Marcy House,13,14,31
Drop To 215,0,1,31
Drop To 554,1,1,31
Caswell Hall,44,44,31
Drop To 398,0,1,31
Drop To 692,1,1,31
Harkness House,9,9,31
Drop To 377,0,1,31
Hegeman,0,24,31
Drop To 414,0,1,31
Drop To 415,0,3,31
Drop To 145,0,1,31
Pass,58,77,31
Goddard House,11,30,31
Morriss Hall,2,4,31
Young Orchard #4,0,13,31
Young Orchard #2,0,12,31
Hope College,31,39,31
Machado,3,12,31
New Pembroke #3,0,9,31
Drop To 179,0,3,31
Grad Center D,0,105,31
No Show,15,62,31
Drop To 474,0,1,31
Champlin,0,5,31
New Pembroke #4,0,21,31
Plantations House,3,9,31
Woolley,0,27,31
Drop To 304,0,1,31
Slater Hall,1,21,31
Drop To 139,0,1,31
Drop To 564,1,1,31
Chapin House,13,15,31
Gregorian Quad A,18,76,31
Drop To 488,1,1,31
Gregorian Quad B,4,53,31
Barbour Hall,12,14,31
111 Brown Street,6,6,31
Minden,12,55,31
Olney House,4,7,31
Young Orchard #10,0,10,31
Drop To 248,0,1,31
Drop To 261,0,1,31
Drop To 365,0,1,31
Littlefield Hall,24,24,31
Drop To 151,0,1,31
Drop To 402,0,1,31
Emery,0,19,31
Grad Center B,10,17,31
Drop To 394,0,1,31
Drop To 413,0,1,31
Drop To 284,0,1,31
Drop To 421,0,1,31
Drop To 29,0,1,31
Drop To 441,0,2,31
New Pembroke #1,16,17,31
Drop To 587,1,1,31
Grad Center A,3,16,31
Drop To 617,1,1,31
Barbour Hall Apartments,11,27,31
Grad Center C,12,17,31
315 Thayer,0,19,31
Sears House,10,16,31
Diman House,11,12,31
Marcy House,13,14,31
Drop To 215,0,1,31
Drop To 554,1,1,31
Caswell Hall,44,44,32
Drop To 398,0,1,32
Drop To 692,1,1,32
Harkness House,9,9,32
Drop To 377,0,1,32
Hegeman,0,24,32
Drop To 414,0,1,32
Drop To 415,0,3,32
Drop To 145,0,1,32
Pass,58,77,32
Goddard House,11,30,32
Morriss Hall,1,4,32
Young Orchard #4,0,13,32
Young Orchard #2,0,12,32
Hope College,28,39,32
Machado,3,12,32
New Pembroke #3,0,9,32
Drop To 179,0,3,32
Grad Center D,0,105,32
No Show,15,62,32
Drop To 474,0,1,32
Champlin,0,5,32
New Pembroke #4,0,21,32
Plantations House,3,9,32
Woolley,0,27,32
Drop To 304,0,1,32
Slater Hall,0,21,32
Drop To 139,0,1,32
Drop To 564,1,1,32
Chapin House,13,15,32
Gregorian Quad A,13,76,32
Drop To 488,0,1,32
Gregorian Quad B,4,53,32
Barbour Hall,10,14,32
111 Brown Street,6,6,32
Minden,12,55,32
Olney House,4,7,32
Young Orchard #10,0,10,32
Drop To 248,0,1,32
Drop To 261,0,1,32
Drop To 365,0,1,32
Littlefield Hall,24,24,32
Drop To 151,0,1,32
Drop To 402,0,1,32
Emery,0,19,32
Grad Center B,9,17,32
Drop To 394,0,1,32
Drop To 413,0,1,32
Drop To 284,0,1,32
Drop To 421,0,1,32
Drop To 29,0,1,32
Drop To 441,0,2,32
New Pembroke #1,12,17,32
Drop To 587,1,1,32
Grad Center A,3,16,32
Drop To 617,1,1,32
Barbour Hall Apartments,10,27,32
Grad Center C,12,17,32
315 Thayer,0,19,32
Sears House,10,16,32
Diman House,11,12,32
Marcy House,13,14,32
Drop To 215,0,1,32
Drop To 554,1,1,32
Caswell Hall,37,44,33
Drop To 398,0,1,33
Drop To 692,1,1,33
Harkness House,8,9,33
Drop To 377,0,1,33
Hegeman,0,24,33
Drop To 414,0,1,33
Drop To 415,0,3,33
Drop To 145,0,1,33
Pass,58,77,33
Goddard House,11,30,33
Morriss Hall,0,4,33
Young Orchard #4,0,13,33
Young Orchard #2,0,12,33
Hope College,28,39,33
Machado,3,12,33
New Pembroke #3,0,9,33
Drop To 179,0,3,33
Grad Center D,0,105,33
No Show,15,62,33
Drop To 474,0,1,33
Champlin,0,5,33
New Pembroke #4,0,21,33
Plantations House,3,9,33
Woolley,0,27,33
Drop To 304,0,1,33
Slater Hall,0,21,33
Drop To 139,0,1,33
Drop To 564,1,1,33
Chapin House,13,15,33
Gregorian Quad A,13,76,33
Drop To 488,0,1,33
Gregorian Quad B,4,53,33
Barbour Hall,10,14,33
111 Brown Street,5,6,33
Minden,11,55,33
Olney House,4,7,33
Young Orchard #10,0,10,33
Drop To 248,0,1,33
Drop To 261,0,1,33
Drop To 365,0,1,33
Littlefield Hall,24,24,33
Drop To 151,0,1,33
Drop To 402,0,1,33
Emery,0,19,33
Grad Center B,9,17,33
Drop To 394,0,1,33
Drop To 413,0,1,33
Drop To 284,0,1,33
Drop To 421,0,1,33
Drop To 29,0,1,33
Drop To 441,0,2,33
New Pembroke #1,7,17,33
Drop To 587,1,1,33
Grad Center A,3,16,33
Drop To 617,1,1,33
Barbour Hall Apartments,9,27,33
Grad Center C,12,17,33
315 Thayer,0,19,33
Sears House,10,16,33
Diman House,10,12,33
Marcy House,13,14,33
Drop To 215,0,1,33
Drop To 554,1,1,33
Caswell Hall,30,44,34
Drop To 398,0,1,34
Drop To 692,1,1,34
Harkness House,8,9,34
Drop To 377,0,1,34
Hegeman,0,24,34
Drop To 414,0,1,34
Drop To 415,0,3,34
Drop To 145,0,1,34
Pass,58,77,34
Goddard House,11,30,34
Morriss Hall,0,4,34
Young Orchard #4,0,13,34
Young Orchard #2,0,12,34
Hope College,25,39,34
Machado,3,12,34
New Pembroke #3,0,9,34
Drop To 179,0,3,34
Grad Center D,0,105,34
No Show,15,62,34
Drop To 474,0,1,34
Champlin,0,5,34
New Pembroke #4,0,21,34
Plantations House,2,9,34
Woolley,0,27,34
Drop To 304,0,1,34
Slater Hall,0,21,34
Drop To 139,0,1,34
Drop To 564,1,1,34
Chapin House,13,15,34
Gregorian Quad A,10,76,34
Drop To 488,0,1,34
Gregorian Quad B,4,53,34
Barbour Hall,10,14,34
111 Brown Street,5,6,34
Minden,9,55,34
Olney House,4,7,34
Young Orchard #10,0,10,34
Drop To 248,0,1,34
Drop To 261,0,1,34
Drop To 365,0,1,34
Littlefield Hall,24,24,34
Drop To 151,0,1,34
Drop To 402,0,1,34
Emery,0,19,34
Grad Center B,8,17,34
Drop To 394,0,1,34
Drop To 413,0,1,34
Drop To 284,0,1,34
Drop To 421,0,1,34
Drop To 29,0,1,34
Drop To 441,0,2,34
New Pembroke #1,5,17,34
Drop To 587,1,1,34
Grad Center A,3,16,34
Drop To 617,1,1,34
Barbour Hall Apartments,7,27,34
Grad Center C,12,17,34
315 Thayer,0,19,34
Sears House,10,16,34
Diman House,10,12,34
Marcy House,11,14,34
Drop To 215,0,1,34
Drop To 554,1,1,34
Caswell Hall,30,44,34
Drop To 398,0,1,34
Drop To 692,1,1,34
Harkness House,8,9,34
Drop To 377,0,1,34
Hegeman,0,24,34
Drop To 414,0,1,34
Drop To 415,0,3,34
Drop To 145,0,1,34
Pass,58,77,34
Goddard House,11,30,34
Morriss Hall,0,4,34
Young Orchard #4,0,13,34
Young Orchard #2,0,12,34
Hope College,24,39,34
Machado,3,12,34
New Pembroke #3,0,9,34
Drop To 179,0,3,34
Grad Center D,0,105,34
No Show,15,62,34
Drop To 474,0,1,34
Champlin,0,5,34
New Pembroke #4,0,21,34
Plantations House,2,9,34
Woolley,0,27,34
Drop To 304,0,1,34
Slater Hall,0,21,34
Drop To 139,0,1,34
Drop To 564,1,1,34
Chapin House,13,15,34
Gregorian Quad A,10,76,34
Drop To 488,0,1,34
Gregorian Quad B,4,53,34
Barbour Hall,10,14,34
111 Brown Street,5,6,34
Minden,9,55,34
Olney House,4,7,34
Young Orchard #10,0,10,34
Drop To 248,0,1,34
Drop To 261,0,1,34
Drop To 365,0,1,34
Littlefield Hall,24,24,34
Drop To 151,0,1,34
Drop To 402,0,1,34
Emery,0,19,34
Grad Center B,8,17,34
Drop To 394,0,1,34
Drop To 413,0,1,34
Drop To 284,0,1,34
Drop To 421,0,1,34
Drop To 29,0,1,34
Drop To 441,0,2,34
New Pembroke #1,5,17,34
Drop To 587,1,1,34
Grad Center A,3,16,34
Drop To 617,1,1,34
Barbour Hall Apartments,7,27,34
Grad Center C,12,17,34
315 Thayer,0,19,34
Sears House,10,16,34
Diman House,10,12,34
Marcy House,11,14,34
Drop To 215,0,1,34
Drop To 554,1,1,34
Caswell Hall,19,44,35
Drop To 398,0,1,35
Drop To 692,1,1,35
Harkness House,7,9,35
Drop To 377,0,1,35
Hegeman,0,24,35
Drop To 414,0,1,35
Drop To 415,0,3,35
Drop To 145,0,1,35
Pass,58,77,35
Goddard House,11,30,35
Morriss Hall,0,4,35
Young Orchard #4,0,13,35
Young Orchard #2,0,12,35
Hope College,24,39,35
Machado,3,12,35
New Pembroke #3,0,9,35
Drop To 179,0,3,35
Grad Center D,0,105,35
No Show,15,62,35
Drop To 474,0,1,35
Champlin,0,5,35
New Pembroke #4,0,21,35
Plantations House,2,9,35
Woolley,0,27,35
Drop To 304,0,1,35
Slater Hall,0,21,35
Drop To 139,0,1,35
Drop To 564,1,1,35
Chapin House,12,15,35
Gregorian Quad A,7,76,35
Drop To 488,0,1,35
Gregorian Quad B,4,53,35
Barbour Hall,10,14,35
111 Brown Street,5,6,35
Minden,7,55,35
Olney House,4,7,35
Young Orchard #10,0,10,35
Drop To 248,0,1,35
Drop To 261,0,1,35
Drop To 365,0,1,35
Littlefield Hall,24,24,35
Drop To 151,0,1,35
Drop To 402,0,1,35
Emery,0,19,35
Grad Center B,5,17,35
Drop To 394,0,1,35
Drop To 413,0,1,35
Drop To 284,0,1,35
Drop To 421,0,1,35
Drop To 29,0,1,35
Drop To 441,0,2,35
New Pembroke #1,3,17,35
Drop To 587,1,1,35
Grad Center A,3,16,35
Drop To 617,1,1,35
Barbour Hall Apartments,7,27,35
Grad Center C,11,17,35
315 Thayer,0,19,35
Sears House,10,16,35
Diman House,9,12,35
Marcy House,11,14,35
Drop To 215,0,1,35
Drop To 554,1,1,35
Caswell Hall,18,44,35
Drop To 398,0,1,35
Drop To 692,1,1,35
Harkness House,7,9,35
Drop To 377,0,1,35
Hegeman,0,24,35
Drop To 414,0,1,35
Drop To 415,0,3,35
Drop To 145,0,1,35
Pass,58,77,35
Goddard House,11,30,35
Morriss Hall,0,4,35
Young Orchard #4,0,13,35
Young Orchard #2,0,12,35
Hope College,24,39,35
Machado,3,12,35
New Pembroke #3,0,9,35
Drop To 179,0,3,35
Grad Center D,0,105,35
No Show,15,62,35
Drop To 474,0,1,35
Champlin,0,5,35
New Pembroke #4,0,21,35
Plantations House,2,9,35
Woolley,0,27,35
Drop To 304,0,1,35
Slater Hall,0,21,35
Drop To 139,0,1,35
Drop To 564,1,1,35
Chapin House,12,15,35
Gregorian Quad A,7,76,35
Drop To 488,0,1,35
Gregorian Quad B,4,53,35
Barbour Hall,10,14,35
111 Brown Street,5,6,35
Minden,7,55,35
Olney House,4,7,35
Young Orchard #10,0,10,35
Drop To 248,0,1,35
Drop To 261,0,1,35
Drop To 365,0,1,35
Littlefield Hall,24,24,35
Drop To 151,0,1,35
Drop To 402,0,1,35
Emery,0,19,35
Grad Center B,5,17,35
Drop To 394,0,1,35
Drop To 413,0,1,35
Drop To 284,0,1,35
Drop To 421,0,1,35
Drop To 29,0,1,35
Drop To 441,0,2,35
New Pembroke #1,3,17,35
Drop To 587,1,1,35
Grad Center A,3,16,35
Drop To 617,1,1,35
Barbour Hall Apartments,7,27,35
Grad Center C,11,17,35
315 Thayer,0,19,35
Sears House,10,16,35
Diman House,9,12,35
Marcy House,11,14,35
Drop To 215,0,1,35
Drop To 554,1,1,35
Caswell Hall,17,44,35
Drop To 398,0,1,35
Drop To 692,1,1,35
Harkness House,7,9,35
Drop To 377,0,1,35
Hegeman,0,24,35
Drop To 414,0,1,35
Drop To 415,0,3,35
Drop To 145,0,1,35
Pass,58,77,35
Goddard House,11,30,35
Morriss Hall,0,4,35
Young Orchard #4,0,13,35
Young Orchard #2,0,12,35
Hope College,24,39,35
Machado,3,12,35
New Pembroke #3,0,9,35
Drop To 179,0,3,35
Grad Center D,0,105,35
No Show,15,62,35
Drop To 474,0,1,35
Champlin,0,5,35
New Pembroke #4,0,21,35
Plantations House,2,9,35
Woolley,0,27,35
Drop To 304,0,1,35
Slater Hall,0,21,35
Drop To 139,0,1,35
Drop To 564,1,1,35
Chapin House,12,15,35
Gregorian Quad A,7,76,35
Drop To 488,0,1,35
Gregorian Quad B,4,53,35
Barbour Hall,10,14,35
111 Brown Street,5,6,35
Minden,7,55,35
Olney House,4,7,35
Young Orchard #10,0,10,35
Drop To 248,0,1,35
Drop To 261,0,1,35
Drop To 365,0,1,35
Littlefield Hall,24,24,35
Drop To 151,0,1,35
Drop To 402,0,1,35
Emery,0,19,35
Grad Center B,5,17,35
Drop To 394,0,1,35
Drop To 413,0,1,35
Drop To 284,0,1,35
Drop To 421,0,1,35
Drop To 29,0,1,35
Drop To 441,0,2,35
New Pembroke #1,3,17,35
Drop To 587,1,1,35
Grad Center A,3,16,35
Drop To 617,1,1,35
Barbour Hall Apartments,7,27,35
Grad Center C,11,17,35
315 Thayer,0,19,35
Sears House,10,16,35
Diman House,9,12,35
Marcy House,11,14,35
Drop To 215,0,1,35
Drop To 554,1,1,35
Caswell Hall,16,44,35
Drop To 398,0,1,35
Drop To 692,1,1,35
Harkness House,7,9,35
Drop To 377,0,1,35
Hegeman,0,24,35
Drop To 414,0,1,35
Drop To 415,0,3,35
Drop To 145,0,1,35
Pass,58,77,35
Goddard House,11,30,35
Morriss Hall,0,4,35
Young Orchard #4,0,13,35
Young Orchard #2,0,12,35
Hope College,24,39,35
Machado,3,12,35
New Pembroke #3,0,9,35
Drop To 179,0,3,35
Grad Center D,0,105,35
No Show,15,62,35
Drop To 474,0,1,35
Champlin,0,5,35
New Pembroke #4,0,21,35
Plantations House,2,9,35
Woolley,0,27,35
Drop To 304,0,1,35
Slater Hall,0,21,35
Drop To 139,0,1,35
Drop To 564,1,1,35
Chapin House,12,15,35
Gregorian Quad A,7,76,35
Drop To 488,0,1,35
Gregorian Quad B,4,53,35
Barbour Hall,10,14,35
111 Brown Street,5,6,35
Minden,7,55,35
Olney House,4,7,35
Young Orchard #10,0,10,35
Drop To 248,0,1,35
Drop To 261,0,1,35
Drop To 365,0,1,35
Littlefield Hall,24,24,35
Drop To 151,0,1,35
Drop To 402,0,1,35
Emery,0,19,35
Grad Center B,5,17,35
Drop To 394,0,1,35
Drop To 413,0,1,35
Drop To 284,0,1,35
Drop To 421,0,1,35
Drop To 29,0,1,35
Drop To 441,0,2,35
New Pembroke #1,3,17,35
Drop To 587,1,1,35
Grad Center A,3,16,35
Drop To 617,1,1,35
Barbour Hall Apartments,7,27,35
Grad Center C,11,17,35
315 Thayer,0,19,35
Sears House,10,16,35
Diman House,9,12,35
Marcy House,11,14,35
Drop To 215,0,1,35
Drop To 554,1,1,35
Caswell Hall,7,44,36
Drop To 398,0,1,36
Drop To 692,1,1,36
Harkness House,7,9,36
Drop To 377,0,1,36
Hegeman,0,24,36
Drop To 414,0,1,36
Drop To 415,0,3,36
Drop To 145,0,1,36
Pass,58,77,36
Goddard House,10,30,36
Morriss Hall,0,4,36
Young Orchard #4,0,13,36
Young Orchard #2,0,12,36
Hope College,24,39,36
Machado,3,12,36
New Pembroke #3,0,9,36
Drop To 179,0,3,36
Grad Center D,0,105,36
No Show,15,62,36
Drop To 474,0,1,36
Champlin,0,5,36
New Pembroke #4,0,21,36
Plantations House,2,9,36
Woolley,0,27,36
Drop To 304,0,1,36
Slater Hall,0,21,36
Drop To 139,0,1,36
Drop To 564,0,1,36
Chapin House,12,15,36
Gregorian Quad A,2,76,36
Drop To 488,0,1,36
Gregorian Quad B,4,53,36
Barbour Hall,9,14,36
111 Brown Street,5,6,36
Minden,6,55,36
Olney House,4,7,36
Young Orchard #10,0,10,36
Drop To 248,0,1,36
Drop To 261,0,1,36
Drop To 365,0,1,36
Littlefield Hall,23,24,36
Drop To 151,0,1,36
Drop To 402,0,1,36
Emery,0,19,36
Grad Center B,3,17,36
Drop To 394,0,1,36
Drop To 413,0,1,36
Drop To 284,0,1,36
Drop To 421,0,1,36
Drop To 29,0,1,36
Drop To 441,0,2,36
New Pembroke #1,2,17,36
Drop To 587,1,1,36
Grad Center A,2,16,36
Drop To 617,1,1,36
Barbour Hall Apartments,6,27,36
Grad Center C,9,17,36
315 Thayer,0,19,36
Sears House,10,16,36
Diman House,9,12,36
Marcy House,11,14,36
Drop To 215,0,1,36
Drop To 554,1,1,36
Caswell Hall,6,44,36
Drop To 398,0,1,36
Drop To 692,1,1,36
Harkness House,7,9,36
Drop To 377,0,1,36
Hegeman,0,24,36
Drop To 414,0,1,36
Drop To 415,0,3,36
Drop To 145,0,1,36
Pass,58,77,36
Goddard House,10,30,36
Morriss Hall,0,4,36
Young Orchard #4,0,13,36
Young Orchard #2,0,12,36
Hope College,24,39,36
Machado,3,12,36
New Pembroke #3,0,9,36
Drop To 179,0,3,36
Grad Center D,0,105,36
No Show,15,62,36
Drop To 474,0,1,36
Champlin,0,5,36
New Pembroke #4,0,21,36
Plantations House,2,9,36
Woolley,0,27,36
Drop To 304,0,1,36
Slater Hall,0,21,36
Drop To 139,0,1,36
Drop To 564,0,1,36
Chapin House,12,15,36
Gregorian Quad A,2,76,36
Drop To 488,0,1,36
Gregorian Quad B,4,53,36
Barbour Hall,9,14,36
111 Brown Street,5,6,36
Minden,6,55,36
Olney House,4,7,36
Young Orchard #10,0,10,36
Drop To 248,0,1,36
Drop To 261,0,1,36
Drop To 365,0,1,36
Littlefield Hall,23,24,36
Drop To 151,0,1,36
Drop To 402,0,1,36
Emery,0,19,36
Grad Center B,3,17,36
Drop To 394,0,1,36
Drop To 413,0,1,36
Drop To 284,0,1,36
Drop To 421,0,1,36
Drop To 29,0,1,36
Drop To 441,0,2,36
New Pembroke #1,2,17,36
Drop To 587,1,1,36
Grad Center A,2,16,36
Drop To 617,1,1,36
Barbour Hall Apartments,6,27,36
Grad Center C,9,17,36
315 Thayer,0,19,36
Sears House,10,16,36
Diman House,9,12,36
Marcy House,11,14,36
Drop To 215,0,1,36
Drop To 554,1,1,36
Caswell Hall,2,44,37
Drop To 398,0,1,37
Drop To 692,1,1,37
Harkness House,5,9,37
Drop To 377,0,1,37
Hegeman,0,24,37
Drop To 414,0,1,37
Drop To 415,0,3,37
Drop To 145,0,1,37
Pass,58,77,37
Goddard House,8,30,37
Morriss Hall,0,4,37
Young Orchard #4,0,13,37
Young Orchard #2,0,12,37
Hope College,15,39,37
Machado,3,12,37
New Pembroke #3,0,9,37
Drop To 179,0,3,37
Grad Center D,0,105,37
No Show,15,62,37
Drop To 474,0,1,37
Champlin,0,5,37
New Pembroke #4,0,21,37
Plantations House,2,9,37
Woolley,0,27,37
Drop To 304,0,1,37
Slater Hall,0,21,37
Drop To 139,0,1,37
Drop To 564,0,1,37
Chapin House,10,15,37
Gregorian Quad A,2,76,37
Drop To 488,0,1,37
Gregorian Quad B,4,53,37
Barbour Hall,8,14,37
111 Brown Street,1,6,37
Minden,5,55,37
Olney House,4,7,37
Young Orchard #10,0,10,37
Drop To 248,0,1,37
Drop To 261,0,1,37
Drop To 365,0,1,37
Littlefield Hall,18,24,37
Drop To 151,0,1,37
Drop To 402,0,1,37
Emery,0,19,37
Grad Center B,3,17,37
Drop To 394,0,1,37
Drop To 413,0,1,37
Drop To 284,0,1,37
Drop To 421,0,1,37
Drop To 29,0,1,37
Drop To 441,0,2,37
New Pembroke #1,2,17,37
Drop To 587,1,1,37
Grad Center A,1,16,37
Drop To 617,1,1,37
Barbour Hall Apartments,5,27,37
Grad Center C,8,17,37
315 Thayer,0,19,37
Sears House,9,16,37
Diman House,8,12,37
Marcy House,11,14,37
Drop To 215,0,1,37
Drop To 554,0,1,37
Caswell Hall,2,44,37
Drop To 398,0,1,37
Drop To 692,1,1,37
Harkness House,5,9,37
Drop To 377,0,1,37
Hegeman,0,24,37
Drop To 414,0,1,37
Drop To 415,0,3,37
Drop To 145,0,1,37
Pass,58,77,37
Goddard House,8,30,37
Morriss Hall,0,4,37
Young Orchard #4,0,13,37
Young Orchard #2,0,12,37
Hope College,14,39,37
Machado,3,12,37
New Pembroke #3,0,9,37
Drop To 179,0,3,37
Grad Center D,0,105,37
No Show,15,62,37
Drop To 474,0,1,37
Champlin,0,5,37
New Pembroke #4,0,21,37
Plantations House,2,9,37
Woolley,0,27,37
Drop To 304,0,1,37
Slater Hall,0,21,37
Drop To 139,0,1,37
Drop To 564,0,1,37
Chapin House,10,15,37
Gregorian Quad A,2,76,37
Drop To 488,0,1,37
Gregorian Quad B,4,53,37
Barbour Hall,8,14,37
111 Brown Street,1,6,37
Minden,5,55,37
Olney House,4,7,37
Young Orchard #10,0,10,37
Drop To 248,0,1,37
Drop To 261,0,1,37
Drop To 365,0,1,37
Littlefield Hall,18,24,37
Drop To 151,0,1,37
Drop To 402,0,1,37
Emery,0,19,37
Grad Center B,3,17,37
Drop To 394,0,1,37
Drop To 413,0,1,37
Drop To 284,0,1,37
Drop To 421,0,1,37
Drop To 29,0,1,37
Drop To 441,0,2,37
New Pembroke #1,2,17,37
Drop To 587,1,1,37
Grad Center A,1,16,37
Drop To 617,1,1,37
Barbour Hall Apartments,5,27,37
Grad Center C,8,17,37
315 Thayer,0,19,37
Sears House,9,16,37
Diman House,8,12,37
Marcy House,11,14,37
Drop To 215,0,1,37
Drop To 554,0,1,37
Caswell Hall,2,44,38
Drop To 398,0,1,38
Drop To 692,1,1,38
Harkness House,5,9,38
Drop To 377,0,1,38
Hegeman,0,24,38
Drop To 414,0,1,38
Drop To 415,0,3,38
Drop To 145,0,1,38
Pass,57,77,38
Goddard House,8,30,38
Morriss Hall,0,4,38
Young Orchard #4,0,13,38
Young Orchard #2,0,12,38
Hope College,9,39,38
Machado,3,12,38
New Pembroke #3,0,9,38
Drop To 179,0,3,38
Grad Center D,0,105,38
No Show,15,62,38
Drop To 474,0,1,38
Champlin,0,5,38
New Pembroke #4,0,21,38
Plantations House,2,9,38
Woolley,0,27,38
Drop To 304,0,1,38
Slater Hall,0,21,38
Drop To 139,0,1,38
Drop To 564,0,1,38
Chapin House,10,15,38
Gregorian Quad A,2,76,38
Drop To 488,0,1,38
Gregorian Quad B,1,53,38
Barbour Hall,6,14,38
111 Brown Street,0,6,38
Minden,5,55,38
Olney House,4,7,38
Young Orchard #10,0,10,38
Drop To 248,0,1,38
Drop To 261,0,1,38
Drop To 365,0,1,38
Littlefield Hall,16,24,38
Drop To 151,0,1,38
Drop To 402,0,1,38
Emery,0,19,38
Grad Center B,1,17,38
Drop To 394,0,1,38
Drop To 413,0,1,38
Drop To 284,0,1,38
Drop To 421,0,1,38
Drop To 29,0,1,38
Drop To 441,0,2,38
New Pembroke #1,2,17,38
Drop To 587,1,1,38
Grad Center A,0,16,38
Drop To 617,1,1,38
Barbour Hall Apartments,4,27,38
Grad Center C,4,17,38
315 Thayer,0,19,38
Sears House,9,16,38
Diman House,5,12,38
Marcy House,11,14,38
Drop To 215,0,1,38
Drop To 554,0,1,38
Caswell Hall,2,44,38
Drop To 398,0,1,38
Drop To 692,1,1,38
Harkness House,5,9,38
Drop To 377,0,1,38
Hegeman,0,24,38
Drop To 414,0,1,38
Drop To 415,0,3,38
Drop To 145,0,1,38
Pass,57,77,38
Goddard House,8,30,38
Morriss Hall,0,4,38
Young Orchard #4,0,13,38
Young Orchard #2,0,12,38
Hope College,9,39,38
Machado,3,12,38
New Pembroke #3,0,9,38
Drop To 179,0,3,38
Grad Center D,0,105,38
No Show,15,62,38
Drop To 474,0,1,38
Champlin,0,5,38
New Pembroke #4,0,21,38
Plantations House,2,9,38
Woolley,0,27,38
Drop To 304,0,1,38
Slater Hall,0,21,38
Drop To 139,0,1,38
Drop To 564,0,1,38
Chapin House,10,15,38
Gregorian Quad A,2,76,38
Drop To 488,0,1,38
Gregorian Quad B,1,53,38
Barbour Hall,6,14,38
111 Brown Street,0,6,38
Minden,5,55,38
Olney House,4,7,38
Young Orchard #10,0,10,38
Drop To 248,0,1,38
Drop To 261,0,1,38
Drop To 365,0,1,38
Littlefield Hall,16,24,38
Drop To 151,0,1,38
Drop To 402,0,1,38
Emery,0,19,38
Grad Center B,1,17,38
Drop To 394,0,1,38
Drop To 413,0,1,38
Drop To 284,0,1,38
Drop To 421,0,1,38
Drop To 29,0,1,38
Drop To 441,0,2,38
New Pembroke #1,2,17,38
Drop To 587,1,1,38
Grad Center A,0,16,38
Drop To 617,1,1,38
Barbour Hall Apartments,4,27,38
Grad Center C,3,17,38
315 Thayer,0,19,38
Sears House,9,16,38
Diman House,5,12,38
Marcy House,11,14,38
Drop To 215,0,1,38
Drop To 554,0,1,38
Caswell Hall,0,44,39
Drop To 398,0,1,39
Drop To 692,1,1,39
Harkness House,5,9,39
Drop To 377,0,1,39
Hegeman,0,24,39
Drop To 414,0,1,39
Drop To 415,0,3,39
Drop To 145,0,1,39
Pass,56,77,39
Goddard House,8,30,39
Morriss Hall,0,4,39
Young Orchard #4,0,13,39
Young Orchard #2,0,12,39
Hope College,7,39,39
Machado,3,12,39
New Pembroke #3,0,9,39
Drop To 179,0,3,39
Grad Center D,0,105,39
No Show,14,62,39
Drop To 474,0,1,39
Champlin,0,5,39
New Pembroke #4,0,21,39
Plantations House,2,9,39
Woolley,0,27,39
Drop To 304,0,1,39
Slater Hall,0,21,39
Drop To 139,0,1,39
Drop To 564,0,1,39
Chapin House,10,15,39
Gregorian Quad A,1,76,39
Drop To 488,0,1,39
Gregorian Quad B,0,53,39
Barbour Hall,3,14,39
111 Brown Street,0,6,39
Minden,5,55,39
Olney House,4,7,39
Young Orchard #10,0,10,39
Drop To 248,0,1,39
Drop To 261,0,1,39
Drop To 365,0,1,39
Littlefield Hall,14,24,39
Drop To 151,0,1,39
Drop To 402,0,1,39
Emery,0,19,39
Grad Center B,0,17,39
Drop To 394,0,1,39
Drop To 413,0,1,39
Drop To 284,0,1,39
Drop To 421,0,1,39
Drop To 29,0,1,39
Drop To 441,0,2,39
New Pembroke #1,2,17,39
Drop To 587,0,1,39
Grad Center A,0,16,39
Drop To 617,1,1,39
Barbour Hall Apartments,3,27,39
Grad Center C,0,17,39
315 Thayer,0,19,39
Sears House,9,16,39
Diman House,5,12,39
Marcy House,11,14,39
Drop To 215,0,1,39
Drop To 554,0,1,39
Caswell Hall,0,44,40
Drop To 398,0,1,40
Drop To 692,1,1,40
Harkness House,5,9,40
Drop To 377,0,1,40
Hegeman,0,24,40
Drop To 414,0,1,40
Drop To 415,0,3,40
Drop To 145,0,1,40
Pass,55,77,40
Goddard House,5,30,40
Morriss Hall,0,4,40
Young Orchard #4,0,13,40
Young Orchard #2,0,12,40
Hope College,1,39,40
Machado,3,12,40
New Pembroke #3,0,9,40
Drop To 179,0,3,40
Grad Center D,0,105,40
No Show,14,62,40
Drop To 474,0,1,40
Champlin,0,5,40
New Pembroke #4,0,21,40
Plantations House,0,9,40
Woolley,0,27,40
Drop To 304,0,1,40
Slater Hall,0,21,40
Drop To 139,0,1,40
Drop To 564,0,1,40
Chapin House,5,15,40
Gregorian Quad A,0,76,40
Drop To 488,0,1,40
Gregorian Quad B,0,53,40
Barbour Hall,1,14,40
111 Brown Street,0,6,40
Minden,5,55,40
Olney House,4,7,40
Young Orchard #10,0,10,40
Drop To 248,0,1,40
Drop To 261,0,1,40
Drop To 365,0,1,40
Littlefield Hall,5,24,40
Drop To 151,0,1,40
Drop To 402,0,1,40
Emery,0,19,40
Grad Center B,0,17,40
Drop To 394,0,1,40
Drop To 413,0,1,40
Drop To 284,0,1,40
Drop To 421,0,1,40
Drop To 29,0,1,40
Drop To 441,0,2,40
New Pembroke #1,2,17,40
Drop To 587,0,1,40
Grad Center A,0,16,40
Drop To 617,1,1,40
Barbour Hall Apartments,0,27,40
Grad Center C,0,17,40
315 Thayer,0,19,40
Sears House,9,16,40
Diman House,3,12,40
Marcy House,11,14,40
Drop To 215,0,1,40
Drop To 554,0,1,40
Caswell Hall,0,44,40
Drop To 398,0,1,40
Drop To 692,1,1,40
Harkness House,5,9,40
Drop To 377,0,1,40
Hegeman,0,24,40
Drop To 414,0,1,40
Drop To 415,0,3,40
Drop To 145,0,1,40
Pass,55,77,40
Goddard House,5,30,40
Morriss Hall,0,4,40
Young Orchard #4,0,13,40
Young Orchard #2,0,12,40
Hope College,1,39,40
Machado,3,12,40
New Pembroke #3,0,9,40
Drop To 179,0,3,40
Grad Center D,0,105,40
No Show,14,62,40
Drop To 474,0,1,40
Champlin,0,5,40
New Pembroke #4,0,21,40
Plantations House,0,9,40
Woolley,0,27,40
Drop To 304,0,1,40
Slater Hall,0,21,40
Drop To 139,0,1,40
Drop To 564,0,1,40
Chapin House,5,15,40
Gregorian Quad A,0,76,40
Drop To 488,0,1,40
Gregorian Quad B,0,53,40
Barbour Hall,1,14,40
111 Brown Street,0,6,40
Minden,5,55,40
Olney House,4,7,40
Young Orchard #10,0,10,40
Drop To 248,0,1,40
Drop To 261,0,1,40
Drop To 365,0,1,40
Littlefield Hall,4,24,40
Drop To 151,0,1,40
Drop To 402,0,1,40
Emery,0,19,40
Grad Center B,0,17,40
Drop To 394,0,1,40
Drop To 413,0,1,40
Drop To 284,0,1,40
Drop To 421,0,1,40
Drop To 29,0,1,40
Drop To 441,0,2,40
New Pembroke #1,2,17,40
Drop To 587,0,1,40
Grad Center A,0,16,40
Drop To 617,1,1,40
Barbour Hall Apartments,0,27,40
Grad Center C,0,17,40
315 Thayer,0,19,40
Sears House,9,16,40
Diman House,3,12,40
Marcy House,11,14,40
Drop To 215,0,1,40
Drop To 554,0,1,40
Caswell Hall,0,44,41
Drop To 398,0,1,41
Drop To 692,1,1,41
Harkness House,0,9,41
Drop To 377,0,1,41
Hegeman,0,24,41
Drop To 414,0,1,41
Drop To 415,0,3,41
Drop To 145,0,1,41
Pass,52,77,41
Goddard House,4,30,41
Morriss Hall,0,4,41
Young Orchard #4,0,13,41
Young Orchard #2,0,12,41
Hope College,0,39,41
Machado,2,12,41
New Pembroke #3,0,9,41
Drop To 179,0,3,41
Grad Center D,0,105,41
No Show,14,62,41
Drop To 474,0,1,41
Champlin,0,5,41
New Pembroke #4,0,21,41
Plantations House,0,9,41
Woolley,0,27,41
Drop To 304,0,1,41
Slater Hall,0,21,41
Drop To 139,0,1,41
Drop To 564,0,1,41
Chapin House,3,15,41
Gregorian Quad A,0,76,41
Drop To 488,0,1,41
Gregorian Quad B,0,53,41
Barbour Hall,0,14,41
111 Brown Street,0,6,41
Minden,4,55,41
Olney House,4,7,41
Young Orchard #10,0,10,41
Drop To 248,0,1,41
Drop To 261,0,1,41
Drop To 365,0,1,41
Littlefield Hall,0,24,41
Drop To 151,0,1,41
Drop To 402,0,1,41
Emery,0,19,41
Grad Center B,0,17,41
Drop To 394,0,1,41
Drop To 413,0,1,41
Drop To 284,0,1,41
Drop To 421,0,1,41
Drop To 29,0,1,41
Drop To 441,0,2,41
New Pembroke #1,0,17,41
Drop To 587,0,1,41
Grad Center A,0,16,41
Drop To 617,0,1,41
Barbour Hall Apartments,0,27,41
Grad Center C,0,17,41
315 Thayer,0,19,41
Sears House,9,16,41
Diman House,1,12,41
Marcy House,6,14,41
Drop To 215,0,1,41
Drop To 554,0,1,41
Caswell Hall,0,44,41
Drop To 398,0,1,41
Drop To 692,1,1,41
Harkness House,0,9,41
Drop To 377,0,1,41
Hegeman,0,24,41
Drop To 414,0,1,41
Drop To 415,0,3,41
Drop To 145,0,1,41
Pass,52,77,41
Goddard House,4,30,41
Morriss Hall,0,4,41
Young Orchard #4,0,13,41
Young Orchard #2,0,12,41
Hope College,0,39,41
Machado,2,12,41
New Pembroke #3,0,9,41
Drop To 179,0,3,41
Grad Center D,0,105,41
No Show,14,62,41
Drop To 474,0,1,41
Champlin,0,5,41
New Pembroke #4,0,21,41
Plantations House,0,9,41
Woolley,0,27,41
Drop To 304,0,1,41
Slater Hall,0,21,41
Drop To 139,0,1,41
Drop To 564,0,1,41
Chapin House,3,15,41
Gregorian Quad A,0,76,41
Drop To 488,0,1,41
Gregorian Quad B,0,53,41
Barbour Hall,0,14,41
111 Brown Street,0,6,41
Minden,4,55,41
Olney House,4,7,41
Young Orchard #10,0,10,41
Drop To 248,0,1,41
Drop To 261,0,1,41
Drop To 365,0,1,41
Littlefield Hall,0,24,41
Drop To 151,0,1,41
Drop To 402,0,1,41
Emery,0,19,41
Grad Center B,0,17,41
Drop To 394,0,1,41
Drop To 413,0,1,41
Drop To 284,0,1,41
Drop To 421,0,1,41
Drop To 29,0,1,41
Drop To 441,0,2,41
New Pembroke #1,0,17,41
Drop To 587,0,1,41
Grad Center A,0,16,41
Drop To 617,0,1,41
Barbour Hall Apartments,0,27,41
Grad Center C,0,17,41
315 Thayer,0,19,41
Sears House,9,16,41
Diman House,0,12,41
Marcy House,6,14,41
Drop To 215,0,1,41
Drop To 554,0,1,41
Caswell Hall,0,44,42
Drop To 398,0,1,42
Drop To 692,1,1,42
Harkness House,0,9,42
Drop To 377,0,1,42
Hegeman,0,24,42
Drop To 414,0,1,42
Drop To 415,0,3,42
Drop To 145,0,1,42
Pass,46,77,42
Goddard House,0,30,42
Morriss Hall,0,4,42
Young Orchard #4,0,13,42
Young Orchard #2,0,12,42
Hope College,0,39,42
Machado,0,12,42
New Pembroke #3,0,9,42
Drop To 179,0,3,42
Grad Center D,0,105,42
No Show,14,62,42
Drop To 474,0,1,42
Champlin,0,5,42
New Pembroke #4,0,21,42
Plantations House,0,9,42
Woolley,0,27,42
Drop To 304,0,1,42
Slater Hall,0,21,42
Drop To 139,0,1,42
Drop To 564,0,1,42
Chapin House,3,15,42
Gregorian Quad A,0,76,42
Drop To 488,0,1,42
Gregorian Quad B,0,53,42
Barbour Hall,0,14,42
111 Brown Street,0,6,42
Minden,2,55,42
Olney House,2,7,42
Young Orchard #10,0,10,42
Drop To 248,0,1,42
Drop To 261,0,1,42
Drop To 365,0,1,42
Littlefield Hall,0,24,42
Drop To 151,0,1,42
Drop To 402,0,1,42
Emery,0,19,42
Grad Center B,0,17,42
Drop To 394,0,1,42
Drop To 413,0,1,42
Drop To 284,0,1,42
Drop To 421,0,1,42
Drop To 29,0,1,42
Drop To 441,0,2,42
New Pembroke #1,0,17,42
Drop To 587,0,1,42
Grad Center A,0,16,42
Drop To 617,0,1,42
Barbour Hall Apartments,0,27,42
Grad Center C,0,17,42
315 Thayer,0,19,42
Sears House,3,16,42
Diman House,0,12,42
Marcy House,1,14,42
Drop To 215,0,1,42
Drop To 554,0,1,42
Caswell Hall,0,44,43
Drop To 398,0,1,43
Drop To 692,1,1,43
Harkness House,0,9,43
Drop To 377,0,1,43
Hegeman,0,24,43
Drop To 414,0,1,43
Drop To 415,0,3,43
Drop To 145,0,1,43
Pass,37,77,43
Goddard House,0,30,43
Morriss Hall,0,4,43
Young Orchard #4,0,13,43
Young Orchard #2,0,12,43
Hope College,0,39,43
Machado,0,12,43
New Pembroke #3,0,9,43
Drop To 179,0,3,43
Grad Center D,0,105,43
No Show,14,62,43
Drop To 474,0,1,43
Champlin,0,5,43
New Pembroke #4,0,21,43
Plantations House,0,9,43
Woolley,0,27,43
Drop To 304,0,1,43
Slater Hall,0,21,43
Drop To 139,0,1,43
Drop To 564,0,1,43
Chapin House,0,15,43
Gregorian Quad A,0,76,43
Drop To 488,0,1,43
Gregorian Quad B,0,53,43
Barbour Hall,0,14,43
111 Brown Street,0,6,43
Minden,0,55,43
Olney House,0,7,43
Young Orchard #10,0,10,43
Drop To 248,0,1,43
Drop To 261,0,1,43
Drop To 365,0,1,43
Littlefield Hall,0,24,43
Drop To 151,0,1,43
Drop To 402,0,1,43
Emery,0,19,43
Grad Center B,0,17,43
Drop To 394,0,1,43
Drop To 413,0,1,43
Drop To 284,0,1,43
Drop To 421,0,1,43
Drop To 29,0,1,43
Drop To 441,0,2,43
New Pembroke #1,0,17,43
Drop To 587,0,1,43
Grad Center A,0,16,43
Drop To 617,0,1,43
Barbour Hall Apartments,0,27,43
Grad Center C,0,17,43
315 Thayer,0,19,43
Sears House,0,16,43
Diman House,0,12,43
Marcy House,0,14,43
Drop To 215,0,1,43
Drop To 554,0,1,43
Caswell Hall,0,44,44
Drop To 398,0,1,44
Drop To 692,1,1,44
Harkness House,0,9,44
Drop To 377,0,1,44
Hegeman,0,24,44
Drop To 414,0,1,44
Drop To 415,0,3,44
Drop To 145,0,1,44
Pass,24,77,44
Goddard House,0,30,44
Morriss Hall,0,4,44
Young Orchard #4,0,13,44
Young Orchard #2,0,12,44
Hope College,0,39,44
Machado,0,12,44
New Pembroke #3,0,9,44
Drop To 179,0,3,44
Grad Center D,0,105,44
No Show,12,62,44
Drop To 474,0,1,44
Champlin,0,5,44
New Pembroke #4,0,21,44
Plantations House,0,9,44
Woolley,0,27,44
Drop To 304,0,1,44
Slater Hall,0,21,44
Drop To 139,0,1,44
Drop To 564,0,1,44
Chapin House,0,15,44
Gregorian Quad A,0,76,44
Drop To 488,0,1,44
Gregorian Quad B,0,53,44
Barbour Hall,0,14,44
111 Brown Street,0,6,44
Minden,0,55,44
Olney House,0,7,44
Young Orchard #10,0,10,44
Drop To 248,0,1,44
Drop To 261,0,1,44
Drop To 365,0,1,44
Littlefield Hall,0,24,44
Drop To 151,0,1,44
Drop To 402,0,1,44
Emery,0,19,44
Grad Center B,0,17,44
Drop To 394,0,1,44
Drop To 413,0,1,44
Drop To 284,0,1,44
Drop To 421,0,1,44
Drop To 29,0,1,44
Drop To 441,0,2,44
New Pembroke #1,0,17,44
Drop To 587,0,1,44
Grad Center A,0,16,44
Drop To 617,0,1,44
Barbour Hall Apartments,0,27,44
Grad Center C,0,17,44
315 Thayer,0,19,44
Sears House,0,16,44
Diman House,0,12,44
Marcy House,0,14,44
Drop To 215,0,1,44
Drop To 554,0,1,44
Caswell Hall,0,44,45
Drop To 398,0,1,45
Drop To 692,1,1,45
Harkness House,0,9,45
Drop To 377,0,1,45
Hegeman,0,24,45
Drop To 414,0,1,45
Drop To 415,0,3,45
Drop To 145,0,1,45
Pass,10,77,45
Goddard House,0,30,45
Morriss Hall,0,4,45
Young Orchard #4,0,13,45
Young Orchard #2,0,12,45
Hope College,0,39,45
Machado,0,12,45
New Pembroke #3,0,9,45
Drop To 179,0,3,45
Grad Center D,0,105,45
No Show,11,62,45
Drop To 474,0,1,45
Champlin,0,5,45
New Pembroke #4,0,21,45
Plantations House,0,9,45
Woolley,0,27,45
Drop To 304,0,1,45
Slater Hall,0,21,45
Drop To 139,0,1,45
Drop To 564,0,1,45
Chapin House,0,15,45
Gregorian Quad A,0,76,45
Drop To 488,0,1,45
Gregorian Quad B,0,53,45
Barbour Hall,0,14,45
111 Brown Street,0,6,45
Minden,0,55,45
Olney House,0,7,45
Young Orchard #10,0,10,45
Drop To 248,0,1,45
Drop To 261,0,1,45
Drop To 365,0,1,45
Littlefield Hall,0,24,45
Drop To 151,0,1,45
Drop To 402,0,1,45
Emery,0,19,45
Grad Center B,0,17,45
Drop To 394,0,1,45
Drop To 413,0,1,45
Drop To 284,0,1,45
Drop To 421,0,1,45
Drop To 29,0,1,45
Drop To 441,0,2,45
New Pembroke #1,0,17,45
Drop To 587,0,1,45
Grad Center A,0,16,45
Drop To 617,0,1,45
Barbour Hall Apartments,0,27,45
Grad Center C,0,17,45
315 Thayer,0,19,45
Sears House,0,16,45
Diman House,0,12,45
Marcy House,0,14,45
Drop To 215,0,1,45
Drop To 554,0,1,45
Caswell Hall,0,44,46
Drop To 398,0,1,46
Drop To 692,0,1,46
Harkness House,0,9,46
Drop To 377,0,1,46
Hegeman,0,24,46
Drop To 414,0,1,46
Drop To 415,0,3,46
Drop To 145,0,1,46
Pass,2,77,46
Goddard House,0,30,46
Morriss Hall,0,4,46
Young Orchard #4,0,13,46
Young Orchard #2,0,12,46
Hope College,0,39,46
Machado,0,12,46
New Pembroke #3,0,9,46
Drop To 179,0,3,46
Grad Center D,0,105,46
No Show,5,62,46
Drop To 474,0,1,46
Champlin,0,5,46
New Pembroke #4,0,21,46
Plantations House,0,9,46
Woolley,0,27,46
Drop To 304,0,1,46
Slater Hall,0,21,46
Drop To 139,0,1,46
Drop To 564,0,1,46
Chapin House,0,15,46
Gregorian Quad A,0,76,46
Drop To 488,0,1,46
Gregorian Quad B,0,53,46
Barbour Hall,0,14,46
111 Brown Street,0,6,46
Minden,0,55,46
Olney House,0,7,46
Young Orchard #10,0,10,46
Drop To 248,0,1,46
Drop To 261,0,1,46
Drop To 365,0,1,46
Littlefield Hall,0,24,46
Drop To 151,0,1,46
Drop To 402,0,1,46
Emery,0,19,46
Grad Center B,0,17,46
Drop To 394,0,1,46
Drop To 413,0,1,46
Drop To 284,0,1,46
Drop To 421,0,1,46
Drop To 29,0,1,46
Drop To 441,0,2,46
New Pembroke #1,0,17,46
Drop To 587,0,1,46
Grad Center A,0,16,46
Drop To 617,0,1,46
Barbour Hall Apartments,0,27,46
Grad Center C,0,17,46
315 Thayer,0,19,46
Sears House,0,16,46
Diman House,0,12,46
Marcy House,0,14,46
Drop To 215,0,1,46
Drop To 554,0,1,46
