score,room,rank,occupancy
1.7769704442608452,Minden 807,1,1
1.804737854124365,Slater Hall 207,2,1
1.9397914275594323,Minden 409,3,1
2.1625141686974581,Minden 609,4,1
2.2360679774997898,Minden 309,5,1
2.5073355063695222,Minden 209,6,1
2.6389584337646843,Minden 305,7,1
2.6457513110645907,315 Thayer 413,8,1
2.6457513110645907,Gregorian Quad B 404D,9,1
2.6822344868874488,Minden 709,10,1
2.9331915130339836,Slater Hall 205,11,1
3.0,Wayland House 223,12,1
3.2386127875258306,Barbour Hall 104,13,1
3.4205586539460633,Slater Hall 305,14,1
3.5599948243285091,Slater Hall 307,15,1
4.0161450660285434,Minden 205,16,1
4.2160365732986858,315 Thayer 417,17,1
4.4721359549995796,Gregorian Quad A 408F,18,1
4.5246573516820519,Miller 114,19,1
4.6236454229439339,Slater Hall 105,20,1
4.6476266630569523,Minden 605,21,1
4.76066396424961,Minden 805,22,1
4.8228756555322949,Minden 405,23,1
4.8341441888531058,315 Thayer 418,24,1
4.8544285004133716,Gregorian Quad B 405C,25,1
4.8979157616563596,315 Thayer 419,26,1
4.9494897427831779,315 Thayer 420,27,1
4.9612856554049252,Minden 705,28,1
4.9857122725051921,Hegeman A202,29,1
5.0,315 Thayer 415,30,1
5.0178764389803758,Slater Hall 206,31,1
5.1709518668856109,Metcalf 114,32,1
5.3342475897304942,Metcalf 401,33,1
5.3942160892182445,Slater Hall 306,34,1
5.5311288741492746,Minden 505,35,1
5.5871988399009433,Gregorian Quad B 401B,36,1
5.6993098461614,Miller 417,37,1
5.7879842025835675,Gregorian Quad B 405B,38,1
5.8548600637356314,315 Thayer 320,39,2
5.9403485229423154,Slater Hall 106,40,1
6.0827625302982193,Grad Center C 410B,41,2
6.1204097037677734,Hegeman A302,42,1
6.2251188739212822,Gregorian Quad A 409A,43,1
6.2321007377780502,315 Thayer 130,44,3
6.2368904198601784,Gregorian Quad B 401C,45,1
6.2449979983983983,315 Thayer 414,46,1
6.3663007435384431,Gregorian Quad A 408D,47,1
6.4335453564497413,East Andrews 306,48,1
6.4378842658479396,315 Thayer 430,49,3
6.4555863961070026,East Andrews 420,50,1
6.4604358659874528,West Andrews 317,51,1
6.4807406984078604,Hegeman E115,52,1
6.4832901320566165,Gregorian Quad B 402C,53,1
6.4833578709332693,Gregorian Quad A 410A,54,1
6.5895706235833691,Gregorian Quad B 402A,55,1
6.5945803352087511,Gregorian Quad B 403F,56,1
6.6332495807107996,Gregorian Quad B 404B,57,1
6.7082039324993694,Grad center A 642,58,1
6.783038651923051,Morris Hall 120,59,2
6.8546417028451163,Hegeman A102,60,1
6.9287993990340411,Gregorian Quad B 403B,61,1
7.0,315 Thayer 210,62,4
7.0616823521334187,Gregorian Quad A 411,63,3
7.0670265031603474,Hegeman E114,64,1
7.096515510471896,West Andrews 217,65,1
7.1571942565199604,Metcalf 300,66,1
7.2088392411164302,Gregorian Quad B 403C,67,1
7.3255787328879434,East Andrews 222,68,1
7.3301853083519308,Gregorian Quad A 409E,69,1
7.3484692283495345,315 Thayer 230,70,3
7.4108101439955023,West Andrews 419,71,1
7.416198487095663,315 Thayer 220,72,2
7.4355240608131341,Gregorian Quad A 408E,73,1
7.4556591505363885,Gregorian Quad A 408B,74,1
7.462604811114967,Metcalf 121,75,1
7.4634402936896933,Miller 407,76,1
7.5287345689613518,Metcalf 220,77,1
7.5523951252145398,Gregorian Quad A 409D,78,1
7.6811457478686078,315 Thayer 330,79,3
7.723331332960794,Gregorian Quad A 410D,80,1
7.7672603552317909,Wayland House 323,81,1
7.8174436308052737,Gregorian Quad B 402F,82,1
7.8257575185495156,Metcalf 200,83,1
7.8339360517231498,West Andrews 319,84,1
7.8451148718159276,Gregorian Quad B 403A,85,1
7.8466746629578337,East Andrews 406,86,1
7.8482808836003501,East Andrews 320,87,1
7.9056309036027912,315 Thayer 310,88,4
7.9438625728646546,Gregorian Quad B 402B,89,1
7.9581091834810991,Wayland House 320,90,1
7.999446562674831,Gregorian Quad B 405A,91,1
8.0102565910092096,Metcalf 204,92,1
8.051211680447615,Gregorian Quad A 410E,93,1
8.0688905329374698,East Andrews 208,94,1
8.0757585503042382,East Andrews 256,95,1
8.0811140024032699,East Andrews 460,96,1
8.0863224048758635,East Andrews 360,97,1
8.1920642755609112,West Andrews 219,98,1
8.1927308023507344,East Andrews 308,99,1
8.2062874714746403,Miller 401,100,1
8.3340383151453725,East Andrews 220,101,1
8.3463108996934068,Barbour Hall 304,102,1
8.3741627659256856,Gregorian Quad A 409F,103,1
8.3885305160358072,Miller 418,104,1
8.5011811925388052,Gregorian Quad A 410F,105,1
8.5138213009417392,Minden 301,106,3
8.6072006160073453,West Andrews 417,107,1
8.6602540378443873,Machado 235,108,1
8.7062378979299595,Gregorian Quad B 405A,109,2
8.7153068543007564,West Andrews 303,110,1
8.7239870833558051,Young Orchard #10 220,111,4
8.746427842267952,Grad Center D 211,112,1
8.7541096943526178,Metcalf 212,113,1
8.7969285916067861,Young Orchard #2 330,114,4
8.8145883948705031,Metcalf 201,115,1
8.8571242799206917,East Andrews 322,116,1
8.9022419799980508,West Andrews 305,117,1
8.9050661307946388,Metcalf 304,118,1
8.9193347018862266,West Andrews 403,119,1
8.9227331278156452,Gregorian Quad A 408C,120,1
8.9311701947773763,East Andrews 422,121,1
8.9708205196077024,Gregorian Quad B 405F,122,1
8.9844844095569592,Gregorian Quad B 401A,123,1
8.9975727930826483,Emery 207,124,1
9.0132629991755593,East Andrews 206,125,1
9.0204919998144391,West Andrews 457,126,1
9.0284199808415373,Young Orchard #2 340,127,4
9.0328361885214576,Young Orchard #2 230,128,4
9.049269105739846,Young Orchard #2 210,129,4
9.0599462706495739,Gregorian Quad B 401F,130,1
9.1573551968955478,Metcalf 324,131,1
9.2195444572928871,Gregorian Quad B 404C,132,1
9.2484575874838093,Metcalf 301,133,1
9.2564508912321504,West Andrews 257,134,1
9.2857089233798273,Young Orchard #2 220,135,4
9.2902896450878316,Miller 403,136,1
9.3071660926125421,Miller 410,137,1
9.3231275509835658,Gregorian Quad B 402D,138,1
9.3422890531485088,East Andrews 204,139,1
9.371915513697223,Gregorian Quad A 305,140,3
9.3827333449251125,Gregorian Quad A 409B,141,1
9.3837659709201446,Metcalf 320,142,1
9.4446042126314591,Young Orchard #2 420,143,4
9.4600913328182283,Metcalf 116,144,1
9.5753392195637197,East Andrews 260,145,1
9.5759529900512774,East Andrews 408,146,1
9.5916630466254382,315 Thayer 120,147,2
9.619273782995478,Young Orchard #2 240,148,4
9.6612067635259926,Young Orchard #2 310,149,4
9.6768426841803201,Metcalf 203,150,1
9.6953597148326587,315 Thayer 440,151,4
9.704233522020953,Barbour Hall 204,152,1
9.7979589711327115,Grad center A 421,153,1
9.8333264738414314,Gregorian Quad A 409C,154,1
9.8504016748373466,Gregorian Quad A 205,155,3
9.8619909302729134,West Andrews 401,156,1
9.9248168075246266,West Andrews 357,157,1
9.9989055532156836,West Andrews 455,158,1
10.082696926703168,Gregorian Quad A 410C,159,1
10.086336387518559,Metcalf 214,160,1
10.087082015875366,Grad Center D 411,161,1
10.091244888253753,Morriss Hall 120,162,2
10.099504938362077,Grad center A 141,163,1
10.099504938362077,Grad center A 415,164,1
10.099504938362077,Machado 237,165,1
10.11122348098068,Plantations House 303,166,1
10.135532212894827,West Andrews 203,167,1
10.147470408829188,Emery 120,168,1
10.148891565092219,Grad center A 411,169,1
10.148891565092219,Metcalf 224,170,1
10.198680264881959,West Andrews 405,171,1
10.204419338097621,Metcalf 125,172,1
10.212302023671548,Minden 715,173,3
10.285089720507189,Gregorian Quad B 403D,174,1
10.295975764265958,Emery 107,175,1
10.321131342810054,Gregorian Quad B 402E,176,1
10.334640473249516,Young Orchard #2 410,177,4
10.344080432788601,Fake Building 1,178,1
10.364767534349623,Gregorian Quad A 410B,179,1
10.372396474267235,Plantations House 206,180,1
10.385465660443135,Gregorian Quad A 405,181,3
10.40786010255116,West Andrews 255,182,1
10.455399860554831,West Andrews 355,183,1
10.467306605075562,Gregorian Quad B 405D,184,1
10.488088481701515,Grad Center D 333,185,1
10.488088481701515,Machado 236,186,1
10.498456696487214,Gregorian Quad B 405E,187,1
10.509598437693015,Gregorian Quad B 401D,188,1
10.563389320727397,East Andrews 358,189,1
10.590433639991643,Plantations House 304,190,1
10.599760586241615,East Andrews 458,191,1
10.635789870926828,Metcalf 216,192,1
10.671576566631902,Young Orchard #2 320,193,4
10.677078252031311,Grad center A 614,194,1
10.677078252031311,Grad center A 615,195,1
10.68225225735544,Gregorian Quad B 403E,196,1
10.772219902456298,Metcalf 411,197,1
10.781483373183109,Grad Center D 233,198,1
10.846470871669281,Gregorian Quad A 313,199,4
10.868668999855881,Minden 814,200,2
10.894563027302652,West Andrews 205,201,1
10.931491669350633,Hegeman E214,202,2
11.006636251793706,Wayland House 327,203,1
11.045361017187261,Machado 238,204,1
11.062779669338322,Minden 812,205,2
11.086810258807571,East Andrews 210,206,1
11.092114274626617,Young Orchard #4 330,207,4
11.095681139742666,Barbour Hall Apartments 340,208,4
11.113952102766969,Barbour Hall Apartments 240,209,4
11.13984879198488,East Andrews 362,210,1
11.231059199196364,Miller 110,211,1
11.232762485974433,Slater Hall 102,212,2
11.236813168923502,Young Orchard #2 440,213,4
11.240950543851422,315 Thayer 240,214,6
11.319617934869211,Young Orchard #2 430,215,4
11.329972405203446,East Andrews 310,216,1
11.361899578609505,East Andrews 258,217,1
11.382418508897553,Barbour Hall Apartments 140,218,4
11.404150378147438,West Andrews 301,219,1
11.443500854617353,Hegeman A101,220,3
11.517469824134087,West Andrews 459,221,1
11.518887031698156,Emery 220,222,1
11.532481097933141,315 Thayer 140,223,6
11.532562594670797,Grad center A 643,224,1
11.54832097522004,Gregorian Quad B 401E,225,1
11.557572728760697,West Andrews 353,226,1
11.563488925010022,Miller 405,227,1
11.563488925010022,Miller 419,228,1
11.571131415301997,Metcalf 322,229,1
11.627967496032536,Young Orchard #4 310,230,4
11.652423037864958,Metcalf 402,231,1
11.665459828182241,Gregorian Quad A 213,232,4
11.689053293456638,East Andrews 304,233,1
11.711613207497651,West Andrews 307,234,1
11.718357477448345,West Andrews 207,235,1
11.760964440809898,Young Orchard #4 230,236,4
11.767385216883554,Metcalf 312,237,1
11.838737223470625,Metcalf 107,238,1
11.886167892462806,Young Orchard #4 320,239,4
11.886361194319766,Hope College 206,240,1
11.896438784933055,Metcalf 104,241,1
11.930640587307638,West Andrews 407,242,1
11.93944801929112,East Andrews 462,243,1
11.958260743101398,Fake Building 160,244,1
11.975697406753316,Young Orchard #4 420,245,4
12.0,Miller 409,246,1
12.041359538267358,Metcalf 311,247,1
12.043079928412956,Metcalf 211,248,1
12.057274094177274,Metcalf 210,249,1
12.095261751712776,Metcalf 215,250,1
12.096315306425199,Gregorian Quad A 612,251,2
12.107480880402195,Metcalf 206,252,1
12.125777276616144,Grad Center D 342,253,1
12.139001729408518,West Andrews 253,254,1
12.144427374285382,Sears House 114A,255,1
12.150970883381913,Young Orchard #10 210,256,4
12.165525060596439,Grad Center D 442,257,1
12.204956314034769,Young Orchard #4 340,258,4
12.240364105961305,Wayland House 232,259,1
12.250513833712043,Wayland House 218,260,1
12.277051056275287,Hope College 208,261,1
12.293172944801757,Grad Center D 433,262,1
12.301803648474182,Metcalf 416,263,1
12.333039622815994,West Andrews 259,264,1
12.349981561574495,Young Orchard #4 210,265,4
12.35181268053732,Wayland House 230,266,1
12.369316876852981,Grad center A 441,267,1
12.374864296556156,Miller 119,268,1
12.418282120718493,Sears House 327,269,1
12.421254070352553,Metcalf 315,270,1
12.447446558907224,Miller 108,271,1
12.450220158859228,Gregorian Quad A 307,272,5
12.570858313297656,Minden 607,273,2
12.609520212918492,Grad center A 315,274,1
12.620917025173036,West Andrews 359,275,1
12.640350677532632,Miller 118,276,1
12.645154701376836,Grad Center D 311,277,1
12.654627274509725,Young Orchard #10 310,278,4
12.655612008335481,Metcalf 313,279,1
12.689220063977622,East Andrews 456,280,1
12.713064791241148,West Andrews 453,281,1
12.721011641063885,Metcalf 110,282,1
12.727922061357855,Fake Building 10,283,1
12.747439482342571,Emery 320,284,1
12.763850444987629,Champlin 423,285,1
12.767145334803704,Grad center A 444,286,1
12.767145334803704,Grad center A 445,287,1
12.768335010334141,Grad Center D 521,288,1
12.791214570625343,East Andrews 356,289,1
12.84418225333061,Metcalf 109,290,1
12.859357030350468,Young Orchard #10 240,291,4
12.875299415392019,Wayland House 322,292,1
12.893130464342825,Young Orchard #4 220,293,4
12.915991311853261,Metcalf 306,294,1
12.922710787129366,East Andrews 410,295,1
12.922847983320086,Grad center A 432,296,1
12.922847983320086,Grad center A 433,297,1
12.947661112559507,Young Orchard #4 110,298,4
13.009638775671569,Metcalf 309,299,1
13.083144659960695,Young Orchard #4 410,300,4
13.088376906661683,Gregorian Quad B 306,301,4
13.089464208201315,Metcalf 202,302,1
13.114877048604001,Goddard House 233,303,1
13.114877048604001,Grad center A 624,304,1
13.114877048604001,Grad center A 625,305,1
13.114877048604001,Grad center A 626,306,1
13.150438967228133,Metcalf 102,307,1
13.152946437965905,Grad center A 442,308,1
13.16643417238617,East Andrews 262,309,1
13.189347966902149,Young Orchard #4 240,310,4
13.195227185445249,Metcalf 123,311,1
13.20119780988631,Metcalf 323,312,1
13.201945633196225,Metcalf 400,313,1
13.228756555322953,Marcy House 213,314,1
13.242509392970378,Grad Center D 315,315,1
13.299378989905675,Wayland House 318,316,1
13.30413469565007,Grad center A 341,317,1
13.32028452695465,Wayland House 330,318,1
13.336068123683154,Metcalf 407,319,1
13.34323827629642,West Andrews 201,320,1
13.344991862823136,Gregorian Quad B 207,321,5
13.36017813238918,Metcalf 208,322,1
13.377459683785196,Champlin 103,323,1
13.394149961098321,Miller 105,324,2
13.396724121113365,Grad Center D 432,325,1
13.397879420843072,New Pembroke #4 227,326,1
13.410432764171654,Plantations House 204,327,1
13.414561829711639,Metcalf 310,328,1
13.444523892249494,Grad Center D 415,329,1
13.446255837279226,Grad Center D 524,330,1
13.450317589254116,Sears House 221,331,1
13.49730269838347,Metcalf 222,332,1
13.504027039124505,Hegeman C307,333,3
13.517113671481331,Gregorian Quad A 207,334,5
13.548137715299017,Metcalf 325,335,1
13.557708315648007,Grad Center D 222,336,1
13.578298361510232,Metcalf 308,337,1
13.596753286365868,Grad Center D 431,338,1
13.596753286365868,Grad Center D 434,339,1
13.60269675902418,Plantations House 101,340,1
13.617994823704919,Metcalf 209,341,1
13.621358180702734,Woolley 129,342,1
13.626880553845902,Grad Center D 224,343,1
13.638181696985855,East Andrews 404,344,1
13.639100752723936,Woolley 429,345,1
13.760505084755065,Metcalf 112,346,1
13.773806123510552,Gregorian Quad A 306,347,4
13.776671483434184,Emery 420,348,1
13.813447504517329,Grad Center D 231,349,1
13.819609159011424,Hegeman B206,350,3
13.841203509523213,Grad Center D 121,351,1
13.857540018776467,315 Thayer 340,352,6
13.860066650756195,Grad Center D 641,353,1
13.884179929652397,Metcalf 111,354,1
13.892258776487342,Gregorian Quad A 310,355,5
13.916727499166635,Wayland House 326,356,1
13.927632530153485,Young Orchard #4 430,357,4
13.928388277184119,Grad center A 621,358,1
13.959885247679308,Champlin 323,359,1
13.968481548943691,Miller 117,360,1
13.975103363835322,Hope College 108,361,1
13.991075542067396,Gregorian Quad B 307,362,5
14.005388221287834,Wayland House 332,363,1
14.024364075590849,Hegeman E215,364,3
14.024560793771883,Gregorian Quad A 308,365,5
14.030233233961223,Hope College 314,366,1
14.050601868206519,Goddard House 332,367,1
14.071247279470288,Grad center A 313,368,1
14.116849516185034,Grad Center A 320,369,4
14.156136341663865,Miller 413,370,1
14.156465246808985,Grad Center C 410A,371,2
14.156644388139572,Grad Center D 441,372,1
14.201823324351183,Grad Center D 243,373,1
14.206656157449132,Minden 207,374,2
14.209309510330023,Grad Center D 321,375,1
14.211921374760859,Miller 100,376,1
14.222818266633874,Wayland House 212,377,1
14.224506899706522,Grad Center D 241,378,1
14.236717812951506,Gregorian Quad A 208,379,5
14.243162745917596,Young Orchard #10 340,380,4
14.25654606324404,Metcalf 318,381,1
14.281784137233423,Grad Center D 214,382,1
14.317627321783913,Gregorian Quad B 203,383,4
14.317821063276353,Grad center A 426,384,1
14.323128581528728,Grad Center D 646,385,1
14.337397165588673,Grad Center D 322,386,1
14.352700094407323,Grad center A 412,387,1
14.361237603934761,Grad Center D 324,388,1
14.3910272399403,Miller 115,389,1
14.399418869691308,Sears House 114B,390,1
14.410793728220453,Gregorian Quad B 205,391,4
14.415491099782408,Grad Center D 444,392,1
14.420302311536139,Gregorian Quad A 301,393,4
14.42353995899129,Metcalf 317,394,1
14.430350770270849,Grad Center D 525,395,1
14.434264885972652,Metcalf 302,396,1
14.440185961799079,Hegeman A201,397,3
14.447584761002494,Minden 809,398,2
14.450923146107959,Goddard House 333,399,1
14.456490903137407,Wayland House 312,400,1
14.47041651289261,Emery 204,401,1
14.487634834070654,Wayland House 213,402,1
14.491376746189438,Olney House 311,403,1
14.516088888814256,Olney House 314,404,1
14.524213396575689,Hegeman E116,405,3
14.534739671627543,Gregorian Quad A 210,406,5
14.536475241090415,Gregorian Quad B 308,407,4
14.544719061374058,Miller 102,408,1
14.546688975090772,Young Orchard #10 330,409,4
14.560219778561036,Champlin 114,410,1
14.56307649313179,Grad Center D 213,411,1
14.567641475937188,Wayland House 304,412,1
14.572423322183269,Goddard House 321,413,1
14.59179401769909,Metcalf 314,414,1
14.594519519326424,Fake Building 100,415,1
14.594519519326424,Goddard House 234,416,1
14.607527477156632,Metcalf 316,417,1
14.66287829861518,Sears House 212,418,1
14.693868332302412,Gregorian Quad B 206,419,4
14.699469287021449,Woolley 229,420,1
14.730919862656235,Marcy House 303,421,1
14.761628014312864,Emery 201,422,1
14.764201632039565,Grad Center D 341,423,1
14.767854443584557,Gregorian Quad B 310,424,4
14.771976948924936,Young Orchard #10 230,425,4
14.774536036600827,Poland House 332,426,1
14.79234433899574,Champlin 305,427,1
14.82483571178015,Hegeman B306,428,3
14.831655867586377,Woolley 329,429,1
14.832396974191326,Grad center A 446,430,1
14.843851909371566,Sears House 319,431,1
14.852362069203076,Barbour Hall Apartments 230,432,3
14.85429614128347,Hope College 316,433,1
14.897174288719174,Young Orchard #4 440,434,4
14.89730573311474,Metcalf 404,435,1
14.89966442575134,Grad center A 424,436,1
14.918431676199255,Minden 407,437,2
14.930721553488471,Grad Center D 541,438,1
14.933184523068078,Grad center A 623,439,1
14.933184523068078,Miller 415,440,1
14.957560114015791,Woolley 318,441,1
14.982939716553631,Grad Center D 344,442,1
14.99147222518244,Grad Center D 242,443,1
14.998238431780019,Poland House 319,444,1
15.0,Olney House 309,445,1
15.0,Olney House 310,446,1
15.001406686566384,Young Orchard #10 320,447,4
15.014693182963201,Grad Center D 542,448,1
15.027990035011696,Young Orchard #10 430,449,4
15.059867232586225,Grad Center D 225,450,1
15.075004484767492,Grad Center D 421,451,1
15.09136131557813,Gregorian Quad B 303,452,4
15.094181482436024,Young Orchard #4 120,453,4
15.125677659156944,Grad Center B 330,454,4
15.12986337061453,Metcalf 419,455,1
15.139137142787265,Young Orchard #10 410,456,4
15.140372539429302,Grad Center D 612,457,1
15.173632719986651,Wayland House 337,458,1
15.196924001441753,Gregorian Quad A 304,459,4
15.209864037155993,Grad Center D 221,460,1
15.213174837304052,Metcalf 412,461,1
15.227535734693159,Hope College 116,462,1
15.231546211727817,Grad Center D 313,463,1
15.231546211727817,Woolley 109,464,4
15.234763469107431,Minden 307,465,2
15.253402742399349,Gregorian Quad B 204,466,4
15.268617937083878,Hope College 106,467,1
15.302356922389187,Grad Center D 343,468,1
15.323039529628126,Gregorian Quad B 304,469,4
15.362291495737216,Grad center A 334,470,1
15.37259590740358,Young Orchard #10 420,471,4
15.380364345263683,Gregorian Quad A 406,472,4
15.382495029280109,Wayland House 313,473,1
15.384891952372499,Wayland House 237,474,1
15.393894082311295,Wayland House 346,475,1
15.400796627237554,Metcalf 410,476,1
15.402530452209367,Sears House 306A,477,1
15.414581044806994,Young Orchard #10 110,478,4
15.433139604287454,Grad Center D 223,479,1
15.464186949345127,Grad Center D 435,480,1
15.470646717016866,Sears House 220,481,1
15.472592514220759,Sears House 309,482,1
15.473249602537976,Woolley 113,483,1
15.479479400434812,Gregorian Quad B 305,484,4
15.487862734088207,Grad Center D 544,485,1
15.508324942845272,Hope College 408,486,1
15.517995201297961,Grad Center D 413,487,1
15.51878306203468,Metcalf 418,488,1
15.544423344577192,Hegeman B207,489,2
15.556349186104045,Grad center A 431,490,1
15.570212452268539,Grad Center D 323,491,1
15.574984522730748,Grad Center D 522,492,1
15.576655846027712,Minden 707,493,2
15.584813266991363,Grad Center D 615,494,1
15.5858134647745,Emery 217,495,1
15.602287159986728,Metcalf 217,496,1
15.622989993650078,Woolley 218,497,1
15.657626894892271,New Pembroke #3 212,498,1
15.662475852090084,Goddard House 330,499,1
15.671160367677096,Young Orchard #10 120,500,4
15.677089287487087,Grad Center D 226,501,1
15.680464629318646,Gregorian Quad A 512,502,2
15.68725596661,Hegeman C209,503,3
15.707619702316947,Olney House 316,504,1
15.716233645501712,Grad Center d 446,505,1
15.716233645501712,Grad center A 314,506,1
15.728527710901549,Emery 117,507,1
15.743036033302985,Grad Center D 414,508,1
15.748015748023622,Grad Center D 331,509,1
15.748015748023622,Grad Center D 332,510,1
15.76037963381992,Poland House 207,511,1
15.766176210650354,Olney House 319,512,1
15.767790304165274,Metcalf 406,513,1
15.779733838059499,Sears House 311,514,1
15.81297814814258,Emery 417,515,1
15.824371862814059,Emery 404,516,1
15.86951257706335,Machado 124,517,1
15.879826614027605,Metcalf 413,518,1
15.890904052673832,Metcalf 225,519,1
15.900126245407805,Gregorian Quad A 212,520,4
15.906695928007101,Gregorian Quad A 204,521,4
15.917115995217777,Gregorian Quad A 206,522,4
15.920721840708387,Grad Center D 543,523,1
15.936802648059116,Goddard House 303,524,1
15.937377450509228,Fake Building 12,525,1
15.943909633635982,Sears House 310,526,1
15.961279924493493,Metcalf 408,527,1
15.963871382010396,New Pembroke #2 307,528,1
15.980903255390045,New Pembroke #4 320,529,1
15.986851215927331,Woolley 206,530,1
15.992290519541635,Hegeman D310,531,3
16.00289684024985,Grad Center D 314,532,1
16.014248393969599,Emery 101,533,1
16.046032641160107,Champlin 108,534,1
16.06237840420901,Grad center A 345,535,1
16.06237840420901,Grad center A 346,536,1
16.063714855090151,Woolley 306,537,1
16.069900646195748,Gregorian Quad A 309,538,4
16.084412531470228,Grad Center D 633,539,1
16.084412531470228,Grad Center D 635,540,1
16.092910215702677,Archibald House 307,541,1
16.093288411503639,Grad Center D 144,542,1
16.093476939431081,Grad center A 221,543,1
16.145741035864368,Gregorian Quad A 203,544,4
16.156444549973074,Gregorian Quad B 208,545,4
16.163150446708691,Gregorian Quad B 106,546,4
16.165898393940513,Emery 304,547,1
16.167102872650858,Hope College 308,548,1
16.185648795853936,Gregorian Quad B 210,549,4
16.186414056238647,Grad Center D 335,550,1
16.194584490976911,Hegeman B304,551,3
16.200270436900805,Gregorian Quad A 401,552,4
16.202652074158404,Woolley 219,553,1
16.204589988537993,Hegeman D210,554,3
16.249357663939804,Woolley 316,555,1
16.289577527525108,Woolley 223,556,1
16.307236110965498,Grad Center D 232,557,1
16.307411460709428,Woolley 418,558,1
16.329609843220247,Gregorian Quad A 611,559,2
16.334932206398037,Hegeman E212,560,2
16.340134638368191,Grad center A 641,561,1
16.344962561086788,Grad Center D 424,562,1
16.346854804223522,Gregorian Quad A 312,563,4
16.354754618069041,New Pembroke #2 207,564,1
16.355248660627346,Grad Center D 531,565,1
16.356285547680859,Woolley 416,566,1
16.381566660070014,Grad Center D 445,567,1
16.38579203172721,Gregorian Quad A 507,568,2
16.39946081763452,New Pembroke #4 403,569,1
16.40075296441551,Grad Center D 423,570,1
16.40269144447749,Grad Center D 614,571,1
16.413993447652192,Emery 401,572,1
16.426509563727219,Hegeman C401,573,3
16.449216919769523,Gregorian Quad B 301,574,4
16.457576619237404,Metcalf 409,575,1
16.45974485553177,Gregorian Quad A 314,576,4
16.46207763315433,Grad center A 422,577,1
16.469519988086201,Hegeman E213,578,3
16.492954560444211,Goddard House 319,579,1
16.5146931829632,Goddard House 221,580,1
16.522711641858304,Machado 321,581,1
16.533930756126093,Gregorian Quad A 311,582,4
16.560045611290587,New Pembroke #2 301,583,1
16.568247969615641,Young Orchard #10 440,584,4
16.61324772583615,Grad Center D 334,585,1
16.614768365773582,Hope College 114,586,1
16.643316977093239,Grad center A 131,587,1
16.643316977093239,Grad center A 132,588,1
16.644362429102383,Sears House 222,589,1
16.645808232895291,Grad Center D 235,590,1
16.651834741591564,Hope College 406,591,1
16.655125177783265,Woolley 207,592,1
16.657469553659411,Gregorian Quad A 202,593,4
16.669315499625309,Chapin House 320,594,1
16.696679015962413,Goddard House 334,595,1
16.697402159170327,Grad Center D 443,596,1
16.705201530938577,Hegeman D211,597,3
16.723706649140329,Gregorian Quad A 404,598,4
16.731922000422518,Hegeman C208,599,3
16.733339246761656,Woolley 118,600,1
16.742222590695867,Grad Center D 632,601,1
16.746939578595047,Goddard House 312,602,1
16.759120459378522,Grad Center D 145,603,1
16.763054614240211,Fake Building 9,604,1
16.767404918140009,Gregorian Quad B 107,605,5
16.768261731445381,Woolley 216,606,1
16.796159650420488,New Pembroke #4 219,607,1
16.812379680125051,Hegeman C308,608,3
16.828117769894046,Sears House 326B,609,1
16.852545723115419,New Pembroke #2 302,610,1
16.86163988747494,Woolley 106,611,1
16.866394836585517,Gregorian Quad A 303,612,4
16.898590047956802,Olney House 224,613,1
16.923479873623876,Grad Center D 346,614,1
16.928133708002939,Marcy House 228,615,1
16.92970929658599,Goddard House 331,616,1
16.934152004916164,Gregorian Quad A 201,617,4
16.94842913823042,Metcalf 414,618,1
16.951882971147537,Barbour Hall Apartments 40,619,4
16.955799270963809,Grad Center D 112,620,1
16.961033560450709,Grad Center D 312,621,1
16.970562748477139,Machado 320,622,1
16.970562748477139,Machado 322,623,1
16.994988252782452,Hegeman C402,624,3
16.996811729526911,Goddard House 316,625,1
16.998249182546957,New Pembroke #2 303,626,1
17.004440821169904,Gregorian Quad A 508,627,2
17.024979486094431,Sears House 326A,628,1
17.029386365926403,Grad center A 241,629,1
17.041806917066257,Champlin 306,630,1
17.043549281302717,Metcalf 218,631,1
17.046004168339849,Olney House 223,632,1
17.04781900357272,Gregorian Quad A 209,633,4
17.050775017550592,Woolley 423,634,1
17.052696316990883,Woolley 415,635,1
17.062408951099108,Emery 104,636,1
17.063420439437731,Grad Center D 113,637,1
17.063420439437731,Grad Center D 115,638,1
17.077321739907575,Gregorian Quad B 104,639,4
17.077352337819306,Hegeman B204,640,3
17.087318917177765,Woolley 419,641,1
17.088007490635061,Grad Center d 442,642,1
17.11701845000583,Grad Center D 533,643,1
17.11724276862369,Archibald House 305,644,1
17.151588373329453,Sears House 306B,645,1
17.170465035046572,Goddard House 231,646,1
17.179440642447101,Woolley 319,647,1
17.193042318882625,Hope College 414,648,1
17.213801427330132,Machado 33,649,1
17.219138073728647,Gregorian Quad B 105,650,4
17.228615954583944,Goddard House 212,651,1
17.241267857245884,Gregorian Quad B 103,652,5
17.250381022610082,Hegeman A301,653,3
17.262676501632068,Grad Center D 446,654,1
17.267945484305571,Woolley 215,655,1
17.271244318457789,Gregorian Quad A 211,656,4
17.27657923279676,New Pembroke #2 104,657,1
17.284551820361202,Emery 409,658,1
17.289090863563047,Grad Center D 244,659,1
17.290289880278547,Hegeman A203,660,3
17.318365312472178,Hegeman B107,661,3
17.319454630466858,Grad Center C 110,662,4
17.33561471794237,Gregorian Quad A 403,663,4
17.349194413891919,Emery 311,664,1
17.354517644603657,Gregorian Quad A 402,665,4
17.360852931830181,Chapin House 327,666,1
17.3719091077058,Sears House 312,667,1
17.374877993695915,Hope College 214,668,1
17.397147764586556,Gregorian Quad B 201,669,4
17.402874279184914,Champlin 406,670,1
17.415989335284017,Goddard House 214,671,1
17.438363036969381,Goddard House 310,672,1
17.441624068535106,Grad Center D 325,673,1
17.450918516949482,Emery 411,674,1
17.450963938340188,Emery 317,675,1
17.456314319049998,Barbour Hall Apartments 130,676,3
17.469919995811885,Gregorian Quad A 302,677,4
17.472440582375803,Grad Center D 611,678,1
17.473643242406101,Grad Center C 130,679,4
17.478695085928859,Machado 37,680,1
17.4928556845359,Hegeman B106,681,3
17.503269304698144,Minden 507,682,3
17.522018218418857,Gregorian Quad A 214,683,4
17.52931516097938,Woolley 307,684,1
17.533692897621478,Hegeman E113,685,3
17.539586888945525,Chapin House 114B,686,1
17.542428225597096,Grad Center D 532,687,1
17.555851499169655,Hegeman D309,688,3
17.558112275098892,Woolley 406,689,1
17.559419645729182,Machado 32,690,1
17.565140519870383,Goddard House 116,691,1
17.565563234854494,Grad Center D 111,692,1
17.570253443104701,Gregorian Quad B 302,693,4
17.592147171621164,Gregorian Quad A 501,694,2
17.592796632985838,Grad Center D 345,695,1
17.604944351157485,Goddard House 230,696,1
17.610522552194382,Marcy House 215,697,1
17.642555638806609,Emery 301,698,1
17.649668418043419,Slater Hall 402,699,2
17.662720830973175,Woolley 407,700,1
17.666508607766975,Hegeman A303,701,3
17.670937295651385,Gregorian Quad B 202,702,4
17.691806012954132,Marcy House 306A,703,1
17.691806012954132,Sears House 320,704,1
17.705169790494931,Goddard House 318,705,1
17.720045146669349,Morriss Hall 101,706,4
17.748239349298849,Goddard House 340,707,1
17.748239349298849,Goddard House 345,708,1
17.761954319394846,Goddard House 336,709,1
17.767564549907348,Goddard House 232,710,1
17.776388834631177,Goddard House 236,711,1
17.791752642605246,Hegeman D403,712,3
17.79914533746437,Gregorian Quad A 407,713,4
17.81189182548518,Goddard House 313,714,1
17.824889758183371,Barbour Hall Apartments 110,715,3
17.842527162185057,Hegeman E112,716,3
17.843800028923443,Hegeman D404,717,3
17.844870034567599,Gregorian Quad B 108,718,4
17.847735919354367,Slater Hall 403,719,2
17.847780472940627,Mead House 231,720,1
17.850890288464942,Machado 35,721,1
17.857328427624182,New Pembroke #4 217,722,1
17.887334418246002,Mead House 223,723,1
17.888658231617445,Goddard House 229,724,1
17.917588779997516,Goddard House 315,725,1
17.921773350311067,Young Orchard #2 120,726,4
17.932896043398646,Grad Center D 412,727,1
17.943212707009593,Sears House 226A,728,1
17.947404078237327,Machado 120,729,1
17.972200755611428,Grad center A 644,730,1
17.972200755611428,Grad center A 645,731,1
17.972200755611428,Grad center A 646,732,1
17.995271811649463,Woolley 323,733,1
18.01195311589796,Grad Center D 422,734,1
18.018578548492773,Woolley 115,735,1
18.019117753523915,Hegeman D111,736,3
18.026505168126501,Barbour Hall Apartments 310,737,3
18.027756377319946,Goddard House 344A,738,1
18.053345807227267,Grad Center D 234,739,1
18.055470085267789,Grad Center D 212,740,1
18.083141320025124,Mead House 203,741,1
18.10621090482547,Hegeman C108,742,3
18.106777641469506,Goddard House 317,743,1
18.114851200902471,Grad Center D 246,744,1
18.119763162066782,Minden 306,745,2
18.120113023274016,New Pembroke #4 209,746,1
18.125000558881577,Hegeman B104,747,3
18.138357147217054,Grad center A 331,748,1
18.138357147217054,Grad center A 332,749,1
18.138357147217054,Grad center A 333,750,1
18.138357147217054,Grad center D 114,751,1
18.146145744869983,Grad Center D 526,752,1
18.147235111889938,New Pembroke #2 305,753,1
18.176555128737569,Goddard House 306A,754,1
18.176645152887424,Hegeman C109,755,3
18.186389356324327,Hegeman B205,756,2
18.213400004074664,Grad Center D 644,757,1
18.219247220077406,Goddard House 314,758,1
18.220867158288598,Morris Hall 101,759,4
18.232646179303046,Young Orchard #2 110,760,4
18.235820462507352,Poland House 210,761,1
18.248287590894659,Chapin House 312,762,1
18.249413431629804,Slater Hall 104,763,3
18.250494589044564,Sears House 226B,764,1
18.258954556576882,Chapin House 114A,765,1
18.265345484643838,Hegeman D110,766,3
18.275666882497067,Grad center A 335,767,1
18.275766419995733,Slater Hall 401,768,3
18.294126369791993,Minden 206,769,2
18.297318139542927,Gregorian Quad B 404,770,4
18.299893051029056,Woolley 116,771,1
18.305754541568987,New Pembroke #2 201,772,1
18.330302779823359,Grad center A 142,773,1
18.330302779823359,Grad center A 143,774,1
18.330302779823359,Grad center A 144,775,1
18.330302779823359,Grad center A 145,776,1
18.341014918151217,New Pembroke #1 304,777,1
18.35084819821072,Chapin House 326A,778,1
18.35159747147231,Machado 34,779,1
18.355848470031546,Champlin 206,780,1
18.358555226635076,Chapin House 322,781,1
18.358662346793217,Minden 215,782,3
18.373730530456999,Woolley 107,783,1
18.384247453599247,Grad Center D 123,784,1
18.387264667781505,Grad Center D 642,785,1
18.394727129065348,Minden 208,786,2
18.395969488531879,Chapin House 326B,787,1
18.398364475186099,Grad Center D 631,788,1
18.422515171715766,Gregorian Quad B 102,789,4
18.427437547098297,Poland House 327,790,1
18.439088914585774,Grad center A 435,791,1
18.447006509603234,Gregorian Quad B 110,792,4
18.453972872056106,Slater Hall 302,793,2
18.466185312619388,Chapin House 220,794,1
18.466185312619388,Chapin House 310,795,1
18.470622691356706,Minden 308,796,2
18.503672903000862,Grad Center D 546,797,1
18.506356160523694,Grad Center D 634,798,1
18.519294856846535,Grad Center D 245,799,1
18.520259177452136,Grad center A 311,800,1
18.521673950467491,Goddard House 306B,801,1
18.531482180337658,New Pembroke #3 103,802,1
18.551868343731687,Wayland House 400A,803,7
18.601686099872282,Grad Center D 523,804,1
18.622683460430025,Grad Center D 124,805,1
18.647242498047888,Olney House 222,806,1
18.657005989221268,New Pembroke #2 203,807,1
18.669616506419263,Hegeman A103,808,3
18.671191777633567,Minden 315,809,3
18.681465002696175,Grad Center D 643,810,1
18.681465002696175,Grad Center D 645,811,1
18.708223691638793,Poland House 204,812,1
18.709848575377716,Grad Center A 230,813,4
18.720818011737581,Woolley 315,814,1
18.723431215607498,Grad Center A 510,815,5
18.725426933108579,Minden 415,816,3
18.749437928192563,Grad Center D 534,817,1
18.761663039293719,Fake Building 88,818,1
18.788294228055936,Goddard House 235,819,1
18.793784484464567,Minden 708,820,2
18.814887722226779,Goddard House 344B,821,1
18.814887722226779,Grad center A 343,822,1
18.814887722226779,Grad center A 344,823,1
18.832254709617526,Woolley 119,824,1
18.832322424379111,Poland House 334,825,1
18.867943654553979,Grad Center D 545,826,1
18.867962264113206,Marcy House 330,827,1
18.878750857128793,Grad Center D 613,828,1
18.884627786057496,Grad Center D 425,829,1
18.88962910717644,Minden 212,830,3
18.921692602955293,Woolley 123,831,1
18.93073857149631,Goddard House 115,832,1
18.963793698546585,Goddard House 329,833,1
18.9922431977303,Grad Center D 142,834,1
18.996024996544325,New Pembroke #4 401,835,1
18.996591609601921,Emery 309,836,1
19.016181238398548,New Pembroke #4 301,837,1
19.05255888325765,Grad center A 425,838,1
19.10166880222496,New Pembroke #2 204,839,1
19.138070614803883,Barbour Hall Apartments 50,840,3
19.154238205922354,Grad Center D 326,841,1
19.15679955621318,Goddard House 117,842,1
19.163750026213762,Grad Center D 125,843,1
19.165617688251153,Minden 406,844,2
19.167374098074148,New Pembroke #2 304,845,1
19.200467660247121,New Pembroke #4 427,846,1
19.217393120084452,New Pembroke #2 202,847,1
19.251107474445497,Minden 508,848,2
19.26016978565583,Minden 706,849,2
19.261360284258224,Grad center A 413,850,1
19.261360284258224,Grad center A 414,851,1
19.269593617878041,Minden 401,852,3
19.27185903309832,New Pembroke #3 215,853,1
19.28730152198591,Goddard House 113,854,1
19.293598830360885,Gregorian Quad A 408,855,2
19.297541415679429,Chapin House 321,856,1
19.330154973170515,Mead House 225,857,1
19.335080329294307,Minden 815,858,3
19.339292943656652,Archibald House 306,859,1
19.346068025313691,Minden 608,860,2
19.384764412380491,Minden 506,861,2
19.386508490756992,Machado 122,862,1
19.390491529303446,Slater Hall 203,863,2
19.392885079892725,Machado 125,864,1
19.393699563486063,Minden 701,865,3
19.423675912133646,Olney House 321,866,1
19.467922333931785,Grad center A 133,867,1
19.467922333931785,Grad center A 134,868,1
19.475080590593571,Machado 121,869,1
19.479293989078077,Goddard House 216,870,1
19.481521285815312,New Pembroke #3 218,871,1
19.493588689617926,Marcy House 329,872,1
19.519546746608608,Goddard House 219,873,1
19.544820285692065,Grad center A 213,874,1
19.553196032808291,Everett House 324,875,1
19.559912298930339,Olney House 221,876,1
19.563372773573761,Archibald House 301,877,1
19.564469966845969,Slater Hall 404,878,3
19.570385790780925,Grad Center D 114,879,1
19.57099394499334,Slater Hall 301,880,4
19.595749028677151,Poland House 336,881,1
19.621416870348583,Grad center A 231,882,1
19.621416870348583,Grad center A 232,883,1
19.621416870348583,Grad center A 233,884,1
19.621416870348583,Grad center A 234,885,1
19.621416870348583,Grad center A 242,886,1
19.621416870348583,Grad center A 243,887,1
19.621416870348583,Grad center A 244,888,1
19.621416870348583,Grad center A 245,889,1
19.622368647202777,Minden 513,890,3
19.625130374335129,Mead House 229,891,1
19.629506457120399,Poland House 201,892,1
19.633224848411295,Gregorian Quad A 510,893,2
19.63551440524407,Poland House 325,894,1
19.642048021960189,Barbour Hall Apartments 330,895,3
19.646882704388499,Everett House 224,896,1
19.661012429408622,New Pembroke #3 203,897,1
19.666204244852842,Minden 201,898,3
19.672915573740216,Poland House 321,899,1
19.675635529215647,Poland House 338,900,1
19.708690669683573,Archibald House 304,901,1
19.709907805257842,Minden 113,902,3
19.723082923316021,Chapin House 212,903,1
19.723082923316021,Chapin House 309,904,1
19.723082923316021,Jameson House 325,905,1
19.726356722935236,New Pembroke #2 205,906,1
19.747328867814261,Archibald House 303,907,1
19.757278985520777,Minden 802,908,3
19.758153911582092,Grad Center A 610,909,5
19.770168358640518,Sears House 400A,910,7
19.773719933285189,Fake Building 11,911,1
19.773719933285189,Marcy House 328,912,1
19.775141898657072,Poland House 323,913,1
19.798989873223331,Grad center A 222,914,1
19.798989873223331,Grad center A 223,915,1
19.798989873223331,Grad center A 224,916,1
19.820943912070277,Minden 615,917,3
19.824227601599009,Marcy House 128,918,1
19.847718939785324,Archibald House 302,919,1
19.848981811047267,Minden 501,920,3
19.849433241279208,Grad center A 312,921,1
19.849433241279208,Grad center A 342,922,1
19.860522683245993,Machado 38,923,1
19.878379772554254,Minden 408,924,2
19.882613640355494,Archibald House 418,925,1
19.88509778899207,Minden 606,926,2
19.899748742132399,Olney House 325,927,1
19.908340964456151,Poland House 203,928,1
19.908834048419465,Poland House 324,929,1
19.927782804526682,New Pembroke #3 315,930,1
19.928967496417755,Slater Hall 204,931,4
19.931967781864909,Morriss Hall 201,932,6
19.949937343260004,Archibald House 227,933,0
19.995481823721533,Grad Center A 520,934,5
19.995574217464366,New Pembroke #4 325,935,1
19.997496337056354,Plantations House 102,936,2
20.0,Chapin House 311,937,1
20.014447525404456,Grad Center D 143,938,1
20.036045440924347,Gregorian Quad A 605,939,2
20.037414215515422,Poland House 202,940,1
20.046842238265945,New Pembroke #1 302,941,1
20.053928398438483,Everett House 107,942,1
20.061485648601582,Olney House 324,943,1
20.074859899884732,Chapin House 303,944,1
20.074859899884732,Chapin House 306A,945,1
20.074859899884732,Chapin House 306B,946,1
20.074859899884732,Grad Center B 220,947,4
20.075903318040428,Jameson House 319,948,1
20.09975124224178,Grad center A 215,949,1
20.109406593340161,Poland House 205,950,1
20.12006544315955,Bronson House 304,951,1
20.124611797498108,Marcy House 127,952,1
20.127092532407726,New Pembroke #3 217,953,1
20.131340291579722,Archibald House 221,954,1
20.134933525971348,Jameson House 7,955,1
20.149441679609886,Grad center A 423,956,1
20.162636080656956,New Pembroke #4 323,957,1
20.165317502169248,Grad Center C 530,958,5
20.174114940264555,Poland House 418,959,1
20.174902284380892,Minden 806,960,2
20.195899241004195,Gregorian Quad A 125,961,8
20.213637342115117,Mead House 227,962,1
20.217833164175605,Morriss Hall 301,963,6
20.261800812908209,New Pembroke #1 405,964,1
20.264667726591828,Mead House 304,965,1
20.273134932713294,Olney House 119,966,1
20.273134932713294,Olney House 121,967,1
20.273134932713294,Olney House 122,968,1
20.273134932713294,Olney House 123,969,1
20.273134932713294,Olney House 124,970,1
20.280089693144426,Barbour Hall Apartments 60,971,6
20.313716350121233,Harkness House 327,972,1
20.316966411224257,Bronson House 403,973,1
20.319019351962066,Archibald House 217,974,1
20.350808048720484,Goddard House 335,975,1
20.371179131617893,Bronson House 313,976,1
20.371548787463361,Grad center A 225,977,1
20.382867850966921,Poland House 208,978,1
20.388436541361827,Archibald House 227,979,1
20.406521556595159,Barbour Hall Apartments 260,980,5
20.412973853459576,New Pembroke #4 321,981,1
20.416518930095705,Slater Hall 202,982,2
20.429647201443274,Barbour Hall Apartments 360,983,5
20.445048300260872,Grad center A 434,984,1
20.445048300260872,Grad center A 443,985,1
20.462043721775999,Minden 801,986,3
20.465744729665758,Minden 601,987,3
20.46873508858312,Wayland House 400B,988,7
20.476383391846241,Machado 36,989,1
20.478581852157863,New Pembroke #4 327,990,1
20.489765032627918,New Pembroke #4 425,991,1
20.490844868188653,Archibald House 218,992,1
20.509825593530163,Olney House 322,993,1
20.518284528683193,Grad center A 622,994,1
20.55523274922168,Mead House 218,995,1
20.560810872687956,Olney House 312,996,1
20.560852741951191,Gregorian Quad A 506,997,2
20.562883461901649,Goddard House 338,998,1
20.566412848696533,Poland House 206,999,1
20.566963801203133,Olney House 227,1000,1
20.591260281974002,Grad center A 214,1001,1
20.591260281974002,Grad center A 611,1002,1
20.591260281974002,Grad center A 612,1003,1
20.591260281974002,Grad center A 613,1004,1
20.595392633077566,Gregorian Quad A 505,1005,2
20.603113916304089,Plantations House 203,1006,2
20.605793833041975,Barbour Hall 208,1007,2
20.609829466796828,Grad Center B 640,1008,5
20.615020410538897,Grad Center A 540,1009,6
20.618358406463475,Gregorian Quad A 502,1010,2
20.619049624429447,Mead House 216,1011,1
20.655317718281562,Slater Hall 405,1012,2
20.681136004411997,Everett House 214,1013,1
20.686995846019489,Grad Center B 530,1014,5
20.687510920848119,New Pembroke #3 318,1015,1
20.692854315654476,Grad Center C 330,1016,5
20.716840426001749,Slater Hall 201,1017,4
20.73644135332772,Woolley 109,1018,5
20.741911228506027,New Pembroke #4 326,1019,1
20.757485534479233,Hegeman B305,1020,2
20.758007643425632,Archibald House 131,1021,1
20.760539492026695,Archibald House 227,1022,
20.784609690826528,Grad center A 135,1023,1
20.801195466967492,Slater Hall 303,1024,2
20.825662803116195,Minden 312,1025,3
20.857538056073633,Jameson House 219,1026,1
20.877112421993033,Sears House 321,1027,1
20.91116646186045,New Pembroke #3 303,1028,1
20.952326839756964,Grad center A 246,1029,1
20.953875492248674,Bronson House 203,1030,1
20.978524016228821,Mead House 113,1031,1
21.006958510482594,Bronson House 204,1032,1
21.010426654237829,New Pembroke #3 105,1033,1
21.031362977672739,New Pembroke #4 313,1034,1
21.042775629595571,Jameson House 218,1035,1
21.047565179849187,Fake Building 13,1036,1
21.054548716564696,Gregorian Quad A 511,1037,2
21.075851250041065,Morris Hall 201,1038,6
21.076375996195985,New Pembroke #1 206,1039,1
21.090523915957196,Archibald House 127,1040,1
21.094211591110351,Barbour Hall Apartments 170,1041,4
21.106672070498274,Poland House 424,1042,1
21.113032572547542,Gregorian Quad B 403,1043,2
21.130214258565147,Gregorian Quad A 509,1044,2
21.150360706513535,Gregorian Quad A 409,1045,2
21.153359086496124,Bronson House 206,1046,1
21.169623999500505,Grad Center A 440,1047,6
21.184604312216759,Slater Hall 304,1048,4
21.19010645804423,Olney House 323,1049,1
21.203517396096252,Mead House 109,1050,1
21.207683392700073,New Pembroke #4 302,1051,1
21.220899666610293,Slater Hall 101,1052,4
21.223847176452491,New Pembroke #1 306,1053,1
21.229817319201317,Grad Center A 410,1054,5
21.236308218817403,Barbour Hall 101,1055,2
21.242829144074012,Gregorian Quad B 402,1056,2
21.266550536716391,Mead House 3,1057,1
21.268907625472238,New Pembroke #4 423,1058,1
21.273153220066181,New Pembroke #1 402,1059,1
21.277440372800335,Everett House 216,1060,1
21.288733285783792,Barbour Hall Apartments 370,1061,4
21.293047007191561,Grad Center B 340,1062,5
21.293996544193988,Morris Hall 401,1063,6
21.2963526587187,Machado 31,1064,1
21.296740098517127,New Pembroke #4 426,1065,1
21.316483906994979,Everett House 316,1066,1
21.324298552588225,Grad Center B 440,1067,5
21.357958777354881,Grad Center C 440,1068,5
21.362931125323978,Bronson House 409,1069,1
21.372650417701927,New Pembroke #1 307,1070,1
21.372917858949872,Grad Center C 640,1071,5
21.377558326431949,Champlin 323,1072,2
21.379349846282764,Minden 512,1073,3
21.391014464635106,New Pembroke #1 406,1074,1
21.423456412099704,Grad Center A 420,1075,6
21.423855740998889,New Pembroke #1 404,1076,1
21.427712405460227,Bronson House 306,1077,1
21.430087914355187,Mead House 204,1078,1
21.434165979166913,New Pembroke #4 303,1079,1
21.436823896016449,Slater Hall 102,1080,3
21.44324970835655,Jameson House 225,1081,1
21.451563476977011,Jameson House 106,1082,1
21.453087523619498,Grad Center C 430,1083,5
21.470910553583888,Harkness House 221,1084,1
21.474416359650458,Bronson House 309,1085,1
21.494185260204677,Olney House 225,1086,1
21.524515815815633,Jameson House 214,1087,1
21.539473877420718,New Pembroke #4 402,1088,1
21.558422437920736,New Pembroke #3 317,1089,1
21.571696089090917,Grad Center C 610,1090,6
21.596070944993194,Gregorian Quad A 607,1091,2
21.596070944993194,Gregorian Quad A 608,1092,2
21.60917700210759,Bronson House 214,1093,1
21.61018278497431,Harkness House 220,1094,1
21.633307652783937,Harkness House 226B,1095,1
21.638702411462411,Grad Center B 540,1096,5
21.654207538971605,Slater Hall 406,1097,2
21.65573941102787,Gregorian Quad A 603,1098,2
21.656815376812855,Grad Center C 510,1099,6
21.665102230486966,Jameson House 114,1100,1
21.667478050322959,Grad Center A 640,1101,6
21.679483388678801,Gregorian Quad A 504,1102,2
21.683653771614932,Diman House 325,1103,1
21.694801745975397,Diman House 224,1104,1
21.718096413098493,Grad Center C 520,1105,5
21.725351979362685,Minden 412,1106,3
21.725368159538935,Grad Center C 310,1107,6
21.725560982400431,Diman House 126,1108,1
21.725560982400431,Harkness House 210,1109,1
21.726256414149589,Barbour Hall 105,1110,2
21.770483382485203,New Pembroke #4 413,1111,1
21.792153395736868,Miller 122,1112,2
21.794494717703369,Gregorian Quad A 503,1113,2
21.794494717703369,Harkness House 222,1114,1
21.794494717703369,Harkness House 303,1115,1
21.819411142248146,Grad Center C 540,1116,5
21.840329667841555,Harkness House 219,1117,1
21.850299342326835,Minden 712,1118,3
21.863470507935318,Barbour Hall Apartments 80,1119,4
21.88606862823929,Harkness House 209,1120,1
21.88934359630494,Grad Center B 420,1121,5
21.890128468698972,Barbour Hall Apartments 160,1122,5
21.891514112875836,Jameson House 318,1123,1
21.895671748486819,Gregorian Quad A 601,1124,2
21.906893048074416,Diman House 332,1125,1
21.931712199461309,Diman House 206B,1126,1
21.939424749607486,Grad Center B 630,1127,6
21.946318692961629,Barbour Hall Apartments 290,1128,4
21.954309397062026,Diman House 326,1129,1
21.95449840010015,Diman House 125,1130,1
21.954682060468802,Marcy House 306B,1131,1
21.968975870407075,Barbour Hall Apartments 280,1132,4
21.970627961261403,Barbour Hall Apartments 270,1133,4
21.983673232873009,Morriss Hall 401,1134,6
22.0,Diman House 124,1135,1
22.001581281681506,Minden 101,1136,2
22.004319467442087,Diman House 323,1137,1
22.008234349438769,New Pembroke #1 205,1138,1
22.011334330442256,Harkness House 206A,1139,1
22.018444776519516,Gregorian Quad A 602,1140,2
22.01931392831154,Gregorian Quad A 604,1141,2
22.022715545545239,Harkness House 226A,1142,1
22.049072273621746,Jameson House 314,1143,1
22.061371951132323,Morris Hall 301,1144,6
22.065955638353042,Diman House 226,1145,1
22.06807649071391,Diman House 306B,1146,1
22.073211278846774,Archibald House 422,1147,1
22.090722034374522,Diman House 306A,1148,1
22.097484340880627,Harkness House 206B,1149,1
22.109763751063298,New Pembroke #1 202,1150,1
22.129160699098303,Minden 202,1151,3
22.141898326896381,Gregorian Quad A 606,1152,2
22.165487765198954,Grad Center B 510,1153,6
22.17635954515519,Diman House 312,1154,1
22.216044738335935,Grad Center A 310,1155,5
22.21712361738901,Diman House 329B,1156,1
22.218420340312274,Grad Center A 430,1157,5
22.242230340669241,Diman House 310,1158,1
22.245899915864811,Diman House 311,1159,1
22.255093817908506,Harkness House 326A,1160,1
22.270964513732935,Grad Center C 340,1161,5
22.273768975076077,Grad Center A 330,1162,5
22.287838177711929,Diman House 329A,1163,1
22.293496809607955,Harkness House 321,1164,1
22.3223992744214,Marcy House 342,1165,2
22.323897033911837,Barbour Hall Apartments 390,1166,4
22.343083054101502,Grad Center A 530,1167,5
22.346810894055587,Harkness House 326B,1168,1
22.347844147750244,Grad Center B 310,1169,6
22.363399923985249,Grad Center B 610,1170,6
22.378166929643143,Sears House 400B,1171,7
22.405356502408079,Harkness House 319,1172,1
22.410685554469634,Marcy House 400B,1173,6
22.418838477739477,Caswell Hall 411,1174,2
22.428439702092685,New Pembroke #2 103,1175,1
22.436184161111019,Grad Center B 430,1176,6
22.441520127643582,Jameson House 125,1177,1
22.444395126126839,New Pembroke #4 421,1178,1
22.457689640412596,Minden 702,1179,3
22.464529348567627,New Pembroke #1 305,1180,1
22.472205054244231,Harkness House 320,1181,1
22.48205670096948,Gregorian Quad B 405,1182,2
22.510861713982568,Grad Center C 620,1183,5
22.51270320020371,Minden 302,1184,3
22.519826413963251,Caswell Hall 102,1185,2
22.523675566360556,Grad Center B 320,1186,5
22.52655508154502,Diman House 229A,1187,1
22.538007820117485,Grad Center C 230,1188,6
22.544302209013509,Hope College 416,1189,1
22.552321044304502,Mead House 103,1190,1
22.557064529507294,Harkness House 400A,1191,7
22.566342658934079,Plantations House 202,1192,2
22.570021614162055,Caswell Hall 410,1193,2
22.574367763142931,Caswell Hall 210,1194,2
22.57895611404501,Barbour Hall Apartments 220,1195,4
22.592951598062076,Diman House 309,1196,1
22.594746727253199,Barbour Hall 305,1197,2
22.603296536208422,Barbour Hall 201,1198,2
22.610044474636137,Bronson House 406,1199,1
22.612013547136172,Grad Center C 420,1200,5
22.634352391228486,Grad Center B 520,1201,5
22.651922451519017,Caswell Hall 111,1202,2
22.662053863060478,Olney House 214,1203,2
22.664072751004724,Grad Center C 210,1204,6
22.684254615234053,Plantations House 301,1205,3
22.691865130404167,Miller 124,1206,2
22.698548213390414,Barbour Hall Apartments 120,1207,4
22.706520541023529,Grad Center C 320,1208,5
22.709578093898671,Chapin House 400B,1209,5
22.711731233225731,Hope College 120,1210,2
22.716475658487962,Gregorian Quad A 410,1211,2
22.782094632875154,Caswell Hall 402,1212,2
22.809156708185224,Caswell Hall 311,1213,2
22.827448542167833,Caswell Hall 412,1214,2
22.848899915353631,Caswell Hall 206,1215,2
22.86943981377815,Caswell Hall 401,1216,2
22.875726019894902,Caswell Hall 302,1217,2
22.878215371775532,Caswell Hall 406,1218,2
22.880269746013347,Gregorian Quad A 408A,1219,2
22.902790853174736,Grad Center B 230,1220,5
22.912878474779198,Diman House 208,1221,2
22.919666011423001,Grad Center B 410,1222,6
22.92041560524277,Grad Center A 210,1223,5
22.948830644133182,Caswell Hall 407,1224,2
22.951317006007859,Minden 602,1225,3
22.978250586152114,Diman House 229B,1226,1
22.980780547935968,New Pembroke #1 204,1227,1
22.999355211173349,Marcy House 400A,1228,6
23.003574327384808,Grad Center D 210,1229,4
23.006485401818622,Grad Center D 420,1230,5
23.009866222242945,Barbour Hall 301,1231,2
23.013157566243812,Barbour Hall Apartments 190,1232,4
23.018583023196474,Caswell Hall 207,1233,2
23.026294546307366,New Pembroke #3 205,1234,1
23.039416914574005,Caswell Hall 306,1235,2
23.039629875387593,Grad Center B 110,1236,5
23.068262093321348,Hope College 312,1237,2
23.102179790516004,Minden 402,1238,3
23.116629178232685,Grad Center D 410,1239,5
23.133670374557649,Barbour Hall 308,1240,2
23.141983426912773,Hope College 412,1241,2
23.162457951293884,Goddard House 400A,1242,6
23.164125179095134,Caswell Hall 307,1243,2
23.194827009486403,Wayland House 338,1244,1
23.197503514719635,Barbour Hall Apartments 180,1245,4
23.205540252403232,Barbour Hall 205,1246,2
23.210826500563222,Barbour Hall 206,1247,2
23.21632752691718,Caswell Hall 201,1248,2
23.2163735324878,Fake Building 14,1249,1
23.2163735324878,Fake Building 15,1250,1
23.217554327649594,New Pembroke #1 407,1251,1
23.222210611447451,Caswell Hall 301,1252,2
23.227251466508527,Chapin House 400A,1253,8
23.229326320464136,Grad Center C 240,1254,5
23.231266905371797,Caswell Hall 110,1255,2
23.234501965588606,Harkness House 400B,1256,8
23.240330660950086,Caswell Hall 404,1257,2
23.265439642384052,Caswell Hall 409,1258,2
23.278954868406686,Caswell Hall 405,1259,2
23.292233363739115,Minden 612,1260,3
23.306316433636333,Grad Center B 240,1261,5
23.308926354164207,Caswell Hall 211,1262,2
23.31380591714418,Grad Center D 310,1263,5
23.318364000162774,Caswell Hall 403,1264,2
23.352574453930714,Caswell Hall 408,1265,2
23.35377229005509,Grad Center A 620,1266,6
23.355644632927753,Olney House 400A,1267,8
23.372954939451514,Caswell Hall 303,1268,2
23.386623923757266,Grad Center D 530,1269,4
23.40086212148605,Caswell Hall 310,1270,2
23.408475100841496,Grad Center D 610,1271,5
23.409399821439251,Harkness House 214,1272,2
23.409399821439251,Hope College 306,1273,1
23.411933440521892,Grad Center D 510,1274,5
23.424817426359194,Caswell Hall 212,1275,2
23.44534537617772,Grad Center A 340,1276,6
23.45207879911715,Hope College 319,1277,2
23.452946403557142,Grad Center D 430,1278,5
23.458330502773499,Caswell Hall 205,1279,2
23.459984997420733,Grad Center D 230,1280,5
23.460697797472523,Grad Center A 240,1281,6
23.475859478924303,Grad Center A 220,1282,5
23.482719506951074,Caswell Hall 305,1283,2
23.485397850660348,Hope College 112,1284,2
23.488679514050666,Caswell Hall 312,1285,2
23.505849942958012,Grad Center D 520,1286,6
23.506454549420951,Caswell Hall 209,1287,2
23.514788813860733,Grad Center D 330,1288,5
23.51939870854298,Caswell Hall 309,1289,2
23.533590014823393,Barbour Hall Apartments 150,1290,5
23.536560486318045,Diman House 308,1291,2
23.541472022042793,Caswell Hall 304,1292,2
23.544872205766442,Diman House 307,1293,2
23.54643367839973,Minden 502,1294,3
23.546938480870274,Caswell Hall 208,1295,2
23.566528116061296,Caswell Hall 204,1296,2
23.573097776441969,Grad Center D 540,1297,6
23.57849842971941,Hope College 419,1298,2
23.57849842971941,Hope College 420,1299,2
23.607901212003867,Hegeman B105,1300,2
23.638614358471855,Caswell Hall 308,1301,2
23.63976866433131,Grad Center D 440,1302,6
23.649639887674908,Gregorian Quad B 401,1303,2
23.652492759619737,Grad Center D 120,1304,4
23.66646411729684,Caswell Hall 105,1305,2
23.690758177739752,Gregorian Quad A 408F,1306,2
23.690949105607558,Diman House 221,1307,3
23.696974892874827,Caswell Hall 106,1308,2
23.697645006840027,Diman House 304,1309,2
23.706539182259394,Littlefield Hall 312,1310,2
23.721330964108908,Caswell Hall 101,1311,2
23.728675406123699,Barbour Hall Apartments 250,1312,5
23.751068870482122,Grad Center A 140,1313,5
23.787039882458128,Littlefield Hall 208,1314,2
23.787039882458128,Littlefield Hall 211,1315,2
23.788805691298975,New Pembroke #2 315,1316,2
23.794827776978508,Caswell Hall 103,1317,2
23.807003251882733,Caswell Hall 107,1318,2
23.822723066212234,Grad Center D 140,1319,4
23.824075965354748,Diman House 227,1320,2
23.832750575625969,Machado House 36,1321,1
23.838214328304524,Littlefield Hall 101,1322,2
23.845325041880816,Grad Center D 630,1323,5
23.852799833052856,Barbour Hall 203,1324,2
23.864191038747961,Caswell Hall 108,1325,2
23.866252257038941,Diman House 334,1326,2
23.86758984411248,New Pembroke #2 102,1327,2
23.868928447579222,Hope College 401,1328,2
23.878993486002781,Marcy House 225,1329,3
23.883037833959822,Caswell Hall 109,1330,2
23.885963269607988,Diman House 327,1331,2
23.895606290697042,Diman House 207,1332,2
23.908794426996259,Caswell Hall 104,1333,2
23.90950212709717,Diman House 400A,1334,8
23.916521486202797,Hope College 212,1335,2
23.922350317209045,Hope College 402,1336,2
23.945487597798884,Sears House 214,1337,2
23.96601454226991,111 Brown Street 301,1338,2
23.975529907040215,Hope College 219,1339,2
23.975529907040215,Hope College 220,1340,2
23.979157616563597,Harkness House 113,1341,2
23.9804873635332,Barbour Hall 108,1342,2
23.983020420289957,Diman House 328,1343,2
23.991855070639094,Littlefield Hall 212,1344,2
23.995652720915167,Barbour Hall Apartments 320,1345,4
23.998366416699152,Metcalf 120,1346,2
24.016296912423964,Barbour Hall 306,1347,2
24.022012076161889,Plantations House 303,1348,2
24.025939212419662,Plantations House 201,1349,2
24.033103613326414,Diman House 233,1350,2
24.037989660899953,Marcy House 340,1351,2
24.040747768067252,Goddard House 308,1352,2
24.041630560342615,Harkness House 230,1353,2
24.044294155851205,Caswell Hall 112,1354,2
24.045228219396673,Littlefield Hall 201,1355,2
24.059973636062598,Marcy House 341,1356,2
24.062513293690017,Grad Center A 130,1357,5
24.075637665566909,Barbour Hall Apartments 30,1358,4
24.111027016343598,Harkness House 207,1359,2
24.12036529364374,Diman House 231,1360,2
24.127053105535985,Barbour Hall Apartments 350,1361,5
24.136586141090167,Grad Center D 340,1362,6
24.138510416327364,Grad Center C 220,1363,5
24.139645029856705,Barbour Hall 106,1364,2
24.144134684742404,Grad Center D 640,1365,6
24.153823176645496,Bronson House 319,1366,3
24.160925261559473,Diman House 400B,1367,8
24.185354852010121,Diman House 331,1368,2
24.194129914198168,Diman House 333,1369,2
24.19525185926441,Hope College 119,1370,2
24.196451513684941,Barbour Hall 303,1371,2
24.197329228300585,New Pembroke #1 315,1372,2
24.201621820462453,111 Brown Street 201,1373,2
24.228082879171435,Littlefield Hall 302,1374,2
24.228082879171435,Littlefield Hall 305,1375,2
24.228082879171435,Littlefield Hall 307,1376,2
24.238241139146972,111 Brown Street 302,1377,2
24.248711305964282,Hope College 317,1378,2
24.248711305964282,Marcy House 312,1379,1
24.248711305964282,Marcy House 313,1380,1
24.248711305964282,Marcy House 314,1381,1
24.248711305964282,Marcy House 315,1382,1
24.251901914573452,Hope College 201,1383,2
24.272999757562097,Littlefield Hall 207,1384,2
24.273761188935623,Hope College 320,1385,2
24.283795312984623,Diman House 321,1386,2
24.285214146028984,111 Brown Street 202,1387,2
24.291617922430202,111 Brown Street 203,1388,2
24.297185807140082,Harkness House 201,1389,2
24.305785024967697,Hope College 301,1390,2
24.308263803036716,Harkness House 117,1391,2
24.310491562286437,Harkness House 208,1392,2
24.310491562286437,Littlefield Hall 308,1393,2
24.310491562286437,Littlefield Hall 309,1394,2
24.310491562286437,Littlefield Hall 311,1395,2
24.311081399481317,Grad Center B 120,1396,5
24.325437403832307,Grad Center B 210,1397,6
24.332494419623043,Harkness House 302,1398,2
24.332863467044529,Jameson House 117,1399,3
24.335559612477066,Hope College 302,1400,2
24.336428912818331,Diman House 301,1401,2
24.336428912818331,Diman House 302,1402,2
24.360504418285121,Littlefield Hall 209,1403,2
24.360635231557776,Harkness House 202,1404,2
24.361983468843288,Harkness House 204,1405,2
24.392621835300936,Diman House 228,1406,2
24.392621835300936,Hope College 417,1407,2
24.40044932845414,New Pembroke #1 415,1408,2
24.401059828422419,Littlefield Hall 112,1409,2
24.420071403279639,Grad Center D 240,1410,6
24.441679779117724,Hope College 202,1411,2
24.442005573676809,Sears House 330,1412,2
24.451589030323195,Hope College 203,1413,2
24.463576547377052,Diman House 317,1414,2
24.499434257674267,Grad Center D 320,1415,6
24.505594002812344,New Pembroke #1 201,1416,2
24.511415583214813,New Pembroke #2 206,1417,2
24.515301344262525,Diman House 201,1418,1
24.515301344262525,Diman House 202,1419,2
24.515301344262525,Diman House 204,1420,2
24.515301344262525,Littlefield Hall 301,1421,2
24.516538753890735,Littlefield Hall 102,1422,2
24.517897911974003,Barbour Hall Apartments 380,1423,4
24.531049143409188,Harkness House 330,1424,2
24.535688292770594,Marcy House 241,1425,2
24.535688292770594,Marcy House 242,1426,2
24.53889921107735,Hope College 107,1427,2
24.542100013538004,Chapin House 314,1428,2
24.543530417059266,Harkness House 328,1429,2
24.544732681429693,Diman House 234,1430,2
24.545105559555196,Hope College 215,1431,1
24.552001967658196,Minden 101,1432,3
24.555114419719455,Minden 412,1433,4
24.556058315617349,Machado House 37,1434,1
24.563910120683055,Harkness House 329,1435,2
24.567241907495802,Minden 512,1436,4
24.574148631730111,Harkness House 323,1437,2
24.576411454889016,Caswell Hall 203,1438,2
24.577740983447967,Grad Center D 220,1439,6
24.579790602175123,Diman House 217,1440,2
24.594458440240178,Hope College 217,1441,2
24.59653774914436,Littlefield Hall 109,1442,2
24.603915806095468,New Pembroke #2 105,1443,2
24.604037436382512,Littlefield Hall 202,1444,2
24.604037436382512,Littlefield Hall 205,1445,2
24.606739707359729,Littlefield Hall 107,1446,2
24.615591423485988,New Pembroke #1 301,1447,2
24.616429339182243,Barbour Hall 103,1448,2
24.619468211682371,111 Brown Street 102,1449,2
24.629841613588276,Hope College 207,1450,2
24.637369989509839,Machado 123,1451,1
24.664133664994097,Grad Center D 110,1452,5
24.67785050194415,Goddard House 342,1453,2
24.689879656909909,Harkness House 301,1454,2
24.691034105748326,Harkness House 324,1455,2
24.692978431147971,Harkness House 304,1456,2
24.698178070456937,Diman House 127,1457,2
24.698178070456937,Harkness House 228,1458,2
24.709253846607314,Grad Center C 140,1459,5
24.71210187071345,Marcy House 321,1460,2
24.718414188616549,Marcy House 304,1461,2
24.728167675935552,Barbour Hall 202,1462,2
24.737444710712687,Littlefield Hall 105,1463,2
24.747646668928059,Littlefield Hall 108,1464,2
24.754090563635557,Hope College 303,1465,2
24.775424690089849,Diman House 117,1466,2
24.776811870008551,New Pembroke #2 215,1467,2
24.783178673125956,Minden 212,1468,4
24.788678993021893,East Andrews 214,1469,3
24.791039503501004,Chapin House 313,1470,2
24.792413532129775,Harkness House 213,1471,2
24.792413532129775,Harkness House 217,1472,2
24.795818896409934,Marcy House 325,1473,2
24.805831130568961,Hope College 415,1474,2
24.813383432617563,Hope College 403,1475,2
24.816111323233198,Miller 121,1476,3
24.819347291981714,Machado 239,1477,2
24.847328984145435,Littlefield Hall 111,1478,2
24.858821973884545,Harkness House 223,1479,2
24.873215805033343,Grad Center B 140,1480,5
24.884888458099987,Hope College 407,1481,2
24.892818320487645,Sears House 224,1482,2
24.904515387604089,Minden 312,1483,4
24.90763519156847,Hope College 307,1484,2
24.910778407918155,Minden 612,1485,4
24.931530528841453,Minden 712,1486,4
24.93927509022042,Harkness House 313,1487,2
24.93927509022042,Harkness House 317,1488,2
24.943082970085793,Marcy House 221,1489,2
24.971457165473211,Diman House 121,1490,2
24.988556654238938,Sears House 308,1491,2
25.001638785738606,Barbour Hall 203,1492,3
25.014463859652633,Goddard House 323,1493,2
25.017405830602705,Goddard House 302,1494,2
25.035950259359815,Sears House 230,1495,2
25.03996805109783,Everett House 124,1496,3
25.041838608763655,Sears House 329,1497,2
25.063954819776267,Chapin House 217,1498,2
25.07481851667897,Goddard House 304,1499,2
25.0773272248362,New Pembroke #1 401,1500,2
25.08426656234596,Chapin House 330,1501,2
25.099413438472645,East Andrews 452,1502,2
25.099800796022265,Machado 315,1503,3
25.119713374160941,Harkness House 314,1504,2
25.122636677062037,Barbour Hall 205,1505,3
25.123999196922966,Goddard House 301,1506,2
25.124379042252752,Chapin House 214,1507,2
25.142930292274606,Sears House 229,1508,2
25.159491250818249,Goddard House 346,1509,2
25.159491250818249,Goddard House 347,1510,2
25.159491250818249,Goddard House 348,1511,2
25.161293837871249,Sears House 301,1512,2
25.166529183722794,Diman House 215,1513,3
25.199206336708304,Machado House 32,1514,1
25.199206336708304,Machado House 33,1515,1
25.214075271953078,Marcy House 121,1516,2
25.23143377327834,Goddard House 327,1517,2
25.239728351833193,Sears House 304,1518,2
25.24589089274037,Barbour Hall 105,1519,3
25.247702670905745,Sears House 328,1520,2
25.250553047315361,Sears House 228,1521,2
25.269244803147604,Marcy House 125,1522,2
25.278449319529077,Chapin House 228,1523,2
25.278449319529077,Wayland House 348,1524,2
25.299349783458872,Chapin House 324,1525,2
25.310537031034976,Chapin House 328,1526,2
25.330393953693733,Diman House 315,1527,3
25.331149014003028,Sears House 307,1528,2
25.33598964352521,Everett House 407,1529,3
25.340549388913047,Sears House 317,1530,2
25.350930227628169,Goddard House 223,1531,2
25.369316876852981,Chapin House 229,1532,2
25.369316876852981,Chapin House 230,1533,2
25.370467991023609,Machado 39,1534,2
25.382068080155893,Olney House 313,1535,2
25.385932859822777,Olney House 317,1536,2
25.39110827821677,Sears House 302,1537,2
25.396850198400589,Wayland House 301,1538,2
25.396850198400589,Wayland House 303,1539,2
25.396850198400589,Wayland House 305,1540,2
25.400455255351204,Goddard House 227,1541,2
25.408278904470034,Sears House 313,1542,2
25.416530054277668,Wayland House 307,1543,2
25.416530054277668,Wayland House 311,1544,2
25.416530054277668,Wayland House 314,1545,2
25.426698363165144,Chapin House 317,1546,2
25.43309195883462,Machado 30,1547,2
25.435275551299149,Sears House 323,1548,2
25.436194683953808,Perkins Hall 316,1549,2
25.464107652797594,Olney House 116,1550,2
25.471318511025263,Chapin House 213,1551,2
25.491142160411567,Jameson House 307,1552,3
25.494273739297661,Sears House 223,1553,2
25.495097567963924,New Pembroke #2 207,1554,2
25.495097567963924,Wayland House 325,1555,2
25.495097567963924,Wayland House 336,1556,2
25.495097567963924,Wayland House 343,1557,2
25.501333398855191,Sears House 314,1558,2
25.506554912418615,Sears House 217,1559,2
25.517804441220001,Marcy House 119,1560,3
25.52589179810257,Marcy House 319,1561,3
25.531457130376197,Chapin House 329,1562,2
25.53169107749617,Diman House 115,1563,3
25.535992229308533,Sears House 213,1564,2
25.551946620501525,East Andrews 416,1565,2
25.551946620501525,East Andrews 450,1566,2
25.553864678361276,King House 103,1567,2
25.553864678361276,King House 107,1568,2
25.573423705088842,Poland House 224,1569,3
25.574794368954755,West Andrews 211,1570,3
25.586615114158583,Chapin House 323,1571,2
25.590756740859526,Marcy House 301,1572,2
25.599163136999984,Olney House 217,1573,2
25.60013577235868,Marcy House 302,1574,2
25.601603380344034,Olney House 213,1575,2
25.619418142302624,Olney House 113,1576,2
25.620232411746365,Jameson House 209,1577,4
25.625394295920476,Goddard House 217,1578,2
25.625832837337885,Marcy House 219,1579,3
25.634400751603494,Harkness House 224,1580,2
25.643228808416929,Goddard House 127,1581,2
25.651510676761319,Sears House 324,1582,2
25.659136619986572,Sears House 113,1583,2
25.670995305986871,Grad Center C 130,1584,5
25.673051369495777,Barbour Hall 103,1585,3
25.69615728858825,Sears House 117,1586,2
25.696627675854238,Olney House 117,1587,2
25.729331305390254,New Pembroke #2 306,1588,2
25.753053963402031,Barbour Hall 303,1589,3
25.768197453450252,Machado 126,1590,2
25.769454680801431,Chapin House 117,1591,2
25.787593916455254,Barbour Hall 302,1592,2
25.787593916455254,New Pembroke #4 305,1593,2
25.787593916455254,New Pembroke #4 307,1594,2
25.797139237727226,East Andrews 314,1595,3
25.80697580112788,Machado 326,1596,2
25.838810101972289,Archibald House 319,1597,4
25.912071951887953,Mead House 211,1598,3
25.942243542145693,Perkins Hall 21,1599,2
25.96150997149434,Fake Building 16,1600,1
25.96150997149434,Marcy House 210,1601,1
25.96150997149434,Marcy House 308,1602,2
25.98076211353316,Marcy House 208,1603,2
26.0,New Pembroke #4 225,1604,2
26.000529880893097,Chapin House 113,1605,2
26.057628441590765,Fake Building 17,1606,1
26.057628441590765,Fake Building 18,1607,1
26.076219190038127,West Andrews 411,1608,3
26.076809620810597,Chapin House 307,1609,2
26.147101068431809,Poland House 216,1610,3
26.153393661244042,New Pembroke #4 405,1611,2
26.153393661244042,New Pembroke #4 407,1612,2
26.172504656604801,New Pembroke #4 203,1613,2
26.172504656604801,New Pembroke #4 205,1614,2
26.172504656604801,New Pembroke #4 207,1615,2
26.19160170741759,New Pembroke #4 309,1616,2
26.267851073127396,New Pembroke #3 207,1617,2
26.267851073127396,New Pembroke #3 307,1618,2
26.343879744638983,Chapin House 301,1619,2
26.368093662379973,East Andrews 414,1620,3
26.381811916545839,Machado House 315,1621,3
26.381811916545839,New Pembroke #3 109,1622,2
26.393109716173004,Everett House 309,1623,4
26.40075756488817,Perkins Hall 330,1624,1
26.438608132804571,New Pembroke #3 111,1625,2
26.532998322843198,New Pembroke #4 215,1626,2
26.551836094703507,New Pembroke #3 201,1627,2
26.589471600616662,Marcy House 310,1628,1
26.589471600616662,New Pembroke #4 315,1629,1
26.608269391300141,Perkins Hall 8,1630,1
26.627053911388696,New Pembroke #3 208,1631,2
26.627053911388696,New Pembroke #3 209,1632,2
26.645825188948457,Perkins Hall 134,1633,1
26.664583251946766,New Pembroke #4 411,1634,2
26.664583251946766,Perkins Hall 102,1635,1
26.664583251946766,Perkins Hall 22,1636,2
26.739483914241877,New Pembroke #3 301,1637,2
26.739483914241877,New Pembroke #3 309,1638,2
26.739483914241877,New Pembroke #3 311,1639,2
26.739483914241877,New Pembroke #3 313,1640,2
26.776855677991769,Machado House 34,1641,1
26.776855677991769,Machado House 35,1642,1
26.776855677991769,Machado House 39,1643,2
26.795522013948524,Machado House 30,1644,2
26.795522013948524,Machado House 38,1645,1
26.795522013948524,Perkins Hall 215,1646,1
26.814175355583846,New Pembroke #3 213,1647,2
26.832815729997478,New Pembroke #3 310,1648,2
26.832815729997478,New Pembroke #4 201,1649,2
26.832815729997478,New Pembroke #4 409,1650,2
26.832815729997478,Perkins Hall 133,1651,2
26.851443164195103,Perkins Hall 4,1652,2
26.851443164195103,Perkins Hall 5,1653,2
26.851443164195103,Perkins Hall 6,1654,2
26.851443164195103,Perkins Hall 7,1655,2
26.870057685088806,Fake Building 19,1656,1
26.870057685088806,New Pembroke #3 115,1657,2
26.888659319497503,New Pembroke #3 202,1658,2
26.888659319497503,New Pembroke #3 211,1659,2
26.888659319497503,New Pembroke #3 302,1660,2
26.888659319497503,New Pembroke #3 308,1661,2
26.90724809414742,New Pembroke #4 310,1662,2
26.92582403567252,Chapin House 302,1663,2
26.92582403567252,Chapin House 304,1664,2
26.92582403567252,New Pembroke #3 102,1665,2
26.944387170614959,Machado House 326,1666,2
26.962937525425527,New Pembroke #3 110,1667,2
26.962937525425527,New Pembroke #3 113,1668,2
26.981475126464083,Chapin House 308,1669,2
26.981475126464083,New Pembroke #3 107,1670,2
26.981475126464083,New Pembroke #3 108,1671,2
27.055498516937366,New Pembroke #4 311,1672,2
27.073972741361768,Perkins Hall 224,1673,2
27.073972741361768,Perkins Hall 236,1674,2
27.073972741361768,Perkins Hall 237,1675,2
27.092434368288131,New Pembroke #3 117,1676,2
27.092434368288131,New Pembroke #4 316,1677,1
27.092434368288131,New Pembroke #4 318,1678,2
27.110883423451916,Perkins Hall 114,1679,2
27.110883423451916,Perkins Hall 115,1680,2
27.129319932501073,Fake Building 2,1681,1
27.129319932501073,Fake Building 20,1682,1
27.129319932501073,Fake Building 21,1683,1
27.129319932501073,Fake Building 22,1684,1
27.129319932501073,New Pembroke #4 213,1685,2
27.147743920996454,New Pembroke #4 408,1686,2
27.166155414412248,New Pembroke #4 308,1687,2
27.166155414412248,New Pembroke #4 317,1688,2
27.166155414412248,New Pembroke #4 319,1689,2
27.184554438136374,Perkins Hall 121,1690,2
27.184554438136374,Perkins Hall 123,1691,2
27.239676943752471,Perkins Hall 137,1692,2
27.239676943752471,Perkins Hall 138,1693,2
27.239676943752471,Perkins Hall 139,1694,2
27.258026340878022,New Pembroke #4 416,1695,2
27.258026340878022,New Pembroke #4 418,1696,2
27.294688127912362,Perkins Hall 116,1697,2
27.294688127912362,Perkins Hall 117,1698,2
27.313000567495326,New Pembroke #4 410,1699,2
27.313000567495326,New Pembroke #4 417,1700,2
27.331300737432898,Perkins Hall 113,1701,2
27.331300737432898,Perkins Hall 221,1702,2
27.331300737432898,Perkins Hall 230,1703,2
27.331300737432898,Perkins Hall 3,1704,2
27.349588662354687,New Pembroke #3 210,1705,2
27.349588662354687,Perkins Hall 239,1706,2
27.349588662354687,Perkins Hall 240,1707,2
27.440845468024488,New Pembroke #4 419,1708,2
27.440845468024488,Perkins Hall 234,1709,2
27.440845468024488,Perkins Hall 235,1710,2
27.477263328068172,Perkins Hall 11,1711,2
27.477263328068172,Perkins Hall 12,1712,2
27.477263328068172,Perkins Hall 14,1713,2
27.495454169735041,Perkins Hall 344,1714,2
27.513632984395208,Perkins Hall 118,1715,2
27.513632984395208,Perkins Hall 119,1716,2
27.513632984395208,Perkins Hall 136,1717,2
27.54995462791182,Perkins Hall 125,1718,2
27.54995462791182,Perkins Hall 126,1719,2
27.568097504180443,Perkins Hall 103,1720,2
27.568097504180443,Perkins Hall 122,1721,2
27.568097504180443,Perkins Hall 132,1722,2
27.586228448267445,Perkins Hall 324,1723,2
27.640549922170507,Perkins Hall 2,1724,2
27.658633371878661,Perkins Hall 130,1725,2
27.658633371878661,Perkins Hall 131,1726,2
27.694764848252458,Perkins Hall 336,1727,2
27.730849247724095,Perkins Hall 127,1728,2
27.730849247724095,Perkins Hall 128,1729,2
27.784887978899608,Perkins Hall 321,1730,2
27.856776554368238,Perkins Hall 216,1731,2
27.856776554368238,Perkins Hall 244,1732,2
27.892651361962706,Perkins Hall 315,1733,2
27.892651361962706,Perkins Hall 331,1734,2
27.892651361962706,Perkins Hall 339,1735,2
27.892651361962706,Perkins Hall 340,1736,2
27.928480087537881,Perkins Hall 225,1737,2
27.928480087537881,Perkins Hall 226,1738,2
27.946377224964241,Perkins Hall 337,1739,2
27.946377224964241,Perkins Hall 338,1740,2
27.964262908219126,Perkins Hall 343,1741,2
28.035691537752374,Perkins Hall 325,1742,2
28.035691537752374,Perkins Hall 329,1743,2
28.071337695236398,Perkins Hall 220,1744,2
