room,pick_2006,pick_2007,pick_2008,pick_2009,pick_2010,pick_2011,pick_2012,pick_2013
West Andrews 411,679,0,691,666,0,684,0,0
Grad center A 246,0,0,0,0,0,0,0,439
West Andrews 417,150,118,4,113,50,78,0,0
West Andrews 419,162,24,5,88,61,0,0,0
Grad Center A 640,289,699,589,559,402,396,415,0
Machado 38,0,0,450,604,324,245,0,0
Olney House 317,0,0,619,670,624,0,619,692
Morris Hall 201,574,331,0,0,0,0,0,0
Olney House 311,0,0,0,0,0,210,0,0
Goddard House 306B,387,405,387,407,277,375,196,0
Goddard House 306A,371,338,388,404,277,375,190,0
Hegeman C109,345,353,315,325,350,332,342,284
Hegeman C108,341,353,0,325,353,327,278,321
Young Orchard #4 120,144,251,269,173,113,309,323,295
Young Orchard #2 230,52,43,101,117,78,119,82,78
Diman House 229B,0,0,0,528,0,0,0,0
Diman House 229A,0,0,0,518,497,0,0,0
Everett House 224,0,386,0,0,0,0,0,0
Miller 401,0,0,0,0,61,74,0,0
Miller 403,0,0,0,0,61,116,0,0
Miller 405,0,0,0,0,155,114,0,0
Miller 407,0,0,0,0,40,74,0,0
Miller 409,0,0,0,0,121,169,0,0
Young Orchard #2 430,90,81,111,114,90,379,0,112
Everett House 316,407,423,516,549,426,415,0,0
Grad Center B 320,446,588,0,0,0,0,0,493
Young Orchard #10 230,133,141,180,263,162,384,289,250
New Pembroke #3 308,0,0,0,0,0,0,0,723
Grad Center C 620,371,584,587,398,494,608,533,0
Perkins Hall 244,0,0,0,0,0,0,0,776
Barbour Hall Apartments 310,325,0,282,0,323,0,373,0
East Andrews 360,4,48,127,106,91,72,0,0
East Andrews 362,121,186,105,177,91,83,0,0
Barbour Hall Apartments 220,629,606,539,542,387,382,386,654
Jameson House 219,466,236,496,501,414,538,0,0
Grad Center D 121,0,0,0,0,0,0,226,160
Hegeman A201,277,227,233,164,153,0,0,210
Hegeman A202,12,5,61,82,6,0,0,24
Hegeman A203,307,346,271,338,292,0,0,246
Grad Center D 125,0,0,0,0,0,0,312,427
Grad Center D 124,0,0,0,0,0,0,300,397
Minden 615,509,398,0,327,343,417,0,376
Minden 612,511,575,630,648,607,631,640,569
Caswell Hall 412,515,514,483,520,524,0,501,594
Caswell Hall 411,484,501,473,520,493,490,508,554
Caswell Hall 410,495,506,473,514,511,516,508,554
Grad Center D 235,0,0,0,0,0,0,299,256
Grad Center D 234,0,0,0,0,0,0,316,336
Grad Center D 231,0,0,0,0,0,0,203,179
Grad Center D 230,577,0,488,569,570,0,0,0
Grad Center D 233,0,0,0,0,0,0,204,53
Grad Center D 232,0,0,0,0,0,0,370,179
New Pembroke #1 402,536,508,601,557,509,483,495,92
Grad Center D 340,607,579,566,605,525,616,0,0
Grad Center D 343,0,0,0,0,0,0,354,139
New Pembroke #1 401,675,745,643,659,632,599,609,485
Woolley 206,351,0,337,349,334,315,17,0
New Pembroke #1 407,498,507,611,553,537,0,532,0
New Pembroke #1 404,540,502,611,572,513,480,502,103
Grad Center D 346,0,0,0,0,0,0,222,359
Jameson House 7,528,299,0,0,0,0,0,0
Poland House 201,369,377,454,393,348,375,0,0
Champlin 206,458,219,356,0,0,0,0,0
315 Thayer 430,0,0,0,0,0,0,67,22
Grad center A 426,0,0,0,0,0,0,0,205
Young Orchard #2 420,48,143,104,77,81,117,94,67
Gregorian Quad A 506,0,0,0,0,0,0,470,378
Woolley 118,439,420,342,412,27,224,0,0
Woolley 119,435,378,369,412,332,224,0,0
Woolley 116,435,430,351,391,217,224,0,0
Woolley 115,435,345,369,391,217,224,0,0
Woolley 113,435,345,295,365,110,218,54,0
Emery 420,420,280,0,271,183,107,26,0
Barbour Hall Apartments 80,352,421,500,515,383,514,476,703
Marcy House 319,645,664,656,634,592,673,622,731
315 Thayer 320,0,0,0,0,0,0,29,40
Marcy House 313,0,0,0,0,0,0,0,588
Marcy House 312,0,0,0,0,0,0,0,588
Marcy House 310,0,0,0,0,0,0,0,707
Marcy House 315,0,0,0,0,0,0,0,588
Marcy House 314,0,0,0,0,0,0,0,588
Wayland House 330,146,196,52,125,166,161,0,538
Wayland House 332,131,266,52,176,166,189,0,537
West Andrews 319,83,0,43,0,0,0,0,0
Wayland House 336,0,0,0,0,0,0,0,650
West Andrews 317,20,28,40,141,43,18,0,0
Wayland House 338,0,0,0,0,0,0,0,538
315 Thayer 220,0,0,0,0,0,0,55,0
Marcy House 225,598,694,526,623,385,0,0,623
Marcy House 221,602,542,642,641,0,0,605,707
Sears House 306B,307,387,165,372,270,0,0,0
Sears House 306A,299,201,123,372,230,0,0,0
Marcy House 228,0,0,355,276,235,0,0,0
West Andrews 403,77,135,21,148,46,92,0,0
West Andrews 401,160,19,0,182,85,92,0,0
West Andrews 407,181,160,150,195,85,101,0,0
East Andrews 422,105,135,150,76,26,32,0,0
West Andrews 405,38,135,168,0,0,101,0,0
East Andrews 420,37,58,149,36,8,16,0,0
Perkins Hall 315,0,0,0,0,0,0,0,778
Perkins Hall 316,0,0,0,0,0,0,0,647
Olney House 119,0,0,0,411,0,0,0,0
315 Thayer 130,0,0,0,0,0,0,44,34
Hope College 208,0,0,225,205,62,142,0,0
Hope College 106,0,0,161,206,207,177,467,0
Hope College 107,631,0,0,0,0,0,583,593
Hope College 108,33,0,0,99,118,156,466,539
Young Orchard #2 330,90,36,71,92,69,141,86,55
Morris Hall 301,463,511,0,0,0,0,0,0
Caswell Hall 310,0,0,0,578,511,539,511,602
Caswell Hall 311,510,490,476,536,503,539,511,602
Caswell Hall 312,543,545,534,536,0,0,0,602
Young Orchard #2 440,44,81,115,154,79,259,220,128
Barbour Hall Apartments 140,76,60,48,130,70,236,65,599
Perkins Hall 7,0,0,0,0,0,0,0,721
Grad Center B 330,110,84,0,357,311,0,262,338
Perkins Hall 6,0,0,0,0,0,0,0,721
Young Orchard #10 220,54,102,0,0,0,0,0,0
Perkins Hall 5,0,0,0,0,0,0,0,721
Grad Center d 446,0,0,0,0,0,0,247,0
Perkins Hall 4,0,0,0,0,0,0,0,721
Morriss Hall 120,0,0,15,266,0,0,0,0
Goddard House 400A,507,592,0,488,0,523,530,583
Grad Center C 140,591,603,657,587,616,644,578,0
Chapin House 400A,566,422,576,0,0,594,549,0
Chapin House 400B,385,515,0,0,508,518,518,670
Everett House 107,511,423,199,458,406,462,0,0
Barbour Hall Apartments 360,383,406,393,356,411,310,486,630
Grad Center B 240,573,598,622,592,463,629,514,381
Young Orchard #10 310,205,103,193,157,130,104,259,0
Slater Hall 102,0,533,513,345,0,0,189,76
Slater Hall 101,610,425,358,529,390,553,384,387
Slater Hall 106,34,0,63,59,0,47,12,15
Slater Hall 104,403,469,367,420,120,320,283,359
Slater Hall 105,0,0,16,46,17,42,3,0
Grad Center D 644,0,0,0,0,0,0,351,313
Grad Center D 645,0,0,0,0,0,0,351,347
Grad Center D 646,0,0,0,0,0,0,120,313
Grad Center D 640,516,653,571,604,575,0,0,0
Grad Center D 641,0,0,0,0,0,0,210,175
Grad Center D 642,0,0,0,0,0,0,351,351,313
Grad Center D 643,0,0,0,0,0,0,351,347
Minden 605,9,0,26,18,0,85,10,10
Minden 607,0,223,102,0,0,214,131,138
Minden 606,330,367,357,551,379,566,366,289
Minden 601,412,398,418,440,453,534,377,333
Minden 602,527,575,520,0,586,566,366,566
Gregorian Quad A 410A,45,112,55,47,0,15,0,12
Gregorian Quad A 410B,86,177,93,178,122,44,106,88
Gregorian Quad A 410C,86,185,106,179,100,100,31,73
Minden 609,6,3,3,6,0,0,0,6
Gregorian Quad A 410E,39,173,62,145,39,29,40,51
Gregorian Quad A 410F,40,157,62,138,67,66,37,51
Goddard House 219,0,0,0,0,244,276,0,693
Goddard House 214,0,334,0,364,266,256,0,0
Goddard House 217,0,673,0,643,640,671,0,0
Goddard House 216,0,360,0,439,282,274,0,582
Minden 706,382,350,328,599,350,411,300,287
Goddard House 212,0,362,0,286,248,0,0,0
Grad Center D 226,0,0,0,0,0,0,261,231
Grad Center D 224,0,0,0,0,0,0,211,162
Grad Center D 225,0,0,0,0,0,0,261,195
Grad Center D 222,0,0,0,0,0,0,207,162
Grad Center D 223,0,0,0,0,0,0,329,162
Grad Center D 220,577,628,593,577,605,646,0,0
Grad Center D 221,0,0,0,0,0,0,313,162
Metcalf 409,312,0,263,240,0,0,0,0
Goddard House 321,213,274,0,158,0,0,0,0
Goddard House 323,643,656,629,643,475,665,617,691
Metcalf 408,312,184,272,260,0,0,0,0
Goddard House 327,643,656,614,643,639,586,617,698
Goddard House 329,0,389,307,386,0,0,0,0
Goddard House 338,285,0,336,0,0,0,0,701
Grad Center A 330,433,471,0,0,459,569,556,0
Bronson House 403,448,379,0,0,0,0,0,0
Woolley 307,339,329,329,412,329,315,140,0
Woolley 306,377,282,329,349,229,154,141,0
New Pembroke #4 407,0,0,0,0,0,0,0,684
New Pembroke #4 405,0,0,0,0,0,0,0,684
New Pembroke #4 403,53,447,383,436,362,217,148,0
New Pembroke #4 402,634,473,661,494,362,367,171,686
New Pembroke #4 401,295,461,441,0,0,228,170,686
New Pembroke #4 409,0,0,0,0,0,0,0,720
Littlefield Hall 112,0,0,0,0,0,0,581,610
Marcy House 308,0,0,0,0,0,0,0,674
Poland House 203,369,335,502,414,370,398,0,0
Marcy House 301,602,0,0,0,0,0,0,710
Marcy House 302,602,0,0,0,0,0,0,711
Marcy House 303,217,0,0,0,0,0,0,0
Marcy House 304,611,0,0,0,0,0,0,0
Diman House 117,628,669,623,618,574,594,553,656
Diman House 115,638,675,656,621,0,627,615,735
Wayland House 322,207,240,12,54,141,207,0,537
Wayland House 323,55,62,7,53,49,207,0,0
Wayland House 320,92,40,0,0,0,0,0,0
New Pembroke #4 318,0,0,0,0,0,0,0,734
Wayland House 326,96,123,186,176,145,207,0,538
Marcy House 125,628,676,616,641,637,0,634,0
Marcy House 127,0,0,0,405,0,0,0,0
New Pembroke #4 313,615,454,438,574,351,348,186,688
New Pembroke #4 311,0,0,0,0,0,0,0,732
New Pembroke #4 310,0,0,0,0,0,0,0,724
New Pembroke #4 317,0,0,0,0,0,0,0,738
New Pembroke #4 316,0,0,0,0,0,0,0,734
New Pembroke #4 315,0,0,0,0,0,0,0,707
Emery 320,420,0,0,248,0,78,35,0
Archibald House 218,431,378,452,487,374,403,0,0
315 Thayer 230,0,0,0,0,0,0,54,0
Archibald House 217,406,378,414,484,372,428,0,0
East Andrews 410,0,186,270,161,126,113,0,0
East Andrews 416,637,0,669,0,0,0,0,0
East Andrews 414,684,737,691,670,0,0,0,0
Goddard House 344A,325,0,0,0,0,0,0,0
Goddard House 344B,354,0,0,0,0,0,0,0
315 Thayer 120,0,0,0,0,0,0,92,0
New Pembroke #4 227,236,170,321,70,164,130,22,557
Barbour Hall Apartments 50,377,358,386,376,381,124,375,661
Grad center A 443,0,0,0,0,0,0,0,418
Hope College 112,583,0,0,0,0,0,510,563
Grad center A 441,0,0,0,0,0,0,0,153
Hope College 116,134,106,231,126,169,0,468,560
Grad center A 445,0,0,0,0,0,0,0,163
Hope College 114,0,106,319,193,222,205,465,551
Emery 401,424,329,76,375,312,323,155,0
New Pembroke #2 315,0,0,663,664,0,0,0,394
Hope College 119,600,0,0,0,0,0,0,571
Young Orchard #10 420,258,243,162,159,168,400,345,209
Machado 125,0,281,0,485,0,0,0,0
Young Orchard #2 210,60,97,67,119,78,77,0,0
Young Orchard #2 320,94,113,92,104,69,261,179,55
Gregorian Quad B 106,247,79,294,396,302,331,146,400
Gregorian Quad B 107,263,271,279,227,296,247,335,341
Gregorian Quad B 104,81,321,306,328,318,331,333,393
Gregorian Quad B 105,247,0,294,328,345,371,318,193
Gregorian Quad B 102,237,318,0,390,348,364,333,400
Gregorian Quad B 103,0,0,280,264,296,291,307,349
Gregorian Quad B 108,315,319,300,370,318,312,260,360
Caswell Hall 307,517,510,515,573,528,556,505,592
Caswell Hall 306,508,523,515,556,528,547,494,578
Caswell Hall 305,529,552,553,573,528,547,539,592
Caswell Hall 304,532,553,543,0,557,549,540,607
Caswell Hall 303,523,545,0,0,520,549,536,607
Caswell Hall 302,500,535,535,534,520,494,494,577
Caswell Hall 301,532,535,531,538,520,549,536,574
Perkins Hall 102,0,0,0,0,0,0,0,711
Perkins Hall 103,0,0,0,0,0,0,0,760
Caswell Hall 309,537,550,534,578,533,0,540,602
Caswell Hall 308,529,552,570,584,528,556,539,615
Barbour Hall Apartments 150,553,571,547,441,479,578,571,710
Gregorian Quad B 210,254,258,290,352,286,148,270,0
Grad Center A 440,418,0,492,570,354,513,363,0
Gregorian Quad A 608,0,0,0,0,0,0,513,422
Gregorian Quad A 602,0,0,0,0,0,0,534,438
Gregorian Quad A 603,0,0,0,0,0,0,501,438
Gregorian Quad A 601,0,0,0,0,0,0,526,435
Gregorian Quad A 606,0,0,0,0,0,0,529,453
Gregorian Quad A 607,0,0,0,0,0,0,513,422
Gregorian Quad A 604,0,0,0,0,0,0,521,450
Gregorian Quad A 605,0,0,0,0,0,0,353,453
Barbour Hall Apartments 370,358,627,385,403,424,404,453,609
Gregorian Quad A 512,0,0,0,0,0,0,257,235
Gregorian Quad A 510,0,0,0,0,0,0,393,378
Gregorian Quad A 511,0,0,0,0,0,0,500,390
Mead House 3,0,452,0,0,439,466,0,0
Young Orchard #4 210,113,94,145,150,104,372,0,0
Champlin 423,0,188,235,0,148,0,97,0
Grad Center D 213,0,0,0,0,0,0,305,136
Grad Center D 212,0,0,0,0,0,0,326,0
Grad Center D 211,0,0,0,0,0,0,34,136
Grad Center D 210,0,0,491,564,523,540,0,0
Perkins Hall 3,0,0,0,0,0,0,0,747
Perkins Hall 2,0,0,0,0,0,0,0,764
Grad Center D 214,0,0,0,0,0,0,209,199
Perkins Hall 8,0,0,0,0,0,0,0,708
Minden 708,382,350,328,439,265,502,300,290
Minden 709,0,0,17,11,5,3,6,5
Diman House 233,0,0,0,560,581,592,0,0
Minden 705,0,17,27,21,0,71,11,17
Diman House 231,0,0,0,560,0,604,0,0
Minden 707,270,226,328,428,128,214,303,121
Minden 701,400,443,342,385,501,199,418,363
Minden 702,400,648,364,457,595,552,489,564
Diman House 234,0,0,0,635,581,592,0,0
Goddard House 332,0,0,284,340,31,304,143,0
Goddard House 333,0,0,288,340,262,262,20,0
Goddard House 330,0,389,307,166,185,277,185,0
Goddard House 331,0,351,307,386,262,277,165,0
Goddard House 336,0,0,129,0,0,0,0,584
Goddard House 334,0,0,284,340,0,219,0,0
Goddard House 335,0,0,307,0,0,375,0,584
Metcalf 402,200,0,83,137,0,0,0,0
Metcalf 401,22,0,33,31,0,0,0,0
Metcalf 400,317,101,83,251,0,0,0,0
Metcalf 407,200,0,221,121,0,0,0,0
Metcalf 406,312,184,256,251,0,0,0,0
Metcalf 404,245,0,0,200,0,0,0,0
Emery 220,391,214,37,155,175,118,13,0
Mead House 218,368,357,486,480,414,439,0,0
Mead House 211,647,706,0,662,0,0,0,0
Mead House 216,368,375,486,480,399,451,0,0
Slater Hall 207,0,0,0,0,9,1,2,0
Woolley 318,376,335,0,221,242,154,85,0
Woolley 319,376,407,337,351,242,0,118,0
Woolley 315,376,407,329,351,329,315,0,0
Woolley 316,376,335,329,351,253,154,118,0
New Pembroke #4 416,0,0,0,0,0,0,0,743
New Pembroke #4 417,0,0,0,0,0,0,0,746
New Pembroke #4 410,0,0,0,0,0,0,0,746
New Pembroke #4 411,0,0,0,0,0,0,0,711
New Pembroke #4 413,630,458,638,596,366,367,170,711
New Pembroke #4 418,0,0,0,0,0,0,0,743
New Pembroke #4 419,0,0,0,0,0,0,0,753
315 Thayer 340,0,0,0,0,0,0,284,118
Marcy House 330,0,0,0,356,0,0,0,0
New Pembroke #4 308,0,0,0,0,0,0,0,738
New Pembroke #4 309,0,0,0,0,0,0,0,686
Wayland House 314,0,0,0,0,0,0,0,646
Wayland House 313,215,312,229,258,173,244,0,0
Wayland House 312,0,0,0,203,173,255,0,0
Wayland House 311,0,0,0,0,0,0,0,646
New Pembroke #4 301,194,466,430,0,355,339,180,686
New Pembroke #4 302,613,473,524,476,356,380,193,686
New Pembroke #4 303,621,441,422,415,342,343,0,686
New Pembroke #4 305,0,0,0,0,0,0,0,665
Wayland House 318,146,67,64,176,196,207,0,537
Diman House 206B,481,0,0,0,0,0,0,0
Grad Center D 120,593,512,529,632,555,540,0,0
Grad Center D 123,0,0,0,0,0,0,312,365
Marcy House 208,0,0,0,0,0,0,0,675
East Andrews 408,30,129,191,129,46,75,0,0
East Andrews 404,186,186,0,0,0,0,0,0
East Andrews 406,11,41,191,0,0,0,0,0
Sears House 326A,0,0,358,0,264,253,0,0
Sears House 326B,0,0,336,0,264,253,0,0
Archibald House 221,423,378,424,426,0,377,0,0
Perkins Hall 131,0,0,0,0,0,0,0,765
Archibald House 227,431,398,368,527,374,403,0,0
Perkins Hall 130,0,0,0,0,0,0,0,765
Perkins Hall 133,0,0,0,0,0,0,0,720
Perkins Hall 132,0,0,0,0,0,0,0,760
Marcy House 119,649,702,641,658,625,669,616,0
Barbour Hall Apartments 40,0,77,0,0,0,287,0,632
Perkins Hall 134,0,0,0,0,0,0,0,710
Perkins Hall 137,0,0,0,0,0,0,0,742
Hope College 120,469,0,0,0,0,0,510,571
Grad Center C 540,297,427,464,427,591,588,572,483
Gregorian Quad B 110,310,316,306,378,318,360,326,416
Morris Hall 101,332,0,0,0,0,0,0,0
Perkins Hall 118,0,0,0,0,0,0,0,757
Gregorian Quad A 611,0,0,0,0,0,0,319,219
Gregorian Quad A 612,0,0,0,0,0,0,311,43
Perkins Hall 113,0,0,0,0,0,0,0,747
Perkins Hall 117,0,0,0,0,0,0,0,745
Perkins Hall 116,0,0,0,0,0,0,0,745
Perkins Hall 115,0,0,0,0,0,0,0,735
Perkins Hall 114,0,0,0,0,0,0,0,735
Barbour Hall Apartments 160,0,358,508,0,385,479,498,679
New Pembroke #4 307,0,0,0,0,0,0,0,665
Gregorian Quad B 208,130,258,290,342,276,242,270,312
Gregorian Quad B 205,0,0,185,199,241,0,0,0
Gregorian Quad B 204,147,137,268,167,276,293,275,239,338
Grad Center B 640,413,468,230,0,403,574,515,417
Gregorian Quad B 206,85,197,185,347,239,0,235,275
Grad Center B 310,614,428,599,357,536,635,393,474
Gregorian Quad B 203,219,105,153,289,249,273,125,277
Gregorian Quad B 202,298,276,243,363,332,352,281,365
New Pembroke #2 104,462,0,661,89,384,0,0,103
New Pembroke #2 105,656,0,649,664,632,0,0,442
Morriss Hall 101,0,0,0,0,0,0,314,0
New Pembroke #2 102,656,0,649,539,448,0,0,0
New Pembroke #2 103,590,0,423,0,0,0,0,0
Young Orchard #4 420,106,124,247,124,108,93,263,127
Grad Center C 610,321,678,606,308,436,0,0,503
Everett House 124,0,0,627,0,0,0,0,0
East Andrews 358,121,127,105,106,146,72,0,0
East Andrews 356,167,186,283,168,91,118,0,0
Gregorian Quad A 501,0,0,0,0,0,0,305,314
Gregorian Quad A 503,0,0,0,0,0,0,475,0
Gregorian Quad A 502,0,0,0,0,0,0,475,378
Gregorian Quad A 505,0,0,0,0,0,0,473,378
Gregorian Quad A 504,0,0,0,0,0,0,470,0
Gregorian Quad A 507,0,0,0,0,0,0,271,266
Caswell Hall 209,539,0,0,0,533,554,525,614
Caswell Hall 206,517,521,537,529,509,494,494,578
Gregorian Quad A 508,0,0,0,0,0,0,330,251
Caswell Hall 204,538,560,543,597,531,556,517,604
Caswell Hall 205,529,561,0,579,531,530,517,608
Caswell Hall 203,0,0,0,0,0,0,0,604
Caswell Hall 201,538,493,521,579,526,519,536,604
Goddard House 233,0,0,172,0,0,0,0,0
Goddard House 232,0,0,172,443,250,355,128,701
Goddard House 231,0,0,171,0,250,324,195,625
Goddard House 230,0,0,0,0,268,274,138,663
Goddard House 236,0,0,316,0,0,0,0,0
Goddard House 235,0,0,353,0,0,0,0,0
Goddard House 234,0,0,213,0,0,0,0,0
Young Orchard #10 110,233,275,287,162,197,127,339,327
Barbour Hall Apartments 340,43,65,60,72,101,147,126,601
Caswell Hall 112,570,567,573,597,574,565,548,633
Young Orchard #4 220,0,0,132,196,108,265,215,111
Caswell Hall 111,500,494,475,0,0,503,485,629
Grad Center D 110,606,604,632,581,589,639,0,0
Minden 712,404,557,615,626,629,585,608,668
Grad Center D 112,0,0,0,0,0,0,264,312
Grad Center D 113,0,0,0,0,0,0,253,332
Grad Center D 114,0,0,0,0,0,0,0,383
Grad Center D 115,0,0,0,0,0,0,253,332
Minden 715,88,130,72,131,208,40,96,109
Sears House 317,625,683,0,639,0,619,629,659
Diman House 221,534,568,521,560,498,645,523,651
Sears House 314,625,678,0,651,0,619,629,702
Diman House 224,468,0,0,0,471,473,0,0
Sears House 312,292,252,0,420,0,257,0,0
Sears House 311,249,0,0,0,0,0,0,0
Sears House 310,267,161,0,372,0,239,0,0
Metcalf 418,289,0,242,196,0,0,0,0
Metcalf 419,289,0,174,231,0,0,0,0
Goddard House 304,641,0,605,638,0,665,596,0
Goddard House 303,360,0,349,242,0,0,111,0
Goddard House 302,641,0,629,638,0,0,596,0
Goddard House 301,641,0,629,638,0,0,617,0
Metcalf 410,200,0,263,251,0,0,0,0
Metcalf 411,200,46,256,38,0,0,0,0
Metcalf 412,271,0,225,201,0,0,0,0
Metcalf 413,289,0,263,208,0,0,0,0
Metcalf 414,301,0,278,283,0,0,0,0
Metcalf 416,179,0,221,75,0,0,0,0
Goddard House 308,566,663,472,638,475,653,596,0
New Pembroke #3 302,0,0,0,0,0,0,0,723
Grad center A 331,0,0,0,0,0,0,0,329
Grad center A 333,0,0,0,0,0,0,0,329
Grad center A 332,0,0,0,0,0,0,0,329
Grad center A 335,0,0,0,0,0,0,0,334
Grad center A 334,0,0,0,0,0,0,0,236
Mead House 203,327,0,0,0,0,0,0,0
Mead House 204,327,413,621,557,414,454,0,0
Woolley 416,0,329,329,422,329,154,116,0
Woolley 415,456,354,329,373,305,154,141,0
Machado 315,0,0,0,630,0,0,0,0
Woolley 419,438,354,329,351,305,314,61,0
Woolley 418,438,354,329,351,253,154,85,0
Woolley 329,455,140,207,323,203,0,85,0
Woolley 323,377,384,337,412,329,0,148,0
Olney House 224,345,0,214,306,0,0,0,0
Emery 120,429,260,10,24,51,171,35,0
New Pembroke #4 421,626,444,638,461,366,354,0,694
New Pembroke #4 423,630,444,638,461,346,354,182,694
New Pembroke #4 425,592,444,433,461,365,354,156,667
New Pembroke #4 427,592,259,442,482,366,139,181,667
New Pembroke #4 426,593,447,638,461,366,367,197,667
Marcy House 321,602,664,618,634,624,532,605,0
Marcy House 325,602,542,598,652,629,667,618,0
Marcy House 328,0,0,0,391,0,0,0,0
Marcy House 329,0,0,0,380,0,0,0,0
Wayland House 301,0,0,0,0,0,0,0,645
Wayland House 303,0,0,0,0,0,0,0,645
Wayland House 304,89,296,262,254,179,233,0,0
Wayland House 305,0,0,0,0,0,0,0,645
Wayland House 307,0,0,0,0,0,0,0,646
King House 107,653,0,0,0,0,0,0,0
315 Thayer 210,0,0,0,0,0,0,0,49
King House 103,653,0,0,0,0,0,0,0
Chapin House 114B,0,318,218,431,310,280,0,0
Chapin House 114A,0,403,218,431,304,0,0,0
Marcy House 219,645,676,642,652,637,0,605,744
Marcy House 215,242,0,128,0,0,0,0,674
Marcy House 213,175,0,0,0,0,0,0,0
Marcy House 210,0,0,0,0,0,0,0,674
New Pembroke #4 201,0,0,0,0,0,0,0,720
Grad Center D 341,0,0,0,0,0,0,222,214
New Pembroke #4 203,0,0,0,0,0,0,0,685
New Pembroke #4 205,0,0,0,0,0,0,0,685
West Andrews 459,77,199,205,188,74,92,0,0
New Pembroke #4 207,0,0,0,0,0,0,0,685
New Pembroke #4 209,582,405,413,337,330,122,85,557
West Andrews 455,0,160,154,25,107,92,0,0
Hegeman D111,340,359,319,309,353,0,325,272
West Andrews 457,77,66,151,25,107,92,0,0
West Andrews 453,0,160,239,185,126,113,0,0
Grad Center D 342,0,0,0,0,0,0,183,115
New Pembroke #1 406,514,522,611,572,510,507,472,103
Woolley 207,426,0,0,349,333,258,93,0
Young Orchard #2 120,316,295,209,0,0,438,361,331
New Pembroke #1 405,498,502,0,511,518,480,461,70
Grad Center C 530,365,484,411,379,434,0,0,373
Grad Center D 145,0,0,0,0,0,0,370,204
Hope College 220,0,0,0,0,0,0,555,595
Perkins Hall 128,0,0,0,0,0,0,0,769
Perkins Hall 126,0,0,0,0,0,0,0,759
Grad Center C 440,387,503,361,446,564,543,404,462
Perkins Hall 125,0,0,0,0,0,0,0,759
Perkins Hall 122,0,0,0,0,0,0,0,760
Perkins Hall 123,0,0,0,0,0,0,0,739
Perkins Hall 121,0,0,0,0,0,0,0,739
Olney House 123,0,0,0,411,0,0,0,0
Olney House 122,0,0,0,411,0,0,0,0
Olney House 121,0,0,0,411,0,0,0,0
Olney House 124,0,0,0,411,0,0,0,0
East Andrews 210,0,64,157,143,146,118,0,0
East Andrews 214,670,681,680,415,651,0,0,0
Caswell Hall 211,0,0,0,0,526,513,525,612
Wayland House 400A,253,264,372,330,331,324,0,579
Wayland House 400B,302,400,415,410,301,560,0,589
Caswell Hall 212,539,556,522,584,533,513,525,622
Grad center A 612,0,0,0,0,0,0,0,424
Grad center A 613,0,0,0,0,0,0,0,424
Young Orchard #4 430,129,134,234,191,138,378,240,161
Gregorian Quad B 304,230,117,194,235,289,271,254,322
Gregorian Quad B 305,281,303,0,0,0,0,104,308
Gregorian Quad B 306,109,117,136,314,214,222,254,74
Gregorian Quad B 307,261,153,99,122,370,263,265,114
Gregorian Quad B 301,257,309,138,336,280,310,293,0
Gregorian Quad B 302,291,248,307,336,344,283,293,377
Gregorian Quad B 303,165,290,206,235,293,213,103,373
Barbour Hall Apartments 170,623,338,333,399,298,529,429,687
Gregorian Quad B 308,154,92,0,350,267,244,265,164
East Andrews 322,108,122,98,69,37,55,0,0
Young Orchard #10 340,190,109,188,275,136,391,0,189
Diman House 329A,476,0,469,528,497,515,0,0
Diman House 329B,476,476,471,528,497,515,0,0
Goddard House 227,643,711,631,643,623,665,554,698
Goddard House 221,290,0,0,256,0,0,0,0
Goddard House 223,643,696,631,643,623,666,554,691
Goddard House 229,0,0,0,0,268,259,178,663
Young Orchard #10 120,225,267,287,237,188,127,345,329
Littlefield Hall 211,0,0,0,0,0,0,546,586
Littlefield Hall 212,0,0,0,0,0,0,546,606
Gregorian Quad A 408,396,621,227,329,341,598,534,106
Gregorian Quad A 409,173,424,420,625,445,598,534,454
Gregorian Quad A 401,143,270,286,307,337,98,344,399
Gregorian Quad A 402,279,244,258,344,322,325,277,372
Gregorian Quad A 403,284,313,305,239,322,306,272,372
Gregorian Quad A 404,279,144,212,344,246,325,295,295,348,350
Gregorian Quad A 405,104,32,189,135,122,102,136,82
Gregorian Quad A 406,178,291,0,149,293,292,295,187
Gregorian Quad A 407,293,313,227,329,341,340,301,405
Caswell Hall 105,559,572,558,544,545,561,516,629
Caswell Hall 104,570,565,568,589,522,556,573,633
Caswell Hall 107,562,545,545,582,571,565,548,618
Caswell Hall 106,564,545,545,589,525,561,548,618
Caswell Hall 101,544,568,570,602,522,532,536,632
Caswell Hall 103,564,565,568,589,522,556,536,633
Caswell Hall 102,0,497,467,544,492,499,482,573
Caswell Hall 109,562,597,573,579,571,565,521,597
Young Orchard #4 230,64,102,183,143,119,237,231,81
Champlin 406,459,142,356,0,0,0,0,0
Diman House 215,635,652,583,591,642,646,593,731
Diman House 217,534,643,583,618,583,624,593,660
Gregorian Quad A 310,0,204,255,7,278,290,151,337
Gregorian Quad A 311,126,0,198,303,325,317,346,346
Gregorian Quad A 312,288,259,107,299,279,262,313,380
Gregorian Quad A 313,98,0,0,74,259,159,100,62
Sears House 304,625,674,628,642,617,0,0,0
Sears House 307,625,683,634,651,593,666,0,0
Sears House 114B,357,238,0,174,163,263,98,0
Sears House 301,587,674,634,642,630,0,0,0
Sears House 302,644,674,634,642,630,0,0,0
Sears House 114A,0,213,0,341,0,8,161,0
Goddard House 318,354,325,348,242,209,345,134,675
Goddard House 319,354,294,0,0,244,146,128,575
Goddard House 310,350,325,348,404,250,346,148,0
Goddard House 312,347,285,170,361,262,0,0,0
Goddard House 313,347,0,210,407,262,344,129,640
Goddard House 314,347,325,348,361,262,346,129,640
Goddard House 315,347,262,292,378,282,344,129,640
Goddard House 316,354,325,292,242,209,267,108,640
Goddard House 317,354,318,348,369,209,344,129,675
Emery 201,430,220,22,447,300,171,133,0
Emery 207,342,45,0,125,34,80,8,0
Emery 204,391,261,94,212,254,186,133,0
Young Orchard #2 340,79,113,75,84,53,93,107,58
Sears House 400A,287,500,125,517,0,537,273,649
Sears House 400B,0,0,0,0,0,527,398,587
Mead House 231,274,210,0,383,381,365,0,0
Woolley 406,375,329,337,373,329,314,141,0
Machado 326,0,0,0,666,0,0,0,0
Machado 321,0,0,0,273,0,0,0,0
Machado 320,0,0,0,288,0,0,0,0
Machado 322,0,0,0,288,0,0,0,0
Grad Center D 411,0,0,0,0,0,0,216,30
Grad Center D 410,514,546,535,552,548,512,0,0
Grad Center D 413,0,0,0,0,0,0,341,158
Grad Center D 412,0,0,0,0,0,0,345,299
Grad Center D 415,0,0,0,0,0,0,212,152
Grad Center D 414,0,0,0,0,0,0,367,152
Marcy House 400A,561,582,0,362,532,508,507,678
Marcy House 400B,554,587,446,277,512,516,499,680
Emery 117,440,249,342,272,232,171,101,0
Grad center A 132,0,0,0,0,0,0,0,277
Mead House 304,405,0,0,0,414,413,0,0
New Pembroke #4 323,592,444,449,364,362,319,175,651
New Pembroke #4 320,450,209,0,415,326,96,22,542
New Pembroke #4 321,592,444,416,0,0,319,177,651
New Pembroke #4 326,622,445,448,467,362,348,194,651
New Pembroke #4 327,592,445,419,467,362,348,177,642
New Pembroke #4 325,589,444,429,364,361,319,173,616
Archibald House 422,492,434,602,540,412,456,0,0
New Pembroke #4 217,597,405,402,326,330,122,38,616
New Pembroke #4 215,0,0,0,0,0,0,0,704
New Pembroke #4 213,0,0,0,0,0,0,0,736
New Pembroke #4 219,595,405,412,326,306,122,38,0
Metcalf 317,172,184,256,218,174,253,0,0
Metcalf 316,196,0,192,218,180,289,0,0
Metcalf 315,172,0,95,197,150,168,0,0
Metcalf 314,311,0,182,218,199,168,0,0
Metcalf 313,256,0,95,94,150,243,0,0
Metcalf 312,0,0,95,110,199,162,0,0
Metcalf 311,172,184,35,94,201,249,0,0
Metcalf 310,208,172,31,198,237,321,0,0
Hope College 420,0,0,0,0,0,0,545,567
Young Orchard #2 110,0,300,0,389,205,424,349,352
Metcalf 318,311,0,57,218,180,321,0,0
Harkness House 117,575,0,0,0,0,0,607,0
Barbour Hall Apartments 60,377,457,324,316,600,350,323,600
Harkness House 113,575,0,0,0,0,0,0,0
Poland House 319,221,318,204,105,242,296,0,0
Perkins Hall 119,0,0,0,0,0,0,0,757
Grad Center C 520,365,580,0,0,423,0,533,473
Grad Center A 610,379,410,377,0,0,0,396,0
Metcalf 222,183,93,0,0,0,300,0,0
Metcalf 220,78,13,0,0,0,103,0,0
Metcalf 225,231,0,0,0,0,275,0,0
Metcalf 224,0,0,0,0,0,103,0,0
Gregorian Quad A 307,89,206,82,95,216,144,151,325
New Pembroke #1 204,533,0,562,551,502,542,481,0
New Pembroke #1 205,497,483,463,498,490,483,477,0
New Pembroke #1 206,533,491,557,510,508,507,483,103
Gregorian Quad A 304,201,229,237,249,294,332,252,97
New Pembroke #1 201,661,677,586,659,619,587,606,429
New Pembroke #1 202,525,482,470,491,502,474,479,0
Perkins Hall 136,0,0,0,0,0,0,0,757
Perkins Hall 139,0,0,0,0,0,0,0,742
Perkins Hall 138,0,0,0,0,0,0,0,742
Gregorian Quad A 302,288,304,251,338,295,318,285,370
Gregorian Quad A 301,136,139,253,180,288,180,213,310
Young Orchard #2 240,65,0,73,113,77,128,82,120
New Pembroke #3 210,0,0,0,0,0,0,0,748
Barbour Hall 205,0,536,541,599,596,663,574,730
Caswell Hall 210,494,521,514,0,0,0,0,0
East Andrews 208,0,4,139,78,97,62,0,0
Poland House 224,654,0,0,0,0,0,0,0
East Andrews 206,103,42,139,63,97,62,0,0
East Andrews 204,2,59,206,0,146,125,0,0
Grad Center A 320,72,0,0,0,0,390,0,0
Grad center A 623,0,0,0,0,0,0,0,223
Grad center A 622,0,0,0,0,0,0,0,421
Grad center A 621,0,0,0,0,0,0,0,194
Grad center A 626,0,0,0,0,0,0,0,172
Grad center A 625,0,0,0,0,0,0,0,172
Grad center A 624,0,0,0,0,0,0,0,172
Grad Center B 440,372,332,591,541,590,387,470,395
Olney House 225,0,0,0,462,0,0,0,0
Grad Center B 110,611,612,645,613,609,341,414,450
Olney House 227,0,0,0,423,0,0,0,0
Olney House 221,0,0,214,366,0,0,0,621
Olney House 222,206,0,214,366,0,0,0,701
Olney House 223,302,0,214,366,0,0,0,0
Wayland House 337,215,0,0,0,0,246,0,0
Gregorian Quad B 310,145,120,288,350,243,245,308,114
Wayland House 230,137,156,211,192,149,87,0,0
Morris Hall 120,37,56,0,0,0,0,0,0
Barbour Hall Apartments 290,436,576,309,445,0,596,373,694
Miller 122,501,0,0,615,621,227,0,0
Miller 121,650,658,0,615,538,622,0,0
Miller 124,646,658,0,666,193,0,0,0
Littlefield Hall 209,0,0,0,0,0,0,581,606
Littlefield Hall 208,0,0,0,0,0,0,546,586
Littlefield Hall 207,0,0,0,0,0,0,546,634
Littlefield Hall 205,0,0,0,0,0,0,587,624
Wayland House 237,234,273,273,216,198,231,0,0
Littlefield Hall 202,0,0,0,0,0,0,587,624
Littlefield Hall 201,0,0,0,0,0,0,551,606
Gregorian Quad A 411,14,0,107,58,56,4,105,64
Gregorian Quad A 410,416,621,595,513,386,598,580,449
Young Orchard #4 240,100,95,142,224,124,380,227,0
Grad center A 135,0,0,0,0,0,0,0,432
Grad center A 134,0,0,0,0,0,0,0,379
Grad center A 133,0,0,0,0,0,0,0,379
Gregorian Quad B 207,49,125,228,107,264,148,291,312
Grad center A 131,0,0,0,0,0,0,0,277
Gregorian Quad B 201,306,247,238,374,332,298,276,365
Diman House 202,601,0,0,0,0,0,0,0
Gregorian Quad A 306,73,139,112,297,233,288,0,257
Gregorian Quad A 305,0,31,96,115,147,82,72,97
Diman House 201,601,0,0,0,0,0,0,0
Gregorian Quad A 303,191,235,244,310,274,328,348,370
Diman House 207,571,0,0,0,0,0,0,0
Diman House 204,601,0,0,0,0,0,0,0
Sears House 330,0,0,600,0,629,537,626,0
Diman House 208,525,0,0,0,0,0,0,0
Gregorian Quad A 309,75,311,106,303,325,339,347,380
Gregorian Quad A 308,89,253,240,0,0,180,252,0
Chapin House 220,0,0,341,0,0,0,0,0
Metcalf 320,0,0,35,116,170,61,0,0
Chapin House 229,0,0,0,0,0,676,612,0
Chapin House 228,0,0,0,0,0,0,639,0
Emery 217,431,224,0,0,326,294,49,0
Grad Center D 314,0,0,0,0,0,0,354,174
Grad Center D 315,0,0,0,0,0,0,221,135
Grad Center D 312,0,0,0,0,0,0,218,367
Grad Center D 313,0,0,0,0,0,0,0,232
Grad Center D 310,547,543,559,568,523,522,0,0
Grad Center D 311,0,0,0,0,0,0,152,168
Minden 412,389,563,544,637,584,584,624,648
Minden 415,508,298,398,426,372,311,456,124
Mead House 223,244,326,0,342,381,315,0,0
Grad center A 315,0,0,0,0,0,0,0,159
Grad center A 314,0,0,0,0,0,0,0,247
Mead House 227,368,375,453,500,386,378,0,0
Grad center A 312,0,0,0,0,0,0,0,394
Mead House 225,368,375,0,0,0,378,0,0
Mead House 229,329,375,453,395,386,378,0,0
Gregorian Quad A 201,125,232,276,361,319,338,310,384
Emery 101,430,208,0,0,0,0,166,0
Emery 104,429,241,342,436,232,0,133,0
Emery 107,342,96,0,0,0,105,7,0
Grad center A 313,0,0,0,0,0,0,0,198
Grad center A 311,0,0,0,0,0,0,0,343
Wayland House 212,0,225,219,189,188,192,0,0
Wayland House 213,185,225,242,207,191,212,0,0
Wayland House 218,195,247,0,0,0,50,0,0
Poland House 418,0,0,0,0,359,458,0,0
Metcalf 304,158,0,19,39,99,130,0,0
Metcalf 306,158,0,140,187,92,286,0,0
Metcalf 300,117,0,19,33,12,130,0,0
Metcalf 301,182,0,35,20,172,0,0,0
Metcalf 302,262,0,79,181,237,333,0,0
Metcalf 308,203,0,160,210,92,286,0,0
Metcalf 309,227,172,175,80,182,202,0,0
Grad Center C 510,361,609,408,381,339,651,576,481
Machado 239,0,0,0,0,0,0,616,0
Grad Center A 130,632,649,640,610,587,644,332,0
New Pembroke #2 305,0,0,513,486,0,0,0,95
Grad Center A 620,0,693,608,609,388,582,426,0
Perkins Hall 14,0,0,0,0,0,0,0,755
Grad Center B 610,388,698,392,554,0,0,0,0
Caswell Hall 208,544,532,537,584,555,530,548,608
Grad Center A 310,477,393,592,536,560,568,356,0
New Pembroke #1 305,498,489,546,533,516,463,490,0
New Pembroke #1 304,491,516,0,0,0,0,0,103
New Pembroke #1 307,535,498,655,553,534,495,492,79
New Pembroke #1 306,518,495,601,569,517,507,496,79
New Pembroke #1 301,661,677,643,0,619,599,519,533
Young Orchard #4 410,112,171,247,217,133,93,308,140
New Pembroke #1 302,514,492,519,0,504,481,480,41
Gregorian Quad A 509,0,0,0,0,0,0,500,396
Grad Center C 640,321,0,587,398,428,573,0,463
Caswell Hall 207,0,0,0,0,509,530,504,578
Olney House 213,0,681,624,653,636,627,0,714
Olney House 214,0,681,447,348,613,620,417,0
Olney House 217,0,661,624,653,636,0,0,704
Grad Center B 120,624,613,646,612,609,638,414,0
Hegeman D404,300,317,314,339,360,307,325,288
Hegeman D403,300,317,314,339,351,307,325,282
Barbour Hall Apartments 110,351,242,368,0,0,0,0,0
East Andrews 306,23,11,39,40,89,72,0,0
East Andrews 304,119,205,187,161,89,83,0,0
East Andrews 308,36,27,176,106,46,58,0,0
Barbour Hall Apartments 280,373,435,548,267,488,575,552,690
Young Orchard #10 430,252,239,162,118,184,405,331,180
Grad Center B 540,408,408,560,451,529,589,424,398
Grad center A 214,0,0,0,0,0,0,0,424
Grad Center C 240,559,586,345,594,567,608,570,515
Barbour Hall Apartments 350,551,549,655,516,519,603,531,752
Grad Center D 546,0,0,0,0,0,0,355,330
Grad Center D 545,0,0,0,0,0,0,355,357
Grad Center D 544,0,0,0,0,0,0,251,229
Grad Center D 543,0,0,0,0,0,0,355,169
Grad Center D 542,0,0,0,0,0,0,290,169
Grad Center D 541,0,0,0,0,0,0,268,182
Grad Center D 540,545,610,525,563,547,546,0,0
Littlefield Hall 307,0,0,0,0,0,0,587,0
Littlefield Hall 305,0,0,0,0,0,0,587,0
Littlefield Hall 302,0,0,0,0,0,0,587,0
Littlefield Hall 301,0,0,0,0,0,0,601,0
Littlefield Hall 308,0,0,0,0,0,0,591,0
Littlefield Hall 309,0,0,0,0,0,0,591,0
Sears House 327,0,0,0,0,151,238,91,0
Sears House 324,0,0,0,0,0,0,0,658
Sears House 323,0,0,0,0,0,636,0,658
Sears House 320,0,313,0,0,0,0,0,0
Sears House 321,0,313,0,0,0,0,0,579
Grad Center D 143,0,0,0,0,0,0,375,427
Grad Center D 142,0,0,0,0,0,0,300,427
Grad Center D 140,511,607,0,632,556,536,0,0
Sears House 328,0,0,639,0,629,656,626,0
Grad Center D 144,0,0,0,0,0,0,300,221
Chapin House 217,461,0,648,650,641,669,633,712
Chapin House 214,0,691,648,656,616,564,596,652
Chapin House 212,0,0,389,0,0,0,0,0
Chapin House 213,649,733,648,671,641,564,596,696
111 Brown Street 301,622,667,504,629,530,510,554,590
Minden 407,235,192,254,255,60,366,302,196
Minden 406,363,374,323,484,0,0,0,305
Grad Center D 321,0,0,0,0,0,0,255,155
Grad Center D 320,589,652,566,603,602,591,0,0
Minden 402,434,641,520,455,563,576,506,591
Grad Center D 325,0,0,0,0,0,0,336,274
Grad Center D 324,0,0,0,0,0,0,221,192
Sears House 223,639,691,594,651,0,0,0,677
Sears House 222,258,315,0,373,181,0,0,0
Sears House 221,111,245,103,305,0,0,0,0
Sears House 220,266,0,164,373,181,0,0,0
Minden 409,3,1,0,5,11,2,0,0
Sears House 224,588,679,594,0,0,0,0,0
Diman House 309,0,0,0,0,474,503,0,556
Diman House 308,0,548,521,601,578,524,0,0
Woolley 429,401,0,66,351,203,173,57,0
Diman House 302,0,602,574,601,0,0,0,0
Diman House 301,0,602,574,601,0,0,0,0
Diman House 307,0,548,521,601,580,524,0,0
Woolley 423,414,354,337,355,305,314,61,0
Diman House 304,0,608,517,0,0,0,0,0
Grad Center D 435,0,0,0,0,0,0,327,165
Grad Center D 434,0,0,0,0,0,0,359,68
Grad Center D 433,0,0,0,0,0,0,267,68
Grad Center D 432,0,0,0,0,0,0,344,68
Grad Center D 431,0,0,0,0,0,0,359,68
Grad Center D 430,526,578,559,555,0,533,0,0
Mead House 103,528,381,633,0,0,0,0,0
Mead House 109,583,381,439,489,0,372,0,0
Marcy House 241,0,0,0,0,0,0,602,0
Marcy House 242,0,0,0,0,0,0,602,0
Caswell Hall 110,530,570,477,602,524,503,521,597
Harkness House 326A,0,481,457,523,497,520,0,0
Harkness House 326B,0,480,474,526,497,521,0,0
Wayland House 223,0,0,0,9,0,0,0,0
Poland House 424,506,411,0,0,419,449,0,0
Slater Hall 406,528,605,564,527,414,337,408,402
Slater Hall 405,502,605,245,526,394,337,473,388
Slater Hall 404,402,438,513,345,248,356,400,388
Slater Hall 403,189,605,410,519,154,132,417,292
Slater Hall 402,285,320,491,515,154,132,412,302
Slater Hall 401,285,299,325,345,364,322,337,402
Poland House 338,387,349,346,490,372,0,0,0
Poland House 336,387,349,346,454,372,401,0,0
Poland House 334,387,228,346,454,372,362,0,0
Poland House 332,221,228,208,194,242,0,0,0
Chapin House 306B,0,403,0,0,0,0,0,0
Chapin House 306A,0,403,0,0,0,0,0,0
Metcalf 209,272,202,0,0,0,103,0,0
Metcalf 208,273,119,0,0,0,160,0,0
Metcalf 204,115,15,0,0,0,89,0,0
Metcalf 206,278,49,0,0,0,160,0,0
Metcalf 201,101,39,0,0,0,103,0,0
Metcalf 200,80,26,0,0,0,89,0,0
Metcalf 203,101,78,0,0,0,103,0,0
Metcalf 202,80,193,0,0,0,270,0,0
Chapin House 326A,0,385,400,0,335,389,199,0
Chapin House 326B,0,385,431,0,335,423,162,0
Poland House 202,369,335,495,478,370,375,0,0
East Andrews 220,26,52,223,136,36,26,0,0
East Andrews 222,42,50,89,67,36,46,0,0
Poland House 206,0,0,0,450,391,429,0,0
Poland House 207,0,340,49,349,358,0,0,0
Poland House 204,369,335,177,449,391,419,0,0
Poland House 205,388,377,391,449,0,419,0,0
Olney House 113,0,691,637,660,596,667,633,714
Poland House 208,399,377,434,466,391,429,0,0
Olney House 116,0,0,0,0,0,586,0,714
Olney House 117,0,691,637,657,610,673,643,714
Grad Center A 540,355,439,608,469,283,489,371,0
New Pembroke #1 315,535,745,643,659,619,590,519,407
Grad Center B 420,378,0,565,566,384,606,538,354
Barbour Hall Apartments 120,595,392,376,565,367,640,586,654
East Andrews 314,0,0,0,661,670,0,0,0
East Andrews 310,108,0,166,171,89,118,0,0
Jameson House 125,524,434,557,0,0,0,0,0
Diman House 228,0,0,0,0,0,595,0,0
Chapin House 117,636,706,648,657,646,676,633,713
Miller 108,167,0,0,100,186,175,0,0
Chapin House 113,636,733,656,672,646,0,0,716
Grad Center D 111,0,0,0,0,0,0,256,366
Miller 105,305,250,0,265,48,110,0,0
Miller 100,152,0,0,265,237,165,0,0
Miller 102,167,0,0,289,0,188,0,0
Barbour Hall Apartments 250,558,642,621,402,507,557,509,741
Barbour Hall Apartments 380,617,626,561,581,563,611,561,695
Grad center A 145,0,0,0,0,0,0,0,336
Goddard House 342,612,0,0,0,0,0,606,0
Goddard House 340,315,0,0,0,0,0,0,0
Goddard House 347,633,0,0,0,0,0,0,0
Goddard House 346,633,0,0,0,0,0,0,0
Goddard House 345,315,0,0,0,0,0,0,0
Sears House 313,609,678,0,639,0,619,629,702
Goddard House 348,633,0,0,0,0,0,0,0
Littlefield Hall 311,0,0,0,0,0,0,591,0
Littlefield Hall 312,0,0,0,0,0,0,562,0
Diman House 226,0,0,0,503,470,488,0,0
Diman House 227,0,652,0,558,498,0,0,0
Grad center A 345,0,0,0,0,0,0,0,258
Grad center A 346,0,0,0,0,0,0,0,258
Grad center A 341,0,0,0,0,0,0,0,177
Grad center A 342,0,0,0,0,0,0,0,394
Grad center A 343,0,0,0,0,0,0,0,354
Grad Center D 334,0,0,0,0,0,0,0,276
Grad Center D 335,0,0,0,0,0,0,0,262
Grad Center D 330,542,564,0,0,0,0,0,0
Grad Center D 331,0,0,0,0,0,0,0,248
Grad Center D 332,0,0,0,0,0,0,0,248
Grad Center D 333,0,0,0,0,0,0,0,110
Sears House 230,630,660,639,0,611,595,0,0
Diman House 310,0,0,437,507,0,492,0,546
Diman House 311,0,0,461,508,483,505,455,561
Diman House 312,478,0,465,512,485,525,487,0
Diman House 315,635,661,588,621,633,0,615,744
Diman House 317,541,589,574,620,585,624,558,704
Grad Center D 420,505,564,530,530,543,505,0,0
Grad Center D 421,0,0,0,0,0,0,334,141
Grad Center D 422,0,0,0,0,0,0,334,315
Grad Center D 423,0,0,0,0,0,0,334,211
Grad Center D 424,0,0,0,0,0,0,298,238
Grad Center D 425,0,0,0,0,0,0,334,380
Minden 508,344,308,339,440,359,440,369,376
Minden 506,344,344,339,490,359,498,350,305
Minden 507,363,344,328,319,371,145,131,562
Minden 405,7,0,0,0,0,49,0,0
Minden 505,0,0,0,0,0,65,9,0
Minden 502,520,620,518,463,585,597,524,619
Minden 501,499,333,482,431,401,407,377,252
Gregorian Quad B 403,0,416,375,617,441,352,556,394
Gregorian Quad B 402,0,636,375,270,441,464,556,465
Gregorian Quad B 401,0,684,494,617,488,601,566,481
Gregorian Quad B 405,381,279,613,646,0,601,575,0
Gregorian Quad B 404,317,310,289,393,346,359,0,0
Mead House 113,530,381,439,465,407,426,0,0
Wayland House 346,215,287,181,213,102,220,0,537
Wayland House 343,0,0,0,0,0,0,0,650
Wayland House 348,0,0,0,0,0,0,0,639
Minden 212,276,448,585,598,620,625,620,638
Archibald House 418,413,295,440,392,399,443,0,0
Minden 215,389,307,437,354,261,487,424,123
Hegeman B106,0,306,0,0,0,0,0,0
Hegeman B107,337,293,298,293,256,326,0,0
Hegeman B104,346,352,298,293,355,330,0,0
Hegeman B105,346,681,626,645,456,634,0,0
315 Thayer 440,0,0,0,0,0,0,94,0
West Andrews 257,171,108,118,1,132,76,0,0
West Andrews 255,139,114,0,153,72,76,0,0
West Andrews 253,0,179,137,160,158,108,0,0
Barbour Hall Apartments 30,635,657,362,551,569,658,594,645
Wayland House 232,137,215,0,0,176,87,0,0
West Andrews 259,192,167,0,186,157,76,0,0
Bronson House 409,460,379,537,0,0,0,0,0
315 Thayer 140,0,0,0,0,0,0,132,134
Grad center A 142,0,0,0,0,0,0,0,336
Metcalf 324,41,0,57,128,80,134,0,0
Metcalf 325,216,0,158,211,106,245,0,0
Metcalf 322,216,93,57,128,180,164,0,0
Metcalf 323,216,184,57,209,174,248,0,0
Bronson House 406,0,433,650,0,408,573,0,0
Perkins Hall 215,0,0,0,0,0,0,0,718
Perkins Hall 216,0,0,0,0,0,0,0,776
Grad center A 141,0,0,0,0,0,0,0,102
New Pembroke #2 304,0,0,661,486,0,0,0,95
Miller 118,29,0,0,263,193,227,0,0
Poland House 321,389,349,368,490,372,362,0,0
Poland House 323,361,349,444,483,357,362,0,0
Poland House 325,361,349,403,490,357,362,0,0
Poland House 324,398,349,445,0,0,0,0,0
Poland House 327,361,349,360,321,353,296,0,0
Metcalf 212,61,37,0,0,0,153,0,0
Metcalf 210,273,49,0,0,0,160,0,0
Metcalf 211,228,75,0,0,0,153,0,0
Metcalf 216,309,68,0,0,0,37,0,0
Metcalf 217,294,175,0,0,0,270,0,0
Metcalf 214,61,69,0,0,0,200,0,0
Metcalf 215,221,54,0,0,0,198,0,0
Metcalf 218,286,0,0,0,0,295,0,0
111 Brown Street 302,620,667,504,629,530,609,554,596
East Andrews 256,0,0,0,71,58,67,0,0
Poland House 216,654,0,0,714,0,0,0,0
Poland House 210,232,330,338,349,397,362,0,0
East Andrews 258,95,148,195,133,98,118,0,0
Grad Center B 630,401,667,266,545,403,643,557,440
Grad Center C 310,409,632,317,423,409,618,541,0
Hegeman E114,0,30,70,44,30,88,0,0
Hegeman E115,0,0,0,0,0,0,0,42
Hegeman E116,102,305,205,292,297,133,208,197
Hegeman E112,320,363,312,326,303,326,342,260
Hegeman E113,275,288,0,244,315,301,340,401
Hegeman A103,346,355,298,340,360,0,0,396
Hegeman A102,24,0,77,85,42,0,0,24
Hegeman A101,142,254,298,8,117,0,0,98
Barbour Hall Apartments 130,322,302,224,322,352,104,319,605
Grad center A 144,0,0,0,0,0,0,0,336
Miller 110,167,0,0,100,116,0,0,0
Miller 117,269,0,0,134,194,0,0,0
Grad center A 143,0,0,0,0,0,0,0,336
Miller 115,259,0,0,0,0,161,0,0
Miller 114,19,0,0,0,0,22,0,0
New Pembroke #2 306,0,0,660,664,0,0,0,0
New Pembroke #2 307,0,0,478,415,0,0,0,32
Miller 119,269,0,0,32,0,227,0,0
Young Orchard #10 410,248,150,260,159,142,398,0,302
New Pembroke #2 302,0,0,0,574,0,0,0,95
New Pembroke #2 303,0,0,395,468,0,0,0,90
New Pembroke #2 301,0,0,395,415,0,0,0,89
Olney House 309,0,0,0,0,0,225,0,0
Barbour Hall Apartments 240,68,0,80,120,10,167,88,585
Minden 408,395,306,323,544,607,225,584,288,379
Grad Center B 410,0,449,596,616,506,580,0,421
Grad Center B 140,621,623,650,608,613,638,579,0
Gregorian Quad B 405C,32,98,51,17,2,17,30,1
Gregorian Quad B 405B,62,74,51,45,32,10,33,2
Gregorian Quad B 405A,46,113,51,81,132,0,66,18
Gregorian Quad B 405F,62,120,62,55,114,100,64,0
Gregorian Quad B 405E,84,163,78,167,140,123,76,75
Gregorian Quad B 405D,84,163,74,163,140,121,80,75
Jameson House 225,476,416,493,382,419,587,0,0
Barbour Hall Apartments 390,568,436,401,421,0,0,0,695
Grad Center C 220,578,586,604,600,567,630,517,0
Gregorian Quad B 404B,0,0,0,0,0,0,0,44
Grad Center D 525,0,0,0,0,0,0,268,156
Grad Center D 524,0,0,0,0,0,0,112,266
Grad Center D 526,0,0,0,0,0,0,239,434
Grad Center D 521,0,0,0,0,0,0,146,181
Grad Center D 520,560,596,489,563,552,558,0,0
Grad Center D 523,0,0,0,0,0,0,268,434
Grad Center D 522,0,0,0,0,0,0,112,423
Gregorian Quad B 404C,0,0,0,0,0,0,0,85
Grad Center C 130,0,0,659,0,0,357,352,218
Grad Center D 631,0,0,0,0,0,0,338,339
Grad Center D 630,546,544,584,0,599,571,0,0
Grad Center D 633,0,0,0,0,0,0,338,190
Grad Center D 632,0,0,0,0,0,0,338,228
Grad Center D 635,0,0,0,0,0,0,338,190
Grad Center D 634,0,0,0,0,0,0,338,347
Morriss Hall 401,0,0,509,368,510,563,478,0
Diman House 325,0,0,446,495,0,0,0,0
Diman House 327,585,577,555,606,578,524,0,0
Diman House 326,0,0,0,0,478,486,0,0
Diman House 321,585,589,588,621,585,555,558,639
Diman House 323,0,0,460,509,0,0,0,0
Diman House 328,585,577,555,606,578,551,0,0
Chapin House 301,0,694,0,0,0,0,0,0
Chapin House 302,0,725,0,0,0,0,0,0
Chapin House 303,0,403,0,0,0,0,0,0
Chapin House 304,0,725,0,0,0,0,0,0
Chapin House 307,0,680,0,0,0,0,0,0
Chapin House 308,0,728,0,0,0,0,0,0
Chapin House 309,389,0,0,0,0,0,0,0
Littlefield Hall 105,0,0,0,0,0,0,600,624
Littlefield Hall 107,0,0,0,0,0,0,601,610
Littlefield Hall 101,0,0,0,0,0,0,528,610
Littlefield Hall 102,0,0,0,0,0,0,569,634
Gregorian Quad A 408A,0,0,0,625,431,0,0,0
Gregorian Quad A 408C,97,73,85,62,122,0,68,59
Gregorian Quad A 408B,35,90,45,43,83,0,68,38
Gregorian Quad A 408E,58,73,53,64,28,0,68,50
Gregorian Quad A 408D,0,73,20,0,0,0,0,37
Gregorian Quad A 408F,0,0,20,625,541,603,592,454
Minden 513,344,411,505,440,343,399,357,300
Minden 512,348,581,556,657,597,625,543,648
Grad center A 213,0,0,0,0,0,0,0,382
Sears House 113,644,685,0,653,635,666,634,693
Sears House 117,628,685,0,653,635,0,0,702
Grad center A 215,0,0,0,0,0,0,0,404
Minden 201,353,429,414,365,380,386,383,0
Minden 202,514,500,330,0,0,0,503,626
Minden 205,0,0,17,19,0,21,0,9
Minden 207,239,277,147,392,14,386,235,119
Minden 206,413,374,281,301,0,408,284,297
Minden 209,0,7,5,15,3,5,4,8
Minden 208,324,284,0,428,200,550,0,297
Hope College 416,0,0,0,0,0,0,459,560
Hope College 417,0,0,0,0,0,0,595,595
Hope College 414,218,162,358,293,210,209,458,560
Hope College 415,0,0,0,0,0,0,595,636
Hegeman B205,318,246,532,335,383,215,0,0
Hegeman B204,318,246,299,317,292,281,0,0
Hegeman B207,301,293,299,8,273,431,287,0
Hegeman B206,303,289,0,8,228,281,0,0
Gregorian Quad A 410D,28,112,62,98,39,59,50,51
Minden 608,330,367,357,573,199,539,322,0
Hegeman D210,336,0,302,252,221,170,311,266
Hegeman D211,336,336,316,0,317,307,109,280
Metcalf 125,123,91,114,111,99,89,0,0
Metcalf 120,646,447,0,0,0,647,0,0
Metcalf 121,99,29,0,16,73,89,0,0
Metcalf 123,123,132,167,226,204,206,0,0
Grad Center A 140,640,645,538,614,587,632,332,0
Woolley 407,414,329,337,373,320,314,141,0
Jameson House 106,524,445,345,0,419,587,0,0
Young Orchard #4 440,155,88,249,217,0,366,328,216
Young Orchard #10 240,51,111,180,87,71,376,309,291
111 Brown Street 202,620,634,506,629,576,609,554,596
111 Brown Street 203,620,634,506,0,617,609,554,596
111 Brown Street 201,584,634,504,0,617,609,561,596
Grad Center A 210,593,600,359,590,603,610,365,0
Harkness House 400A,364,537,499,550,535,497,488,620
Harkness House 400B,0,0,533,532,489,0,522,628
Machado 32,0,470,479,0,324,232,121,0
Machado 33,0,451,466,0,268,252,121,0
Machado 30,0,733,654,648,632,612,606,0
Machado 31,0,440,343,595,0,0,0,0
Machado 36,0,499,0,431,0,336,0,0
Olney House 319,151,0,236,410,230,0,0,0
Machado 34,0,459,456,479,259,0,121,0
Machado 35,0,496,0,431,0,260,150,0
Olney House 314,0,0,0,250,177,151,60,549
Olney House 316,0,0,0,229,0,197,89,587
Machado 39,0,0,674,673,0,612,617,0
Olney House 310,0,0,0,0,0,225,0,0
Barbour Hall Apartments 270,397,518,372,0,0,596,390,660
Olney House 312,0,0,0,0,0,284,0,589
Olney House 313,0,0,619,669,624,0,619,692
Gregorian Quad A 125,0,0,0,0,0,0,358,461
Jameson House 214,511,394,501,0,0,452,0,0
Grad Center C 230,608,603,345,438,608,648,402,459
Jameson House 218,0,394,472,531,414,410,0,0
New Pembroke #2 207,650,0,553,362,227,0,0,61
New Pembroke #2 206,666,0,663,662,431,0,0,0
New Pembroke #2 205,454,0,652,486,384,0,0,103
New Pembroke #2 204,0,0,652,486,368,0,0,93
New Pembroke #2 203,454,0,556,377,378,0,0,91
New Pembroke #2 202,474,0,661,377,378,0,0,95
New Pembroke #2 201,473,0,462,377,384,0,0,86
Miller 413,0,0,0,0,223,179,0,0
Gregorian Quad A 409B,87,90,87,101,104,100,68,71
Gregorian Quad A 409C,67,131,90,120,122,100,90,65
Gregorian Quad A 409A,18,126,13,14,7,100,63,41
Gregorian Quad A 409F,56,110,44,97,66,74,74,52
Miller 410,0,0,0,0,63,114,0,0
Gregorian Quad A 409D,50,110,56,65,38,43,61,46
Gregorian Quad A 409E,13,110,41,102,52,54,43,48
Gregorian Quad B 404D,0,0,0,0,0,0,0,7
Grad Center D 534,0,0,0,0,0,0,290,419
Grad Center D 532,0,0,0,0,0,0,290,326
Grad Center D 533,0,0,0,0,0,0,290,296
Grad Center D 530,559,0,0,0,0,535,0,0
Grad Center D 531,0,0,0,0,0,0,270,265
Miller 417,0,0,0,0,22,45,0,0
New Pembroke #3 315,588,467,512,289,363,285,168,627
Minden 801,243,445,370,453,429,443,463,539
New Pembroke #3 317,541,457,512,473,363,285,0,674
New Pembroke #3 310,0,0,0,0,0,0,0,720
New Pembroke #3 311,0,0,0,0,0,0,0,715
Sears House 212,0,0,215,0,0,0,0,0
Sears House 213,0,691,625,633,646,660,634,677
Sears House 217,644,686,625,651,630,660,633,677
Sears House 214,588,541,620,633,445,555,544,677
Perkins Hall 240,0,0,0,0,0,0,0,748
Diman House 332,467,0,0,493,0,0,0,0
Diman House 333,541,686,557,606,573,555,0,0
Diman House 331,586,577,569,652,573,555,0,0
Sears House 226B,299,369,0,0,0,0,0,0
Diman House 334,541,572,557,606,573,0,0,0
Sears House 226A,299,366,303,0,0,0,0,0
Chapin House 313,627,486,0,660,634,676,0,0
Chapin House 312,333,0,0,0,0,0,0,0
Chapin House 311,400,0,0,0,0,0,0,0
Chapin House 310,341,0,0,0,0,0,0,0
Chapin House 317,627,666,647,671,595,675,0,0
Chapin House 314,627,486,0,671,634,0,0,0
Goddard House 116,251,372,0,0,0,0,0,0
Goddard House 117,362,372,0,0,0,0,0,0
Goddard House 115,345,372,0,0,0,0,0,0
Goddard House 113,0,372,0,0,0,0,0,0
Littlefield Hall 111,0,0,0,0,0,0,601,634
Grad Center D 446,0,0,0,0,0,0,0,298
Grad Center D 444,0,0,0,0,0,0,223,286,130
Grad Center D 445,0,0,0,0,0,0,370,183
Grad Center D 442,0,0,0,0,0,0,0,148
Grad Center D 443,0,0,0,0,0,0,237,324
Grad Center D 440,512,636,536,575,546,552,0,0
Grad Center D 441,0,0,0,0,0,0,286,130
Machado House 326,0,0,0,0,0,0,0,726
Grad center A 225,0,0,0,0,0,0,0,415
Grad center A 224,0,0,0,0,0,0,0,392
Grad center A 223,0,0,0,0,0,0,0,392
Grad center A 222,0,0,0,0,0,0,0,392
Grad center A 221,0,0,0,0,0,0,0,259
Grad Center B 430,0,453,602,433,515,580,535,421
New Pembroke #3 108,0,0,0,0,0,0,0,728
Plantations House 206,114,80,50,0,84,35,52,558
Plantations House 204,0,164,159,0,103,187,54,570
Plantations House 202,556,364,373,0,576,583,497,653
Plantations House 203,556,364,373,0,464,429,197,674
Plantations House 201,565,688,373,0,619,583,590,653
Hegeman D110,340,368,319,309,0,0,0,0
Hope College 408,176,165,297,268,195,181,459,0
Hope College 407,0,0,0,0,0,0,595,644
Hope College 406,222,165,297,268,206,157,459,555
Hope College 401,0,0,0,0,0,0,545,595
Hope College 403,0,0,0,0,0,0,589,643
Hope College 402,0,0,0,0,0,0,550,595
Hegeman C209,212,268,311,333,272,176,304,132
Minden 308,390,263,381,406,373,218,362,362
Minden 309,0,0,0,5,0,0,0,0
Minden 301,71,71,65,86,93,56,41,108
Minden 302,519,608,330,452,539,0,512,619
Minden 305,0,8,6,0,0,0,0,0
Minden 306,331,263,197,406,334,392,362,371
Minden 307,0,263,242,274,144,392,238,123
Machado House 315,0,0,0,0,0,0,0,696
Littlefield Hall 108,0,0,0,0,0,0,601,624
Littlefield Hall 109,0,0,0,0,0,0,600,610
Marcy House 306B,318,0,0,0,0,0,0,680
Marcy House 306A,313,0,0,0,0,0,0,0
Hegeman B304,350,337,261,262,213,216,215,0
Hegeman B305,343,593,532,397,399,421,359,0
Hegeman B306,301,181,261,317,115,268,142,0
Everett House 407,657,0,627,0,0,0,0,0
Perkins Hall 344,0,0,0,0,0,0,0,756
Perkins Hall 343,0,0,0,0,0,0,0,782
Perkins Hall 340,0,0,0,0,0,0,0,778
Metcalf 111,246,89,130,243,218,270,0,0
Metcalf 110,187,89,0,0,159,230,0,0
Metcalf 112,198,89,217,253,159,250,0,0
New Pembroke #3 109,0,0,0,0,0,0,0,696
Metcalf 114,27,0,0,28,25,27,0,0
Metcalf 116,66,132,122,66,73,89,0,0
New Pembroke #3 105,550,378,379,470,0,0,0,0
New Pembroke #3 107,0,0,0,0,0,0,0,728
Grad Center C 420,490,339,572,472,564,605,564,0
Grad Center A 510,314,376,354,337,404,266,415,0
New Pembroke #3 103,0,0,0,0,369,363,153,552
New Pembroke #3 102,0,0,0,0,0,0,0,725
Harkness House 219,0,0,0,0,0,477,0,0
Harkness House 217,599,0,612,645,594,624,0,0
Harkness House 214,548,0,0,0,0,0,0,0
Harkness House 213,599,0,612,645,594,624,0,0
Harkness House 210,472,0,0,0,0,0,0,0
Jameson House 114,519,445,446,0,0,0,0,0
Jameson House 117,649,0,694,650,663,346,0,0
Grad Center C 330,486,539,366,296,422,415,565,371
New Pembroke #3 211,0,0,0,0,0,0,0,723
Grad Center A 420,453,383,552,611,377,496,369,0
New Pembroke #3 213,0,0,0,0,0,0,0,719
New Pembroke #3 212,463,397,184,257,162,152,25,584
New Pembroke #3 215,0,397,523,343,365,347,130,598
New Pembroke #3 217,550,397,661,343,369,347,132,580
New Pembroke #3 218,550,397,661,343,369,347,40,580
Harkness House 323,0,597,599,622,553,593,0,662
Harkness House 320,0,0,0,505,0,0,0,0
Harkness House 321,0,0,0,497,0,0,0,0
Harkness House 327,0,474,200,492,476,469,0,0
Harkness House 324,0,644,578,622,562,593,0,662
Harkness House 328,581,615,578,628,562,593,603,662
Harkness House 329,581,546,0,628,562,626,603,683
Grad center A 421,0,0,0,0,0,0,0,96
Grad center A 423,0,0,0,0,0,0,0,406
Grad center A 422,0,0,0,0,0,0,0,271
Grad center A 425,0,0,0,0,0,0,0,363
Grad center A 424,0,0,0,0,0,0,0,222
Gregorian Quad A 208,265,86,202,0,245,276,269,126
Gregorian Quad A 209,268,217,304,384,336,329,340,178
Gregorian Quad A 206,127,286,0,0,0,0,0,383
Gregorian Quad A 207,234,61,0,0,76,282,250,278
Gregorian Quad A 204,304,286,100,290,247,305,167,391
Gregorian Quad A 205,128,63,131,0,75,70,167,69
Gregorian Quad A 202,74,297,267,294,319,345,296,412
Gregorian Quad A 203,140,304,223,294,327,305,296,227
Morris Hall 401,367,549,0,0,0,0,0,0
Perkins Hall 236,0,0,0,0,0,0,0,733
Perkins Hall 237,0,0,0,0,0,0,0,733
Perkins Hall 234,0,0,0,0,0,0,0,753
Perkins Hall 235,0,0,0,0,0,0,0,753
Perkins Hall 230,0,0,0,0,0,0,0,747
Grad Center A 220,596,599,610,588,382,0,0,0
Perkins Hall 239,0,0,0,0,0,0,0,748
Barbour Hall Apartments 260,362,387,485,334,396,369,374,666
Olney House 321,199,0,386,311,0,0,0,692
Olney House 323,318,0,0,371,0,0,0,701
Olney House 322,298,0,369,371,0,0,0,692
Olney House 325,0,0,0,396,0,0,0,0
Olney House 324,250,0,388,371,0,0,0,649
Slater Hall 301,572,419,257,417,281,450,303,414
Slater Hall 302,403,237,564,417,307,132,392,368
Slater Hall 303,496,577,394,525,307,394,0,368
Slater Hall 304,617,420,394,504,364,0,0,416
Slater Hall 305,15,0,8,4,13,23,0,0
Slater Hall 306,0,0,49,29,19,64,5,29
Slater Hall 307,16,0,0,27,15,11,2,0
Jameson House 209,0,0,0,673,640,0,0,0
111 Brown Street 102,622,696,580,672,572,640,484,596
Perkins Hall 12,0,0,0,0,0,0,0,755
Perkins Hall 11,0,0,0,0,0,0,0,755
Champlin 114,0,212,0,0,0,0,0,0
New Pembroke #2 215,675,0,663,661,602,0,0,480
Grad Center B 210,619,622,586,608,554,650,0,509
Grad Center C 110,209,322,313,0,349,336,274,309
Grad Center D 615,0,0,0,0,0,0,191,301
Grad Center D 614,0,0,0,0,0,0,201,347
Grad Center D 613,0,0,0,0,0,0,368,345
Grad Center D 612,0,0,0,0,0,0,370,122
Grad Center D 611,0,0,0,0,0,0,268,345
Grad Center D 610,531,554,563,547,549,544,0,0
Young Orchard #4 310,120,116,126,91,108,203,233,113
Grad center A 344,0,0,0,0,0,0,0,354
Chapin House 327,0,385,0,0,255,272,0,0
Chapin House 324,0,689,647,0,598,671,598,0
Chapin House 322,0,354,0,0,282,379,0,0
Chapin House 323,0,666,644,0,638,671,0,0
Chapin House 320,0,72,396,392,0,342,0,0
Chapin House 321,0,385,0,0,0,360,0,0
Harkness House 226B,0,0,468,0,0,0,0,0
Harkness House 226A,0,0,0,0,0,485,0,0
Chapin House 328,0,713,0,0,598,657,598,0
Chapin House 329,0,713,0,0,642,657,598,0
Goddard House 127,647,713,642,643,640,646,617,716
Gregorian Quad B 403A,0,74,62,56,129,57,42,31
Gregorian Quad B 403C,0,0,46,81,41,65,32,54
Gregorian Quad B 403B,0,0,42,108,18,57,58,28
Gregorian Quad B 403E,0,194,69,139,140,123,76,83
Gregorian Quad B 403D,0,203,108,151,116,94,47,60
Gregorian Quad B 403F,0,38,62,81,33,30,32,39
Grad center A 231,0,0,0,0,0,0,0,385
Grad center A 232,0,0,0,0,0,0,0,385
Grad center A 233,0,0,0,0,0,0,0,385
Grad center A 234,0,0,0,0,0,0,0,385
Hegeman C401,349,292,232,245,269,176,322,294
Hegeman C402,366,0,232,245,324,226,324,321
Plantations House 304,168,147,29,0,65,31,45,544
Plantations House 303,164,55,562,0,500,599,590,639
Plantations House 301,565,364,373,0,500,620,0,712
New Pembroke #4 408,0,0,0,0,0,0,0,737
Hope College 219,0,0,0,0,0,0,555,595
Hope College 419,0,0,0,0,0,0,545,567
Hope College 212,0,0,0,0,0,0,0,572
Hope College 214,170,211,344,0,0,0,0,547
Hope College 215,0,0,0,0,0,0,567,639
Hope College 217,0,0,0,0,0,0,567,644
Bronson House 214,425,380,611,0,0,0,0,0
Minden 315,439,0,338,408,370,279,343,279
Minden 312,319,566,617,637,597,604,636,631
Hope College 412,0,0,0,0,0,0,505,567
West Andrews 353,161,180,86,184,91,118,0,0
West Andrews 357,161,83,86,106,94,72,0,0
West Andrews 355,161,155,86,106,91,72,0,0
West Andrews 359,161,83,250,177,146,162,0,0
Hope College 320,0,0,0,0,0,0,547,633
Perkins Hall 127,0,0,0,0,0,0,0,769
East Andrews 260,47,154,0,141,131,28,0,0
East Andrews 262,186,168,283,141,146,135,0,0
Metcalf 107,0,10,130,243,159,270,0,0
Metcalf 104,260,2,130,215,159,230,0,0
Metcalf 102,0,0,130,127,218,230,0,0
Grad Center C 430,334,538,422,409,558,434,566,447
Metcalf 109,280,10,130,243,189,270,0,0
Harkness House 209,479,0,0,0,0,0,0,0
Harkness House 208,591,0,0,0,0,0,0,0
Harkness House 204,575,576,619,590,622,580,0,0
Harkness House 207,573,619,0,0,553,0,0,0
Harkness House 201,575,588,549,611,594,590,551,669
Harkness House 202,575,619,549,611,588,590,551,669
Hegeman D309,283,336,292,298,334,0,0,0
East Andrews 462,0,158,146,170,107,136,0,0
East Andrews 460,30,207,9,73,46,106,0,0
Hegeman E215,320,265,117,230,160,221,144,157
Caswell Hall 403,513,542,531,597,531,526,511,603
Marcy House 121,628,690,616,641,625,0,616,0
Hegeman E213,296,324,274,317,287,284,236,170
Young Orchard #4 110,57,152,284,259,171,86,113,316
New Pembroke #4 319,0,0,0,0,0,0,0,738
Hegeman E212,301,278,220,261,338,431,313,78
Grad Center C 320,571,463,0,0,0,0,0,0
New Pembroke #3 207,0,0,0,0,0,0,0,690
Grad Center A 430,428,540,409,567,561,420,547,0
New Pembroke #3 205,417,0,0,0,0,0,0,657
Grad Center A 340,603,672,400,543,0,0,0,0
New Pembroke #3 203,417,431,554,0,369,340,119,593
New Pembroke #3 201,0,0,0,0,0,0,0,705
Everett House 324,407,0,0,0,329,414,0,0
Sears House 329,0,0,600,0,627,656,626,0
New Pembroke #3 208,0,0,0,0,0,0,0,709
Wayland House 327,184,123,38,125,141,148,0,0
Diman House 400A,567,585,517,580,614,517,558,641
Harkness House 330,581,615,533,0,0,0,0,683
New Pembroke #3 110,0,0,0,0,0,0,0,727
Diman House 400B,564,591,561,585,633,570,0,0
New Pembroke #3 117,0,0,0,0,0,0,0,734
New Pembroke #3 115,0,0,0,0,0,0,0,722
Wayland House 325,0,0,0,0,0,0,0,650
Everett House 214,0,386,0,0,434,465,0,0
Everett House 216,437,386,542,0,0,0,0,0
Grad center A 432,0,0,0,0,0,0,0,167
Marcy House 128,0,0,0,393,0,0,0,0
Grad center A 431,0,0,0,0,0,0,0,242
Diman House 306B,0,487,0,0,0,0,0,0
Grad center A 434,0,0,0,0,0,0,0,418
Diman House 306A,0,488,0,0,0,0,0,0
Gregorian Quad A 211,163,314,301,320,337,0,0,382
Gregorian Quad A 210,116,270,277,68,0,282,279,261
Gregorian Quad A 213,0,99,58,98,212,150,69,364
Gregorian Quad A 212,255,255,286,140,299,329,315,178
Gregorian Quad A 214,268,272,291,313,326,345,246,410
Grad Center C 210,482,594,607,430,541,614,406,459
Barbour Hall Apartments 180,595,616,405,571,527,581,381,664
Grad Center A 230,0,0,308,397,348,0,0,0
Perkins Hall 220,0,0,0,0,0,0,0,788
Perkins Hall 225,0,0,0,0,0,0,0,780
Perkins Hall 224,0,0,0,0,0,0,0,733
Perkins Hall 226,0,0,0,0,0,0,0,780
New Pembroke #3 111,0,0,0,0,0,0,0,699
Grad Center B 510,405,396,591,522,421,654,563,413
Champlin 103,0,219,226,219,284,111,68,0
Champlin 108,0,0,356,178,314,349,135,0
Gregorian Quad B 402B,0,33,68,81,129,65,53,35
Gregorian Quad B 402C,0,35,36,0,54,65,32,35
Gregorian Quad B 402A,0,35,32,52,89,38,33,36
Gregorian Quad B 402F,0,51,28,81,111,65,51,57
Gregorian Quad B 402D,0,230,59,6,134,120,77,75
Gregorian Quad B 402E,0,191,59,167,89,120,77,75
Barbour Hall Apartments 320,594,625,540,539,439,611,594,681
Grad Center D 510,521,574,550,0,0,0,0,0
Barbour Hall 308,0,614,511,506,411,579,531,609
Grad center A 433,0,0,0,0,0,0,0,167
Slater Hall 201,600,401,327,454,347,561,372,409
Barbour Hall 302,0,665,0,0,0,0,0,0
Barbour Hall 301,0,631,511,506,425,559,474,616
Slater Hall 202,0,473,0,524,307,355,427,434
Slater Hall 205,5,9,24,12,4,0,0,4
Barbour Hall 306,0,633,594,620,432,579,0,616
Barbour Hall 305,0,527,400,459,0,529,0,655
Slater Hall 206,10,0,54,57,16,0,12,21
Young Orchard #4 330,118,107,152,51,86,351,115,87
Jameson House 307,618,0,0,669,663,0,0,0
Grad center A 435,0,0,0,0,0,0,0,340
Grad Center D 323,0,0,0,0,0,0,205,283
Grad Center D 322,0,0,0,0,0,0,187,225
Sears House 229,604,660,625,0,611,662,0,0
Sears House 228,629,679,625,0,611,645,0,0
Chapin House 330,0,702,0,0,614,657,549,0
Grad Center D 326,0,0,0,0,0,0,354,380
Woolley 123,439,390,369,422,328,224,0,0
Minden 401,392,298,0,346,400,502,350,328
Young Orchard #4 340,141,128,190,132,86,366,115,101
Grad center A 614,0,0,0,0,0,0,0,114
Woolley 129,394,335,169,285,202,69,23,0
Grad center A 615,0,0,0,0,0,0,0,114
Champlin 323,457,0,285,295,0,140,99,0
Grad center A 245,0,0,0,0,0,0,0,385
Grad center A 244,0,0,0,0,0,0,0,385
Grad center A 611,0,0,0,0,0,0,0,424
Grad center A 241,0,0,0,0,0,0,0,290
Grad center A 243,0,0,0,0,0,0,0,385
Grad center A 242,0,0,0,0,0,0,0,385
Perkins Hall 221,0,0,0,0,0,0,0,747
Sears House 319,0,336,0,241,0,0,114,0
Machado House 34,0,0,0,0,0,0,0,717
Machado House 35,0,0,0,0,0,0,0,717
Machado House 36,0,0,0,0,0,0,0,568
Machado House 37,0,0,0,0,0,0,0,603
Machado House 30,0,0,0,0,0,0,0,718
Machado House 32,0,0,0,0,0,0,0,635
Machado House 33,0,0,0,0,0,0,0,635
Machado House 38,0,0,0,0,0,0,0,718
Machado House 39,0,0,0,0,0,0,0,717
West Andrews 211,679,621,0,666,651,0,0,0
West Andrews 217,21,34,124,50,20,90,0,0
Hope College 203,0,0,0,0,0,0,560,637
Hope College 202,0,0,0,0,0,0,560,636
Hope College 201,0,0,0,0,0,0,560,617
West Andrews 219,124,53,119,34,47,51,0,0
Hope College 207,0,0,0,0,0,0,577,637
Hope College 206,82,174,241,204,54,142,0,0
Hegeman C307,238,0,293,315,96,95,160,145
Bronson House 206,419,0,0,548,398,432,0,0
Bronson House 204,434,405,443,543,398,432,0,0
Grad Center d 442,0,0,0,0,0,0,292,0
Bronson House 203,0,405,545,418,398,437,0,0
315 Thayer 310,0,0,0,0,0,0,62,63
Hegeman C308,238,336,275,317,347,176,325,270
Marcy House 340,0,0,618,539,0,0,0,0
Marcy House 341,0,0,581,539,0,0,618,0
Marcy House 342,0,0,581,539,0,0,386,0
Grad center A 444,0,0,0,0,0,0,0,163
East Andrews 320,108,44,84,144,24,16,0,0
Perkins Hall 324,0,0,0,0,0,0,0,761
Perkins Hall 325,0,0,0,0,0,0,0,786
Perkins Hall 321,0,0,0,0,0,0,0,772
Perkins Hall 329,0,0,0,0,0,0,0,786
Harkness House 230,0,0,578,0,0,0,0,0
East Andrews 458,30,133,265,83,0,0,0,0
East Andrews 456,186,136,283,170,107,113,0,0
Minden 101,406,569,598,562,616,641,527,679
East Andrews 452,637,0,623,0,0,0,0,0
East Andrews 450,637,0,669,0,0,0,0,0
Hegeman D310,323,323,292,298,219,284,0,100
Grad Center B 340,475,431,603,433,374,433,413,482
Harkness House 304,0,537,590,628,0,0,0,689
Grad Center A 530,421,417,513,469,534,622,534,0
Harkness House 301,0,604,549,607,0,0,603,689
Harkness House 302,0,537,549,607,0,0,603,669
Harkness House 303,0,475,0,0,0,0,0,0
Barbour Hall Apartments 190,549,646,528,429,496,532,391,700
New Pembroke #3 309,0,0,0,0,0,0,0,715
Young Orchard #2 410,90,81,97,77,82,131,217,0
New Pembroke #3 307,0,0,0,0,0,0,0,690
New Pembroke #3 303,634,456,512,0,376,361,167,671
Grad Center A 240,615,691,609,624,396,562,395,0
New Pembroke #3 301,0,0,0,0,0,0,0,715
Minden 814,122,22,93,312,59,81,249,131
Minden 815,413,338,486,236,308,444,282,536
Minden 812,229,115,93,49,88,99,224,137
Young Orchard #10 320,153,216,216,279,152,389,306,144
Young Orchard #10 210,69,146,88,87,139,381,244,125
New Pembroke #3 202,0,0,0,0,0,0,0,723
Grad Center B 230,586,590,355,586,582,615,394,0
Barbour Hall Apartments 330,325,418,289,424,290,0,0,613
New Pembroke #4 225,0,0,0,0,0,0,0,676
Grad Center B 520,445,505,0,0,550,602,520,460
Jameson House 314,0,394,588,0,0,0,0,0
Young Orchard #4 320,135,121,121,91,0,334,115,122
Jameson House 318,422,394,575,0,0,538,0,0
Jameson House 319,366,416,427,278,416,538,0,0
Grad center A 442,0,0,0,0,0,0,0,173
Grad Center D 345,0,0,0,0,0,0,354,268
Grad center A 446,0,0,0,0,0,0,0,220
Barbour Hall 202,0,665,0,602,601,575,574,655
Barbour Hall 203,0,559,579,542,710,663,592,0
Barbour Hall 201,0,635,487,500,379,511,471,616
Barbour Hall 206,0,519,432,574,469,575,574,643
Barbour Hall 204,0,0,0,79,10,12,0,543
Morriss Hall 201,0,0,374,233,487,506,420,0
Grad Center D 344,0,0,0,0,0,0,184,269
Machado 126,0,0,0,664,0,0,0,0
Barbour Hall 208,0,570,259,506,413,280,375,643
Machado 124,0,182,0,333,0,0,0,0
Machado 123,0,0,0,607,0,0,0,0
Machado 122,0,257,352,546,0,0,0,0
Machado 121,0,335,288,536,0,0,0,0
Machado 120,0,269,380,0,0,0,0,0
New Pembroke #3 113,0,0,0,0,0,0,0,727
Gregorian Quad B 401F,0,47,62,108,123,115,81,56
Gregorian Quad B 401E,0,234,144,167,135,115,84,83
Gregorian Quad B 401D,0,70,133,167,143,120,79,80
Gregorian Quad B 401C,0,23,62,35,62,52,18,33
Gregorian Quad B 401B,0,21,23,61,68,36,19,11
Gregorian Quad B 401A,0,70,0,108,62,115,71,66
Barbour Hall 303,0,665,511,647,644,0,604,763
Machado 237,0,0,0,0,0,0,102,0
Machado 236,0,0,0,0,0,0,110,0
Machado 235,0,0,0,0,0,0,75,0
Harkness House 206A,483,0,0,0,486,0,0,0
Harkness House 206B,487,479,0,0,499,0,0,0
Machado 238,0,0,0,0,0,0,122,0
Slater Hall 203,493,569,497,416,309,73,444,368
Woolley 229,451,329,0,202,190,178,56,0
Woolley 223,432,187,334,0,329,293,95,0
Slater Hall 204,580,399,275,527,381,550,247,294
Morriss Hall 301,0,0,390,367,495,316,491,0
Barbour Hall 304,0,0,30,109,10,7,21,565
315 Thayer 413,0,0,0,0,0,0,7,0
315 Thayer 415,0,0,0,0,0,0,36,16
315 Thayer 414,0,0,0,0,0,0,39,0
315 Thayer 417,0,0,0,0,0,0,22,14
315 Thayer 419,0,0,0,0,0,0,25,23
315 Thayer 418,0,0,0,0,0,0,27,20
Archibald House 131,433,405,597,444,301,431,0,0
Grad center D 114,0,0,0,0,0,0,329,0
West Andrews 205,169,114,148,141,72,84,0,0
Emery 404,383,329,94,375,312,194,154,0
West Andrews 207,0,169,135,123,156,108,0,0
West Andrews 201,0,0,332,143,132,137,0,0
West Andrews 203,0,176,134,141,23,84,0,0
Emery 409,424,370,91,375,313,0,0,0
Caswell Hall 108,562,570,570,582,566,565,525,618
New Pembroke #3 209,0,0,0,0,0,0,0,709
Diman House 127,0,0,0,0,0,610,0,0
Diman House 126,0,0,0,0,0,472,0,0
Diman House 125,0,0,0,0,0,482,0,0
Diman House 124,0,0,0,0,0,484,0,0
Diman House 121,605,669,632,618,577,627,607,656
Hope College 302,0,0,0,0,0,0,550,636
Hope College 303,0,0,0,0,0,0,589,637
Hope College 301,0,0,0,0,0,0,550,633
Hope College 306,0,0,0,0,0,0,0,548
Hope College 307,0,0,0,0,0,0,604,637
Emery 311,427,384,318,302,313,294,124,0
Hope College 308,59,159,344,0,0,183,457,541
Emery 317,429,370,318,401,313,241,124,0
315 Thayer 240,0,0,0,0,0,0,145,109
Bronson House 306,392,405,577,537,427,432,0,0
Bronson House 304,415,183,527,535,398,432,0,0
Plantations House 101,138,164,259,0,105,143,70,576
Hegeman C208,328,268,315,322,333,176,304,217
Plantations House 102,556,364,373,0,385,316,425,0
Archibald House 319,658,0,668,677,0,0,0,0
Bronson House 309,414,0,537,513,437,412,0,0
Perkins Hall 337,0,0,0,0,0,0,0,781
Perkins Hall 336,0,0,0,0,0,0,0,767
Perkins Hall 331,0,0,0,0,0,0,0,778
Perkins Hall 330,0,0,0,0,0,0,0,697
Young Orchard #2 310,70,82,81,61,69,149,179,84
Perkins Hall 339,0,0,0,0,0,0,0,778
Perkins Hall 338,0,0,0,0,0,0,0,781
Harkness House 224,0,0,0,0,0,626,0,689
Harkness House 223,0,0,0,0,0,582,0,655
Harkness House 222,0,0,0,0,0,475,0,0
Harkness House 221,0,0,0,0,0,461,0,0
Harkness House 220,0,0,0,0,0,467,0,0
Minden 113,442,432,417,365,410,504,465,146
Olney House 400A,540,551,0,0,0,0,0,0
Harkness House 228,0,0,610,0,0,0,0,0
Young Orchard #2 220,0,0,67,117,78,91,82,0
Grad Center C 340,569,0,0,399,418,605,570,436
Grad Center A 410,0,347,0,561,354,577,441,0
Harkness House 319,0,0,0,502,0,0,0,0
Grad Center A 520,383,417,0,0,0,0,0,0
Harkness House 313,0,0,613,631,0,0,0,0
Harkness House 317,0,0,613,631,0,0,0,0
Harkness House 314,0,0,0,631,0,0,0,0
Grad center A 411,0,0,0,0,0,0,0,103
Grad center A 412,0,0,0,0,0,0,0,206
Grad center A 413,0,0,0,0,0,0,0,371
Grad center A 414,0,0,0,0,0,0,0,371
Grad center A 415,0,0,0,0,0,0,0,102
Gregorian Quad A 314,180,283,0,358,279,234,294,286
Minden 809,331,218,93,388,0,229,117,166
New Pembroke #3 318,555,472,658,471,291,285,164,682
Grad Center C 410B,0,0,0,37,0,0,0,0
Grad Center C 410A,0,0,0,423,0,60,0,0
Miller 415,0,0,0,0,223,0,0,0
Minden 802,308,524,347,324,405,0,305,559
Miller 418,0,0,0,0,48,97,0,0
Miller 419,0,0,0,0,155,114,0,0
Minden 807,1,0,18,3,1,3,1,3
Minden 806,412,298,370,598,0,585,383,263
Minden 805,0,12,25,22,0,65,14,13
New Pembroke #3 313,0,0,0,0,0,0,0,715
Young Orchard #10 440,264,0,264,282,142,415,0,318
Sears House 308,625,595,628,651,593,656,0,0
Young Orchard #10 330,156,222,180,281,64,385,321,176
Sears House 309,267,138,0,336,0,0,0,0
Everett House 309,0,0,705,708,677,0,0,0
Perkins Hall 22,0,0,0,0,0,0,0,711
Perkins Hall 21,0,0,0,0,0,0,0,673
Hegeman A301,307,326,263,300,275,0,0,317
Hegeman A303,307,326,322,300,275,0,0,345
Hegeman A302,0,0,0,0,29,0,0,47
Grad Center B 220,0,0,0,0,0,0,0,403
Chapin House 230,0,0,0,0,0,676,612,0
Grad Center B 530,406,442,524,425,375,416,497,352
Barbour Hall Apartments 230,31,302,0,0,0,0,137,613
Jameson House 325,389,0,0,0,0,0,0,0
Grad center A 641,0,0,0,0,0,0,0,267
Grad center A 643,0,0,0,0,0,0,0,133
Grad center A 642,0,0,0,0,0,0,0,45
Grad center A 645,0,0,0,0,0,0,0,323
Grad center A 644,0,0,0,0,0,0,0,323
Grad center A 646,0,0,0,0,0,0,0,323
Barbour Hall 108,0,616,579,602,446,579,565,650
Barbour Hall 101,0,657,247,500,0,0,0,0
Barbour Hall 103,0,657,557,647,644,0,599,751
Barbour Hall 105,0,668,310,624,639,623,559,749
Barbour Hall 104,0,0,1,30,0,0,0,0
Barbour Hall 106,0,0,579,602,583,581,553,599
Caswell Hall 408,504,509,567,576,528,528,573,581
Caswell Hall 409,522,528,534,569,531,554,501,594
Caswell Hall 401,503,526,531,519,514,526,493,574
Caswell Hall 402,513,528,525,509,514,526,493,545
Hegeman E214,91,85,117,261,21,184,219,77
Caswell Hall 404,532,526,574,519,524,534,512,603
Caswell Hall 405,522,556,490,538,568,554,529,581
Caswell Hall 406,514,513,481,538,521,531,511,581
Caswell Hall 407,485,509,507,576,523,528,508,581
Hope College 316,224,159,344,264,44,183,460,0
Grad Center D 240,535,644,582,593,606,621,0,0
Grad Center D 241,0,0,0,0,0,0,214,191
Grad Center D 242,0,0,0,0,0,0,316,149
Grad Center D 243,0,0,0,0,0,0,350,94
Grad Center D 244,0,0,0,0,0,0,326,273
Grad Center D 245,0,0,0,0,0,0,350,336
Grad Center D 246,0,0,0,0,0,0,350,307
Champlin 305,380,0,0,266,0,180,99,0
Champlin 306,380,0,285,304,253,240,0,0
Woolley 219,340,414,334,0,260,204,95,0
Woolley 218,340,391,334,422,209,196,15,0
Archibald House 307,220,233,0,310,242,296,0,0
Woolley 215,441,412,335,0,285,302,95,0
Woolley 216,340,361,320,0,0,302,124,0
315 Thayer 420,0,0,0,0,0,0,24,25
Woolley 109,0,0,0,0,0,430,232,0
New Pembroke #1 415,657,538,659,659,619,0,0,456
Archibald House 127,433,405,499,0,0,0,0,0
Woolley 107,439,345,295,282,0,0,0,0
Woolley 106,351,345,356,0,0,0,127,0
Emery 417,424,370,91,422,178,299,103,0
Emery 411,424,370,318,375,313,299,103,0
315 Thayer 330,0,0,0,0,0,0,59,0
West Andrews 305,161,16,0,96,91,72,0,0
West Andrews 307,107,180,250,106,91,118,0,0
West Andrews 301,161,57,234,169,0,72,0,0
West Andrews 303,148,57,179,10,57,72,0,0
Hope College 314,211,25,344,99,35,174,460,560
Hope College 317,0,0,0,0,0,0,588,0
Emery 309,427,342,318,0,0,0,0,0
Hope College 312,0,0,0,0,0,0,505,560
Emery 301,427,328,0,447,254,297,163,0
Hope College 319,0,0,0,0,0,0,550,0
Emery 304,427,329,94,0,0,0,0,0
Archibald House 306,241,356,384,526,391,0,0,0
Bronson House 319,0,534,0,635,0,0,0,0
Archibald House 304,389,341,384,419,391,409,0,0
Archibald House 305,293,0,0,0,0,0,0,0
Archibald House 302,389,341,384,419,399,435,0,0
Archibald House 303,393,341,397,419,399,393,0,0
Archibald House 301,393,341,0,419,380,0,0,0
Bronson House 313,420,410,0,0,0,0,0,0
Machado 37,0,0,0,604,0,235,157,0
