1.804737854124365,Slater Hall 207
1.9064655183043193,Minden 807
2.2103434310450778,Minden 609
2.2360679774997898,Minden 309
2.322302110076095,Minden 409
2.4494897427831779,Minden 305
2.4842662055870108,Minden 209
2.6457513110645907,315 Thayer 413
2.6457513110645907,Gregorian Quad B 404D
2.6822344868874488,Minden 709
3.0,Wayland House 223
3.0907702751760278,Slater Hall 205
3.2386127875258306,Barbour Hall 104
3.3074524808807246,Slater Hall 305
3.4499935304106359,Slater Hall 307
3.8798464695338217,Gregorian Quad B 405C
4.0161450660285434,Minden 205
4.2160365732986858,315 Thayer 417
4.6236454229439339,Slater Hall 105
4.6904157598234297,Miller 114
4.8341441888531058,315 Thayer 418
4.8979157616563596,315 Thayer 419
4.9494897427831779,315 Thayer 420
4.971256746602351,Gregorian Quad B 405B
4.9771519956683425,Minden 605
5.0,315 Thayer 415
5.0199764340719817,Minden 805
5.1289216613623783,Minden 705
5.1625516816119381,Metcalf 114
5.277449242648899,Gregorian Quad A 408D
5.3889961947427754,Slater Hall 206
5.3942160892182445,Slater Hall 306
5.4022345122104696,Gregorian Quad A 410A
5.5311288741492746,Minden 505
5.6561635046840255,Metcalf 401
5.6993098461614,Miller 417
5.7222230239881897,Gregorian Quad A 409A
5.7546360307251279,Gregorian Quad B 401B
5.8548600637356314,315 Thayer 320
5.9622278485617191,Slater Hall 106
6.0535260105984019,Hegeman A202
6.0827625302982193,Grad Center C 410B
6.0827625302982193,Metcalf 216
6.1204097037677734,Hegeman A302
6.2321007377780502,315 Thayer 130
6.2423293640519582,Metcalf 300
6.2449979983983983,315 Thayer 414
6.2587456851199734,East Andrews 420
6.4378842658479396,315 Thayer 430
6.4463510385120948,Emery 107
6.4757163910177669,West Andrews 419
6.4770669026180885,Gregorian Quad B 401C
6.4807406984078604,Hegeman E115
6.5574385243020004,West Andrews 319
6.5967322018480159,Gregorian Quad B 402C
6.6332495807107996,Gregorian Quad B 404B
6.6662747239153797,Gregorian Quad B 403F
6.701819096997327,Gregorian Quad B 402A
6.7082039324993694,Grad center A 642
6.8390924375998452,Emery 120
6.9287993990340411,Gregorian Quad B 403B
7.0,315 Thayer 210
7.0,Minden 405
7.0710678118654755,Wayland House 218
7.1332436227319933,West Andrews 417
7.1433341180248879,Gregorian Quad A 409D
7.1554909673574496,East Andrews 460
7.1777783149020991,Gregorian Quad A 408E
7.1959977042724006,Emery 207
7.2088392411164302,Gregorian Quad B 403C
7.2497441546989903,West Andrews 317
7.3259949591247109,Metcalf 121
7.3435572571648056,Hegeman A102
7.3484692283495345,315 Thayer 230
7.3573402580299927,Gregorian Quad A 408B
7.416198487095663,315 Thayer 220
7.4246404516083251,Gregorian Quad A 409E
7.4634402936896933,Miller 407
7.4644767351875192,Hegeman E114
7.5019581678694367,Gregorian Quad A 410E
7.5160327188695089,East Andrews 320
7.6004159717635806,East Andrews 222
7.6150198463599983,Gregorian Quad A 411
7.6222039562575823,East Andrews 306
7.6520237995498022,Gregorian Quad A 410D
7.6811457478686078,315 Thayer 330
7.6841867596062272,West Andrews 219
7.718913139278146,Gregorian Quad B 403A
7.8283389425708174,Wayland House 323
7.8343642622343985,Metcalf 301
7.9056309036027912,315 Thayer 310
7.9262699542309054,East Andrews 322
7.9301128311823446,Gregorian Quad B 402F
7.9302800910206015,East Andrews 422
7.9888813909991629,Metcalf 304
7.999446562674831,Gregorian Quad B 405A
8.0174259178394056,West Andrews 257
8.0413913682575604,West Andrews 217
8.0757585503042382,East Andrews 256
8.144120407484337,West Andrews 303
8.1703164786926834,Gregorian Quad A 409F
8.1924883556386714,Gregorian Quad A 410F
8.2062874714746403,Miller 401
8.2805234463257467,West Andrews 403
8.3104125605857586,Gregorian Quad B 402B
8.3463108996934068,Barbour Hall 304
8.3493569947969757,Gregorian Quad B 402D
8.3885305160358072,Miller 418
8.5430451435302004,Minden 301
8.6602540378443873,Machado 235
8.746427842267952,Grad Center D 211
8.7848366027803415,Young Orchard #2 340
8.7934569226277581,Gregorian Quad B 405F
8.8132540695191786,Gregorian Quad A 408C
9.1080612384002002,Gregorian Quad B 401A
9.1480992920581929,Young Orchard #2 330
9.1751975350570341,Young Orchard #2 210
9.2195444572928871,Gregorian Quad B 404C
9.245950090054821,Emery 220
9.2742107865135779,West Andrews 305
9.2857089233798273,Young Orchard #2 220
9.2868460747993389,Metcalf 116
9.2902896450878316,Miller 403
9.3059873017146373,West Andrews 457
9.3071660926125421,Miller 410
9.3363542813512232,West Andrews 455
9.3527904757631344,West Andrews 203
9.3624864328883213,East Andrews 206
9.3746091209678255,Gregorian Quad A 409B
9.3837659709201446,Metcalf 320
9.3984805062226826,West Andrews 355
9.4235269565878657,East Andrews 220
9.4273282156909968,Gregorian Quad B 401F
9.4339811320566032,Metcalf 200
9.4339811320566032,Metcalf 204
9.4374724313884837,West Andrews 357
9.4450616212791285,Young Orchard #2 420
9.4900580978494453,East Andrews 308
9.5371226171422308,East Andrews 260
9.5861131661718399,East Andrews 208
9.5916630466254382,315 Thayer 120
9.6246368657958854,Gregorian Quad B 403D
9.6310810682323673,Gregorian Quad A 410C
9.6953597148326587,315 Thayer 440
9.6953597148326587,Emery 304
9.704233522020953,Barbour Hall 204
9.7379407397641895,Gregorian Quad B 402E
9.7490247388236142,Young Orchard #2 230
9.7979589711327115,Grad center A 421
9.8094396860287301,Plantations House 304
9.8392893127665673,Gregorian Quad A 409C
9.8459129367612235,Metcalf 324
9.8574653793909661,West Andrews 255
9.8787764554449673,Young Orchard #2 240
9.8974327997449176,East Andrews 360
9.9403698583365809,Gregorian Quad A 205
9.9779447841216271,Young Orchard #2 310
10.005940705508424,Gregorian Quad A 305
10.056731180608535,Gregorian Quad A 410B
10.087082015875366,Grad Center D 411
10.091244888253753,Morriss Hall 120
10.099504938362077,Grad center A 141
10.099504938362077,Grad center A 415
10.099504938362077,Machado 237
10.141229587383995,Gregorian Quad B 403E
10.148891565092219,Grad center A 411
10.148891565092219,Metcalf 201
10.148891565092219,Metcalf 203
10.148891565092219,Metcalf 209
10.148891565092219,Metcalf 220
10.148891565092219,Metcalf 224
10.148891565092219,New Pembroke #1 304
10.149146877001712,Metcalf 125
10.152638403122358,Minden 715
10.155168918413864,East Andrews 408
10.165285465817028,Emery 320
10.201813097345473,Hegeman A101
10.277727063694934,East Andrews 358
10.301026019314852,Gregorian Quad B 405D
10.342559474530386,Gregorian Quad B 405E
10.344080432788601,Fake Building 1
10.34615525952557,Wayland House 327
10.361686711405872,Miller 119
10.385164807134505,Miller 110
10.407566744931962,Metcalf 402
10.42257497794615,West Andrews 205
10.440947684920234,Minden 812
10.488088481701515,Grad Center D 333
10.488088481701515,Machado 236
10.550227763730856,East Andrews 362
10.597085031568037,Plantations House 206
10.677078252031311,Grad center A 614
10.677078252031311,Grad center A 615
10.767315022383457,West Andrews 401
10.771130066448295,Young Orchard #2 410
10.781483373183109,Grad Center D 233
10.81011274177898,West Andrews 353
10.84118450091465,Young Orchard #2 320
10.866764799751726,Gregorian Quad B 401D
10.92353138096032,Gregorian Quad B 401E
11.035866058680801,Gregorian Quad A 313
11.045361017187261,Machado 238
11.082207001484488,Metcalf 411
11.204805334477854,Gregorian Quad A 405
11.226946645706942,East Andrews 304
11.231704102692243,Miller 105
11.240950543851422,315 Thayer 240
11.255008878837353,Young Orchard #4 330
11.271549818529987,Metcalf 322
11.296939107255207,Wayland House 232
11.327729992605034,Sears House 114A
11.3582317095011,Emery 420
11.370277209024653,West Andrews 407
11.3921550536874,Metcalf 311
11.397946846810431,West Andrews 207
11.439413761183364,Woolley 129
11.448832813890453,Hegeman E214
11.505678508968305,West Andrews 405
11.532481097933141,315 Thayer 140
11.532562594670797,Grad center A 643
11.555779644436626,West Andrews 459
11.563488925010022,Miller 405
11.563488925010022,Miller 419
11.563716869842635,Hegeman B206
11.564389295150992,East Andrews 310
11.564769516562905,East Andrews 258
11.591908911355576,Barbour Hall Apartments 240
11.627297736799644,West Andrews 307
11.628647890069622,West Andrews 259
11.763161392581447,Metcalf 416
11.767385216883554,Metcalf 312
11.781858751619769,East Andrews 462
11.819515010419352,Metcalf 313
11.828980121695736,West Andrews 253
11.858512823509464,East Andrews 210
11.868929203639391,Minden 814
11.883159867314658,Young Orchard #4 310
11.951390737701582,Gregorian Quad A 213
11.958260743101398,Fake Building 160
11.98027676085505,Minden 607
12.0,Miller 409
12.04953359059526,Wayland House 322
12.096315306425199,Gregorian Quad A 612
12.116845041723479,Young Orchard #4 320
12.125777276616144,Grad Center D 342
12.150098512715866,Young Orchard #2 430
12.165525060596439,Grad Center D 442
12.205424498329084,Woolley 229
12.247848325789693,Metcalf 315
12.260779971672308,West Andrews 301
12.267969017377061,Hope College 206
12.277051056275287,Hope College 208
12.288979417436268,Miller 108
12.293172944801757,Grad Center D 433
12.357625474223463,Barbour Hall Apartments 340
12.361924024368566,Woolley 429
12.369316876852981,Grad center A 441
12.369316876852981,Metcalf 211
12.369316876852981,Metcalf 212
12.376875961779538,Young Orchard #2 440
12.395736731229912,Young Orchard #4 420
12.408599987709245,Young Orchard #4 340
12.418282120718493,Sears House 327
12.432597248614039,Barbour Hall Apartments 140
12.448030859716146,Champlin 423
12.469109108026512,Metcalf 309
12.476706548449579,Metcalf 400
12.47904504392687,Wayland House 230
12.538695318500283,East Andrews 204
12.54656443586153,East Andrews 356
12.569805089976535,Goddard House 321
12.609520212918492,Grad center A 315
12.635846674068317,Gregorian Quad A 307
12.645154701376836,Grad Center D 311
12.649110640673518,Metcalf 206
12.649110640673518,Metcalf 208
12.649110640673518,Metcalf 210
12.664701764686185,Young Orchard #4 230
12.68857754044952,Miller 115
12.694627087622003,East Andrews 458
12.708808724297317,East Andrews 456
12.727922061357855,Fake Building 10
12.729053328883058,West Andrews 453
12.736397109092064,Metcalf 323
12.743843059665245,East Andrews 410
12.752112589987172,Miller 117
12.767145334803704,Grad center A 444
12.767145334803704,Grad center A 445
12.768335010334141,Grad Center D 521
12.803016205090444,Young Orchard #10 210
12.823135658639902,Young Orchard #10 310
12.884098726725126,Emery 101
12.893130464342825,Young Orchard #4 220
12.922847983320086,Grad center A 432
12.922847983320086,Grad center A 433
12.933034373659254,Metcalf 407
13.002537867322445,Metcalf 306
13.004591364771462,Hegeman E215
13.012909009176575,Woolley 318
13.018705242478786,Sears House 114B
13.072740247111915,Emery 204
13.093221903152486,Champlin 103
13.099735485128866,East Andrews 262
13.100626474145667,Sears House 319
13.114877048604001,Goddard House 233
13.114877048604001,Grad center A 624
13.114877048604001,Grad center A 625
13.114877048604001,Grad center A 626
13.130389843433678,New Pembroke #4 227
13.150438967228133,Metcalf 102
13.152946437965905,Grad center A 442
13.183490108888337,Hegeman C307
13.225262888788343,Champlin 305
13.237572206952471,Metcalf 310
13.242509392970378,Grad Center D 315
13.260937529949004,Metcalf 325
13.30413469565007,Grad center A 341
13.34323827629642,West Andrews 201
13.396724121113365,Grad Center D 432
13.410921239694041,Metcalf 308
13.411884556917951,Metcalf 318
13.431789143017596,Wayland House 330
13.443595960469917,Young Orchard #4 210
13.444523892249494,Grad Center D 415
13.446255837279226,Grad Center D 524
13.459975912657036,Metcalf 104
13.4816227578611,West Andrews 359
13.500909200800864,Young Orchard #4 410
13.531269622032847,Plantations House 204
13.552511554534201,Emery 201
13.557708315648007,Grad Center D 222
13.591717908126588,Minden 207
13.596753286365868,Grad Center D 431
13.596753286365868,Grad Center D 434
13.626880553845902,Grad Center D 224
13.634972973624764,Minden 809
13.732819905095466,Hegeman A201
13.776383596428982,Woolley 113
13.8065703808326,Sears House 221
13.813447504517329,Grad Center D 231
13.820274961085254,East Andrews 406
13.827159096387616,Gregorian Quad A 310
13.830944499986762,Metcalf 314
13.841203509523213,Grad Center D 121
13.857540018776467,315 Thayer 340
13.860066650756195,Grad Center D 641
13.873983900984907,Gregorian Quad B 305
13.887635550510797,Metcalf 110
13.900632173047113,Gregorian Quad B 307
13.908342486331824,Gregorian Quad B 306
13.928388277184119,Grad center A 621
13.950437743211225,Young Orchard #4 110
13.956761657904369,Woolley 329
13.959885247679308,Champlin 323
13.969786920436148,New Pembroke #3 212
13.996227593406154,Metcalf 302
14.007852114296188,Metcalf 107
14.028522833292342,Wayland House 212
14.050601868206519,Goddard House 332
14.056537595291029,Wayland House 332
14.067299428250012,Emery 217
14.071247279470288,Grad center A 313
14.071247279470288,Metcalf 215
14.133057742766567,Plantations House 101
14.142135623730951,Metcalf 214
14.142135623730951,Metcalf 404
14.147925328296505,Metcalf 123
14.156136341663865,Miller 413
14.156465246808985,Grad Center C 410A
14.156644388139572,Grad Center D 441
14.172840538670545,Emery 417
14.194795055921791,Metcalf 419
14.199629010234693,Young Orchard #10 240
14.201823324351183,Grad Center D 243
14.209309510330023,Grad Center D 321
14.224506899706522,Grad Center D 241
14.229624221535918,Woolley 218
14.281784137233423,Grad Center D 214
14.292403832283444,Metcalf 109
14.317821063276353,Grad center A 426
14.322701835808649,Poland House 319
14.323128581528728,Grad Center D 646
14.337397165588673,Grad Center D 322
14.352700094407323,Grad center A 412
14.361237603934761,Grad Center D 324
14.410793728220453,Gregorian Quad B 205
14.415491099782408,Grad Center D 444
14.430350770270849,Grad Center D 525
14.450923146107959,Goddard House 333
14.456490903137407,Wayland House 312
14.491376746189438,Olney House 311
14.498843453050744,Gregorian Quad A 207
14.515728284701217,Young Orchard #4 240
14.516088888814256,Olney House 314
14.546677826124917,Metcalf 111
14.56307649313179,Grad Center D 213
14.56545083677454,Wayland House 318
14.581084623922123,Wayland House 213
14.588723439378914,Metcalf 412
14.594174872497973,Hegeman B306
14.594519519326424,Fake Building 100
14.594519519326424,Goddard House 234
14.607458395247207,Woolley 219
14.611176784028874,New Pembroke #4 219
14.612372020340084,Emery 404
14.635647521714708,Poland House 332
14.66287829861518,Sears House 212
14.668756634969659,Emery 117
14.738451777223441,Woolley 118
14.747901107806184,Young Orchard #4 430
14.759409346445789,Metcalf 316
14.763265835847688,Gregorian Quad B 207
14.764201632039565,Grad Center D 341
14.764450524250872,Metcalf 112
14.771658839611741,Hegeman E116
14.778174593052022,Metcalf 418
14.814964596660952,Young Orchard #10 430
14.820917119813027,Gregorian Quad A 208
14.83064189636301,Young Orchard #10 330
14.832396974191326,Grad center A 446
14.839619164368495,Miller 100
14.850354437844896,Goddard House 330
14.867476540231303,Poland House 207
14.868873814103836,Hegeman B207
14.881708593256571,Woolley 418
14.89966442575134,Grad center A 424
14.908234272393759,Gregorian Quad A 210
14.915903203560495,Gregorian Quad B 203
14.924514877075396,Goddard House 303
14.927616372071983,Gregorian Quad A 308
14.930721553488471,Grad Center D 541
14.933184523068078,Grad center A 623
14.933184523068078,Miller 415
14.965425684773296,Metcalf 317
14.982939716553631,Grad Center D 344
14.99147222518244,Grad Center D 242
14.992142536102445,Wayland House 313
15.0,Olney House 309
15.0,Olney House 310
15.014693182963201,Grad Center D 542
15.026889538714521,Minden 407
15.05874596766534,Miller 118
15.059867232586225,Grad Center D 225
15.068694966848925,Woolley 106
15.071011590587526,Minden 307
15.075004484767492,Grad Center D 421
15.09555679208448,Young Orchard #10 340
15.122395382899583,Wayland House 237
15.140372539429302,Grad Center D 612
15.142711930005584,Gregorian Quad B 303
15.181196305499476,Sears House 306A
15.191026812589124,Sears House 220
15.19180429737032,Wayland House 304
15.200326425113719,Hegeman D310
15.209864037155993,Grad Center D 221
15.210355800038036,Woolley 316
15.216562599340946,Gregorian Quad A 306
15.221655264483289,Young Orchard #10 420
15.230661186293295,Wayland House 346
15.231546211727817,Grad Center D 313
15.233667340874856,Emery 401
15.239257411466587,New Pembroke #4 320
15.244864480700867,Young Orchard #10 110
15.247332104587358,Woolley 306
15.259248950456566,Hegeman B304
15.268617937083878,Hope College 106
15.280784645794006,Hope College 316
15.302356922389187,Grad Center D 343
15.305719403324861,Wayland House 326
15.318448096674485,Gregorian Quad A 301
15.319739921041407,Metcalf 413
15.355654600401044,Miller 102
15.362291495737216,Grad center A 334
15.377533197059108,Gregorian Quad A 304
15.433139604287454,Grad Center D 223
15.437222660073758,Woolley 206
15.452432848697493,Gregorian Quad A 406
15.452671137559305,Hope College 314
15.464186949345127,Grad Center D 435
15.467406580880377,Woolley 216
15.484406187434395,Gregorian Quad A 204
15.485078723622221,Young Orchard #4 120
15.487862734088207,Grad Center D 544
15.490833026496501,Young Orchard #10 320
15.517995201297961,Grad Center D 413
15.524712277448968,Minden 707
15.532038252720225,Emery 409
15.556349186104045,Grad center A 431
15.570212452268539,Grad Center D 323
15.574984522730748,Grad Center D 522
15.577472443912246,Woolley 215
15.584813266991363,Grad Center D 615
15.595699107514269,Young Orchard #10 410
15.621211507294783,Hope College 108
15.658964612091509,Woolley 207
15.671524717174762,Young Orchard #10 120
15.677089287487087,Grad Center D 226
15.680464629318646,Gregorian Quad A 512
15.684387141358123,Wayland House 337
15.707619702316947,Olney House 316
15.716233645501712,Grad Center d 446
15.716233645501712,Grad center A 314
15.743036033302985,Grad Center D 414
15.748015748023622,Grad Center D 331
15.748015748023622,Grad Center D 332
15.749102860239059,Goddard House 319
15.76118706842901,Hegeman C209
15.794818484948463,Young Orchard #10 230
15.819515285786693,Woolley 223
15.839965998529356,Woolley 415
15.850304523323766,Hegeman D210
15.854604062528262,Metcalf 409
15.857798303296805,Gregorian Quad B 310
15.877261852986637,Gregorian Quad A 212
15.877920855796319,Woolley 319
15.92037300424116,Gregorian Quad B 206
15.920721840708387,Grad Center D 543
15.92148975887743,Metcalf 406
15.922300974691957,Slater Hall 102
15.937377450509228,Fake Building 12
15.940421221152214,Hegeman C401
15.950797999003322,Gregorian Quad B 308
15.963871382010396,New Pembroke #2 307
15.973579032312244,Woolley 419
15.999871227773621,Woolley 416
16.0,Goddard House 221
16.00289684024985,Grad Center D 314
16.030127128990856,Metcalf 410
16.038709490250312,Woolley 423
16.046032641160107,Champlin 108
16.055161031384664,Hegeman D211
16.060797261431848,Olney House 224
16.06237840420901,Grad center A 345
16.06237840420901,Grad center A 346
16.074939622214647,Goddard House 312
16.084412531470228,Grad Center D 633
16.084412531470228,Grad Center D 635
16.091918228434057,Hegeman E213
16.093288411503639,Grad Center D 144
16.093476939431081,Grad center A 221
16.100318587088321,Gregorian Quad B 304
16.10946234629229,Hegeman E212
16.186414056238647,Grad Center D 335
16.188070275268675,Sears House 306B
16.207367016841769,Gregorian Quad B 204
16.208061638763837,Machado 33
16.222177725944782,New Pembroke #2 104
16.230570962570976,Chapin House 327
16.236892927041236,Emery 311
16.25995714325186,Gregorian Quad B 210
16.285133124313326,Gregorian Quad A 312
16.30698061305166,Gregorian Quad B 301
16.307236110965498,Grad Center D 232
16.308468999533872,Metcalf 408
16.329609843220247,Gregorian Quad A 611
16.329775136655691,Goddard House 212
16.340134638368191,Grad center A 641
16.344962561086788,Grad Center D 424
16.354754618069041,New Pembroke #2 207
16.355248660627346,Grad Center D 531
16.377501234179892,Machado 35
16.381566660070014,Grad Center D 445
16.383405362959021,New Pembroke #4 217
16.383415981450838,Sears House 222
16.38579203172721,Gregorian Quad A 507
16.40075296441551,Grad Center D 423
16.40269144447749,Grad Center D 614
16.42886147392834,Champlin 306
16.431676725154983,Metcalf 202
16.431676725154983,Metcalf 217
16.441809665900397,Emery 317
16.46207763315433,Grad center A 422
16.465957055000203,Emery 411
16.489308571966038,Hope College 408
16.489897780679726,Young Orchard #4 440
16.521974956111428,Goddard House 316
16.522711641858304,Machado 321
16.529403709991776,Machado 32
16.534490958281662,Emery 104
16.560045611290587,New Pembroke #2 301
16.562316697226734,Hegeman C208
16.568652356864149,Goddard House 331
16.583123951777001,Metcalf 225
16.61324772583615,Grad Center D 334
16.632282201684387,Young Orchard #10 440
16.63896521662803,Hegeman C402
16.643316977093239,Grad center A 131
16.643316977093239,Grad center A 132
16.645808232895291,Grad Center D 235
16.649695491092174,Gregorian Quad A 203
16.696679015962413,Goddard House 334
16.697402159170327,Grad Center D 443
16.742222590695867,Grad Center D 632
16.747967920896894,Metcalf 414
16.759120459378522,Grad Center D 145
16.763054614240211,Fake Building 9
16.770146309198246,Emery 301
16.785269370844063,New Pembroke #4 209
16.789272193949436,Archibald House 307
16.790247673439257,Hegeman C308
16.828117769894046,Sears House 326B
16.852545723115419,New Pembroke #2 302
16.868704337825012,Gregorian Quad A 401
16.879932654018393,Olney House 223
16.904812143999436,Hegeman A203
16.909981161956484,Gregorian Quad B 107
16.923479873623876,Grad Center D 346
16.925499705052303,Olney House 319
16.928133708002939,Marcy House 228
16.944256619814976,Hope College 116
16.955799270963809,Grad Center D 112
16.961033560450709,Grad Center D 312
16.964570624097366,Gregorian Quad B 208
16.970562748477139,Machado 320
16.970562748477139,Machado 322
16.981350145614371,Hegeman A301
16.984209830532166,Woolley 107
16.995840456492587,Gregorian Quad A 314
16.998249182546957,New Pembroke #2 303
17.004440821169904,Gregorian Quad A 508
17.024979486094431,Sears House 326A
17.029386365926403,Grad center A 241
17.030739744043874,Woolley 407
17.043959840528867,Gregorian Quad A 309
17.051565834558097,Woolley 116
17.063420439437731,Grad Center D 113
17.063420439437731,Grad Center D 115
17.066499589519204,Goddard House 310
17.071059760556015,Minden 507
17.080702409487621,Woolley 406
17.088007490635061,Grad Center d 442
17.108847338880885,Hegeman B107
17.11701845000583,Grad Center D 533
17.129430152879667,Goddard House 214
17.170160513833935,Woolley 115
17.170465035046572,Goddard House 231
17.175564037317667,Metcalf 218
17.230979268023326,Woolley 307
17.23679309635768,Hegeman B204
17.239806272170938,Woolley 323
17.241267857245884,Gregorian Quad B 103
17.262676501632068,Grad Center D 446
17.274748264459028,New Pembroke #4 403
17.289090863563047,Grad Center D 244
17.316721675364146,Gregorian Quad A 404
17.320508075688775,Metcalf 222
17.356802030705349,Gregorian Quad A 403
17.373463177863108,Sears House 310
17.377339954240998,Slater Hall 104
17.388001485081812,Barbour Hall Apartments 130
17.406235419578291,Slater Hall 403
17.406895185529212,Sears House 226A
17.418757188760143,Gregorian Quad A 311
17.441624068535106,Grad Center D 325
17.445052384228351,New Pembroke #2 201
17.450129251808708,Gregorian Quad B 106
17.466344986150155,Chapin House 114B
17.466452370735457,Goddard House 318
17.469622145099802,Gregorian Quad B 105
17.472440582375803,Grad Center D 611
17.478695085928859,Machado 37
17.542116958254734,Hegeman D309
17.542428225597096,Grad Center D 532
17.546821103696775,Gregorian Quad A 209
17.558866907309206,Gregorian Quad A 302
17.565563234854494,Grad Center D 111
17.578296821386004,Hope College 406
17.58342551793325,Machado 34
17.592147171621164,Gregorian Quad A 501
17.592796632985838,Grad Center D 345
17.604944351157485,Goddard House 230
17.605541523349714,Hegeman A303
17.630195669140495,Gregorian Quad A 303
17.633185765704084,Hegeman E112
17.65365277547426,Chapin House 114A
17.661348797775805,Gregorian Quad B 201
17.667958069904682,Hope College 114
17.675884461366518,Goddard House 313
17.679480709965727,Minden 206
17.71948346536935,Hegeman D110
17.720045146669349,Morriss Hall 101
17.737810084702481,Slater Hall 402
17.749488007717044,Hegeman D111
17.75205811942098,Gregorian Quad A 402
17.761954319394846,Goddard House 336
17.766998334708138,Grad Center C 110
17.767564549907348,Goddard House 232
17.775206520832114,Grad Center B 330
17.776388834631177,Goddard House 236
17.832554500127006,Emery 309
17.836432716619235,Hegeman E113
17.846816269064369,Hegeman B104
17.858358304625032,Gregorian Quad B 108
17.868169875064726,Hegeman D403
17.88550295018922,Gregorian Quad A 214
17.888658231617445,Goddard House 229
17.897799358620595,Hegeman C108
17.903957203769767,Gregorian Quad A 202
17.91526235629048,Gregorian Quad B 202
17.917949861210907,Goddard House 306A
17.930685653022859,Gregorian Quad A 407
17.932896043398646,Grad Center D 412
17.937566390155652,Hegeman D404
17.959214947930334,Gregorian Quad B 302
17.970958056573668,Goddard House 306B
17.972200755611428,Grad center A 644
17.972200755611428,Grad center A 645
17.972200755611428,Grad center A 646
17.983993782527769,Woolley 109
17.994438548360957,New Pembroke #2 203
18.008448562339456,Hegeman C109
18.01195311589796,Grad Center D 422
18.026088098395352,Barbour Hall Apartments 310
18.03320603017626,Chapin House 326A
18.034463151567042,Goddard House 317
18.053345807227267,Grad Center D 234
18.055470085267789,Grad Center D 212
18.087726695590717,Goddard House 315
18.089607643077702,Chapin House 326B
18.114851200902471,Grad Center D 246
18.130388978839225,Chapin House 322
18.138357147217054,Grad center A 331
18.138357147217054,Grad center A 332
18.138357147217054,Grad center A 333
18.138357147217054,Grad center D 114
18.144671807479391,Young Orchard #2 120
18.146145744869983,Grad Center D 526
18.147235111889938,New Pembroke #2 305
18.173663136966837,Woolley 119
18.176888323350429,Gregorian Quad A 201
18.177768006583324,Slater Hall 203
18.183047562183692,Goddard House 314
18.189986909732035,Woolley 315
18.207352779960821,Woolley 123
18.213400004074664,Grad Center D 644
18.220770897580095,Poland House 327
18.23176835849976,Barbour Hall Apartments 230
18.248287590894659,Machado 124
18.254861718666742,Gregorian Quad A 408
18.262560536900295,Sears House 312
18.27080006384908,Minden 215
18.275666882497067,Grad center A 335
18.283683508681943,Gregorian Quad B 104
18.285068857318421,Gregorian Quad A 211
18.291002600613002,Minden 315
18.330302779823359,Grad center A 142
18.330302779823359,Grad center A 143
18.330302779823359,Grad center A 144
18.330302779823359,Grad center A 145
18.330302779823359,Sears House 309
18.333647270677876,Minden 415
18.341932238244958,Hope College 414
18.384247453599247,Grad Center D 123
18.387264667781505,Grad Center D 642
18.398364475186099,Grad Center D 631
18.415073800025901,Young Orchard #2 110
18.424570859607858,Minden 306
18.439088914585774,Grad center A 435
18.466185312619388,Chapin House 220
18.503672903000862,Grad Center D 546
18.506356160523694,Grad Center D 634
18.519294856846535,Grad Center D 245
18.520259177452136,Grad center A 311
18.531482180337658,New Pembroke #3 103
18.578856135836254,New Pembroke #2 202
18.584149086161865,Goddard House 329
18.586900884716304,Mead House 223
18.593149540208422,Gregorian Quad B 404
18.601686099872282,Grad Center D 523
18.622683460430025,Grad Center D 124
18.633214855415883,Minden 308
18.637609235239552,Marcy House 215
18.643795029840128,Hegeman A103
18.672095313006864,Slater Hall 401
18.681465002696175,Grad Center D 643
18.681465002696175,Grad Center D 645
18.68286144269246,Minden 708
18.684241054952771,Poland House 204
18.693686459703912,Slater Hall 302
18.696990097214197,Slater Hall 301
18.698807730089282,Gregorian Quad B 110
18.709848575377716,Grad Center A 230
18.745872107039009,New Pembroke #3 218
18.749437928192563,Grad Center D 534
18.761663039293719,Fake Building 88
18.788294228055936,Goddard House 235
18.790650786583562,Grad Center A 510
18.814887722226779,Grad center A 343
18.814887722226779,Grad center A 344
18.832418847091098,New Pembroke #4 401
18.863202370225498,New Pembroke #4 427
18.867943654553979,Grad Center D 545
18.867962264113206,Champlin 206
18.867962264113206,Champlin 406
18.867962264113206,Marcy House 330
18.878750857128793,Grad Center D 613
18.879015807009846,Minden 208
18.884627786057496,Grad Center D 425
18.900348624115203,Hegeman B205
18.927228057545808,New Pembroke #3 315
18.973665961010276,Chapin House 321
18.9922431977303,Grad Center D 142
19.004368609682842,Poland House 210
19.017005221339886,Minden 701
19.038456710249804,Barbour Hall 101
19.05255888325765,Grad center A 425
19.095050911506696,New Pembroke #1 302
19.10166880222496,New Pembroke #2 204
19.103674445951178,Minden 615
19.103994005831044,New Pembroke #4 325
19.127864858509827,Barbour Hall Apartments 50
19.145483317394802,Minden 406
19.146049476708541,Gregorian Quad B 102
19.154238205922354,Grad Center D 326
19.163025731086162,New Pembroke #3 215
19.163750026213762,Grad Center D 125
19.167374098074148,New Pembroke #2 304
19.177987818779513,Hope College 308
19.183326093250876,Barbour Hall Apartments 110
19.228927743053205,Slater Hall 204
19.24267354829643,Everett House 324
19.256228757091332,Slater Hall 404
19.261360284258224,Grad center A 413
19.261360284258224,Grad center A 414
19.268871373464776,New Pembroke #4 321
19.287824369628286,Everett House 107
19.289193931434305,New Pembroke #3 203
19.304708510947478,Minden 706
19.311809451601263,Minden 113
19.316455169726218,New Pembroke #4 323
19.328910815100443,Minden 815
19.331126965503415,New Pembroke #2 205
19.331635437224008,Plantations House 102
19.397326874754217,Chapin House 320
19.398193420422285,Mead House 231
19.422267116705601,New Pembroke #1 405
19.442222095223581,Mead House 225
19.467922333931785,Grad center A 133
19.467922333931785,Grad center A 134
19.493588689617926,Machado 120
19.493588689617926,Marcy House 329
19.519546746608608,Goddard House 219
19.519569449336558,New Pembroke #4 301
19.522981258301293,Grad Center C 130
19.54180557525261,Wayland House 400A
19.544820285692065,Grad center A 213
19.545421135925025,Machado 36
19.555487525706788,Poland House 334
19.559912298930339,Olney House 221
19.565097790058182,Minden 401
19.570385790780925,Grad Center D 114
19.570385790780925,Gregorian Quad A 206
19.571995567868406,Minden 802
19.605700996095027,Goddard House 216
19.606633769162229,New Pembroke #3 217
19.619865998388576,Minden 608
19.621416870348583,Grad center A 231
19.621416870348583,Grad center A 232
19.621416870348583,Grad center A 233
19.621416870348583,Grad center A 234
19.621416870348583,Grad center A 242
19.621416870348583,Grad center A 243
19.621416870348583,Grad center A 244
19.621416870348583,Grad center A 245
19.632564061741192,Minden 201
19.633224848411295,Gregorian Quad A 510
19.65194900496472,Minden 508
19.658118290539999,Grad Center A 610
19.663940219510188,Minden 506
19.693096208986258,Minden 513
19.700876498965801,Minden 501
19.706739581891124,Slater Hall 405
19.723082923316021,Chapin House 212
19.733763597723506,New Pembroke #4 327
19.748417658131498,Grad Center A 320
19.752627105687498,New Pembroke #4 425
19.773719933285189,Fake Building 11
19.773719933285189,Marcy House 328
19.787794547869062,Poland House 201
19.798989873223331,Grad center A 222
19.798989873223331,Grad center A 223
19.798989873223331,Grad center A 224
19.805159226721873,Poland House 336
19.817884877877667,Sears House 400A
19.824227601599009,Marcy House 128
19.844870863545076,Barbour Hall Apartments 330
19.849433241279208,Grad center A 312
19.849433241279208,Grad center A 342
19.849709895288843,Miller 124
19.860522683245993,Machado 38
19.863297303704748,Slater Hall 303
19.899748742132399,Olney House 325
19.908217206713971,Poland House 321
19.931967781864909,Morriss Hall 201
19.949260173382232,Harkness House 327
19.968930420986432,New Pembroke #3 303
19.971732959618176,Grad Center C 530
19.981539090038325,Archibald House 301
19.983389815273231,New Pembroke #4 326
20.00810679363428,Poland House 338
20.014447525404456,Grad Center D 143
20.015718945541504,Archibald House 304
20.032886184798755,Poland House 325
20.036014734267503,New Pembroke #3 318
20.036045440924347,Gregorian Quad A 605
20.046842217949898,Grad Center C 330
20.048390073166797,Archibald House 303
20.06098067644453,Barbour Hall 208
20.061118277028797,Machado 121
20.061877091939159,Mead House 229
20.074859899884732,Grad Center B 220
20.078756632594747,Olney House 222
20.09975124224178,Grad center A 215
20.124611797498108,Marcy House 127
20.149441679609886,Grad center A 423
20.150110081928538,Slater Hall 202
20.174114940264555,Poland House 418
20.195899241004195,Gregorian Quad A 125
20.202473597613569,Slater Hall 201
20.215838520490632,Archibald House 221
20.217833164175605,Morriss Hall 301
20.219707907728644,Minden 408
20.224261350694135,Archibald House 302
20.232053846040607,Jameson House 319
20.24111189662931,Barbour Hall Apartments 60
20.242327424918255,Poland House 323
20.273134932713294,Olney House 119
20.273134932713294,Olney House 121
20.273134932713294,Olney House 122
20.273134932713294,Olney House 123
20.273134932713294,Olney House 124
20.292939354447267,Minden 606
20.312672228137298,Plantations House 203
20.334695691138691,Mead House 304
20.350808048720484,Goddard House 335
20.357405755574153,New Pembroke #4 313
20.371548787463361,Grad center A 225
20.388436541361827,Archibald House 227
20.443559911158225,Slater Hall 304
20.445048300260872,Grad center A 434
20.445048300260872,Grad center A 443
20.449429092978431,Archibald House 418
20.462619436378453,Grad Center B 640
20.477609841387,Poland House 205
20.484416964178809,Poland House 203
20.486109648026133,Hegeman B305
20.487654473949721,Gregorian Quad A 408F
20.518284528683193,Grad center A 622
20.525677860731523,New Pembroke #4 302
20.560810872687956,Olney House 312
20.560852741951191,Gregorian Quad A 506
20.560949233696192,New Pembroke #1 206
20.566412848696533,Poland House 206
20.566963801203133,New Pembroke #2 103
20.566963801203133,Olney House 227
20.573702861305293,New Pembroke #3 105
20.579706227313604,Minden 601
20.580127263780184,Gregorian Quad B 402
20.580613084234727,Archibald House 217
20.591260281974002,Grad center A 214
20.591260281974002,Grad center A 611
20.591260281974002,Grad center A 612
20.591260281974002,Grad center A 613
20.595392633077566,Gregorian Quad A 505
20.618358406463475,Gregorian Quad A 502
20.619558356859233,Barbour Hall Apartments 360
20.663358783675026,New Pembroke #4 423
20.678026840767714,Poland House 202
20.683395307100689,Mead House 227
20.685576905470416,Archibald House 218
20.720454841152897,Grad Center B 530
20.726433727853934,Poland House 208
20.732771271769948,Minden 806
20.74224852238952,Slater Hall 101
20.749116102629952,New Pembroke #1 402
20.758926548235806,Barbour Hall Apartments 260
20.76810925263668,Archibald House 306
20.784324249746287,Mead House 109
20.784609690826528,Grad center A 135
20.797094766141814,New Pembroke #1 306
20.813325825416531,New Pembroke #4 426
20.82385805308283,New Pembroke #4 303
20.829554795437907,Poland House 424
20.832548483746777,Mead House 113
20.89797853740097,New Pembroke #4 402
20.901491411555867,Barbour Hall Apartments 170
20.902274470519711,Grad Center A 540
20.90369550409272,Archibald House 131
20.92253712079221,New Pembroke #1 307
20.934871383663303,New Pembroke #1 406
20.943110328853837,Slater Hall 406
20.952326839756964,Grad center A 246
20.957931558056426,New Pembroke #1 404
20.967634059022203,Hope College 214
21.040342263025245,Barbour Hall Apartments 40
21.047565179849187,Fake Building 13
21.054548716564696,Gregorian Quad A 511
21.058168384457996,Barbour Hall Apartments 370
21.064152965194783,Machado 122
21.090582663545622,Jameson House 106
21.095023109728988,Poland House 324
21.118712081942874,Jameson House 114
21.130214258565147,Gregorian Quad A 509
21.161191415936312,Bronson House 203
21.168811566059848,Minden 801
21.180599684619814,Wayland House 400B
21.195989222956236,Olney House 321
21.198262654423743,Everett House 214
21.232524992243608,Gregorian Quad B 403
21.254398407957435,New Pembroke #3 317
21.269679992339931,Mead House 3
21.271118152349452,Bronson House 204
21.277188617471111,New Pembroke #4 413
21.291513730572181,Mead House 216
21.298223641300403,Grad Center B 340
21.313406693597003,Mead House 218
21.314539139348433,Grad Center A 440
21.341111226674663,Jameson House 218
21.342843704132559,Grad Center C 310
21.368817633698374,Grad Center C 610
21.381315618508594,Bronson House 206
21.456440506376538,Machado 31
21.460615525654543,Grad Center C 440
21.470910553583888,Harkness House 221
21.478184764521473,Olney House 324
21.494185260204677,Olney House 225
21.592208624162861,Olney House 322
21.595194765782693,Miller 122
21.596070944993194,Gregorian Quad A 607
21.596070944993194,Gregorian Quad A 608
21.596099609332782,Grad Center C 510
21.61018278497431,Harkness House 220
21.610678410344864,Grad Center B 630
21.611498991624185,Jameson House 225
21.633307652783937,Harkness House 226B
21.646747643891231,Grad Center A 640
21.651180197731044,Grad Center A 340
21.65573941102787,Gregorian Quad A 603
21.668097232551485,Grad Center B 610
21.679483388678801,Gregorian Quad A 504
21.683653771614932,Diman House 325
21.692367716162085,Grad Center C 430
21.70527365325632,Bronson House 304
21.725548792571125,Diman House 224
21.725560982400431,Diman House 126
21.748723566582058,Barbour Hall Apartments 290
21.756272962219125,Bronson House 309
21.789424659733676,Everett House 316
21.794494717703369,Gregorian Quad A 503
21.794494717703369,Harkness House 222
21.800773244455019,Grad Center C 520
21.821660455534346,Jameson House 214
21.82200248802485,Grad Center A 420
21.822451542368139,Barbour Hall Apartments 220
21.840329667841555,Harkness House 219
21.848391372241107,Grad Center C 230
21.871185207661455,Minden 202
21.880287646452356,Grad Center A 410
21.895671748486819,Gregorian Quad A 601
21.920032827450999,Marcy House 400B
21.954309397062026,Diman House 326
21.9544132397289,Grad Center C 340
21.95449840010015,Diman House 125
21.957376532125505,New Pembroke #1 205
21.975269295392621,Olney House 214
21.98019387651275,New Pembroke #1 202
21.983673232873009,Morriss Hall 401
22.0,Diman House 124
22.004319467442087,Diman House 323
22.018444776519516,Gregorian Quad A 602
22.01931392831154,Gregorian Quad A 604
22.022715545545239,Harkness House 226A
22.022715545545239,Machado 125
22.029938977952206,Minden 302
22.045407685048602,Harkness House 206A
22.04897592394542,Jameson House 219
22.064206857306061,Grad Center C 640
22.065955638353042,Diman House 226
22.118599923041828,Grad Center B 540
22.141898326896381,Gregorian Quad A 606
22.16066819050998,Bronson House 306
22.170644902791775,Barbour Hall 201
22.181036623405209,Grad Center B 440
22.203603311174518,Diman House 332
22.203603311174518,Grad Center B 320
22.203893274157764,New Pembroke #4 421
22.219261488282839,Grad Center B 310
22.238989232371136,Diman House 312
22.242230340669241,Diman House 310
22.245899915864811,Diman House 311
22.284823892228768,Barbour Hall Apartments 270
22.293496809607955,Harkness House 321
22.2971971798185,Grad Center B 420
22.302040525370703,Barbour Hall Apartments 390
22.319284097019146,Grad Center A 210
22.320576287872843,Grad Center A 430
22.3223992744214,Marcy House 342
22.335939222520302,Harkness House 326A
22.338307903688676,Archibald House 127
22.338307903688676,Harkness House 206B
22.356382001065537,Archibald House 422
22.364436699084102,Grad Center B 230
22.367612166764179,Minden 702
22.378166929643143,Sears House 400B
22.403353684785408,Goddard House 338
22.405356502408079,Harkness House 319
22.405441664822053,Diman House 329A
22.416973311447801,Diman House 329B
22.456288042517819,Harkness House 326B
22.472205054244231,Harkness House 320
22.476665176796374,Grad Center B 110
22.483976576753864,Barbour Hall Apartments 160
22.494613089386068,Caswell Hall 411
22.497661399004958,Grad Center C 210
22.504313267442001,Barbour Hall 305
22.52655508154502,Diman House 229A
22.542996907992148,Barbour Hall Apartments 190
22.543746183301106,Mead House 204
22.544302209013509,Hope College 416
22.557548014689136,Caswell Hall 102
22.564489489611198,New Pembroke #1 305
22.576446488694724,Gregorian Quad A 409
22.592951598062076,Diman House 309
22.59699090546907,Barbour Hall Apartments 280
22.604636082584275,Barbour Hall Apartments 80
22.627762438168659,Grad Center A 240
22.628248745664063,Grad Center B 430
22.636188948934244,Caswell Hall 410
22.637074349985959,Marcy House 400A
22.658225030256613,Barbour Hall 301
22.671568097509269,Caswell Hall 210
22.728009831745737,Barbour Hall Apartments 180
22.735975937463056,Gregorian Quad A 410
22.737634001804146,Diman House 304
22.744716171798689,Minden 602
22.759548115630832,Grad Center A 620
22.769551179782191,Grad Center A 310
22.771500528506142,Caswell Hall 402
22.776270479766541,Grad Center C 540
22.829715953286119,Grad Center C 620
22.830569887371094,Grad Center A 220
22.831186040805829,Caswell Hall 111
22.859444872529298,Barbour Hall 308
22.868882437002839,Olney House 323
22.871356816666378,Caswell Hall 206
22.880269746013347,Gregorian Quad A 408A
22.883256930326855,Grad Center B 510
22.885392052369024,Caswell Hall 412
22.899462333099837,Barbour Hall Apartments 120
22.919176895286764,Caswell Hall 302
22.932194522643325,Caswell Hall 401
22.950775261813785,Caswell Hall 406
22.952552804828287,Grad Center A 330
22.954505795647918,Grad Center D 420
22.959021743838452,Caswell Hall 311
22.959578105277085,New Pembroke #1 204
22.968968613228412,Diman House 227
22.978250586152114,Diman House 229B
22.997332142469816,Grad Center C 240
23.003574327384808,Grad Center D 210
23.009845756774009,Grad Center B 240
23.018583023196474,Caswell Hall 207
23.031759272043754,Goddard House 400A
23.034078625867753,Harkness House 400A
23.059721545849431,Grad Center B 520
23.061192467819296,Plantations House 202
23.068262093321348,Hope College 312
23.092543798673038,Grad Center A 530
23.11113231096401,Minden 402
23.112482122725446,Grad Center A 140
23.119010662525689,Marcy House 225
23.130067012440755,Grad Center D 530
23.141983426912773,Hope College 412
23.151214454227372,Caswell Hall 306
23.155400308340887,Hope College 112
23.158955600650838,Caswell Hall 110
23.165391020197745,Grad Center D 410
23.167816877027207,Caswell Hall 407
23.173260452512935,Bronson House 409
23.194827009486403,Wayland House 338
23.210508617286575,Bronson House 406
23.2163735324878,Fake Building 14
23.2163735324878,Fake Building 15
23.23234759208005,Gregorian Quad B 401
23.234501965588606,Harkness House 400B
23.239392935984736,Hope College 120
23.239417323470555,Grad Center D 520
23.263748781632881,Caswell Hall 301
23.26567519362418,Grad Center B 410
23.273038563584766,Grad Center D 230
23.280893453645632,Everett House 216
23.282369000692256,Barbour Hall 206
23.285954142239508,New Pembroke #2 102
23.298110995087502,Grad Center D 310
23.300777897426428,Caswell Hall 405
23.308926354164207,Caswell Hall 211
23.314253753764,Plantations House 301
23.320471702649943,Caswell Hall 404
23.332031308280747,Caswell Hall 307
23.348793382084349,Grad Center D 540
23.382991205888093,Caswell Hall 409
23.388698315779422,Caswell Hall 201
23.40086212148605,Caswell Hall 310
23.409399821439251,Hope College 306
23.429470525027892,Grad Center D 430
23.433752272213756,Caswell Hall 212
23.436085873640717,Caswell Hall 403
23.444693621539603,Minden 502
23.45207879911715,Grad Center D 510
23.45207879911715,Hope College 319
23.467552192390876,Grad Center D 610
23.476193632546735,Barbour Hall Apartments 150
23.478276784719046,Barbour Hall Apartments 250
23.485610064305753,Chapin House 400B
23.493640895198258,111 Brown Street 301
23.498038640545339,Grad Center D 440
23.504574990952097,Caswell Hall 205
23.505825331198253,Caswell Hall 303
23.515952032609693,Harkness House 207
23.547239713850519,Grad Center C 420
23.561179301111185,Caswell Hall 305
23.564500894032612,Grad Center A 130
23.568350652537745,Diman House 308
23.57849842971941,Hope College 419
23.57849842971941,Hope College 420
23.578740301848239,Diman House 307
23.578974803654237,Caswell Hall 209
23.586992313025,Jameson House 318
23.598600704977912,Caswell Hall 312
23.600847442411894,Jameson House 125
23.60209034163416,Caswell Hall 309
23.612179797767581,Caswell Hall 204
23.61818796577019,New Pembroke #1 407
23.628668436183023,Caswell Hall 105
23.628980625312394,Barbour Hall Apartments 30
23.634937160907516,Caswell Hall 408
23.636418348344044,Plantations House 201
23.641845386469654,Caswell Hall 304
23.66442917970657,Caswell Hall 208
23.706539182259394,Littlefield Hall 312
23.733987058994266,Grad Center D 120
23.746979984844213,Caswell Hall 106
23.749138698112535,Goddard House 308
23.764400375441966,Diman House 221
23.765517758902245,Barbour Hall Apartments 320
23.769014926310685,Caswell Hall 101
23.769039103138898,Caswell Hall 308
23.77704551845591,Diman House 327
23.787039882458128,Littlefield Hall 208
23.787039882458128,Littlefield Hall 211
23.787658044745104,Barbour Hall 306
23.788805691298975,New Pembroke #2 315
23.806701565623797,Caswell Hall 103
23.820696673946326,Caswell Hall 109
23.832750575625969,Machado House 36
23.838214328304524,Littlefield Hall 101
23.840677375458444,Barbour Hall 108
23.858979781008589,New Pembroke #1 315
23.8632977961514,111 Brown Street 302
23.868928447579222,Hope College 401
23.879580328716727,Diman House 400A
23.888719392516276,Caswell Hall 108
23.895606290697042,Hope College 119
23.900708628824162,Caswell Hall 107
23.916521486202797,Hope College 212
23.922350317209045,Hope College 402
23.922631244478865,Diman House 328
23.928442769636344,Diman House 333
23.934288080542615,Chapin House 400A
23.937658999222332,Caswell Hall 104
23.956978743545573,Grad Center D 140
23.972711887560138,Barbour Hall 105
23.975529907040215,Hope College 219
23.975529907040215,Hope College 220
23.987686684206704,East Andrews 214
23.991855070639094,Littlefield Hall 212
23.992433927401123,111 Brown Street 203
24.009297129533461,Sears House 214
24.013180834403933,111 Brown Street 201
24.022012076161889,Plantations House 303
24.029932006499809,Grad Center D 340
24.033103613326414,Diman House 233
24.033759558037676,111 Brown Street 202
24.037989660899953,Marcy House 340
24.041630560342615,Harkness House 230
24.045228219396673,Littlefield Hall 201
24.047209732377162,Jameson House 117
24.05177769992196,Diman House 334
24.05260134926975,New Pembroke #1 201
24.059973636062598,Marcy House 341
24.06241883103193,Sears House 321
24.07956217724379,New Pembroke #2 206
24.087748199299149,Grad Center B 120
24.091684678179369,Grad Center B 210
24.111319779100285,Caswell Hall 112
24.115999207504331,New Pembroke #1 301
24.12036529364374,Diman House 231
24.139645029856705,Barbour Hall 106
24.144101096025707,Grad Center C 220
24.150391787383217,Grad Center D 640
24.178724912975671,Grad Center D 630
24.220966984827918,Diman House 331
24.226593958248642,Diman House 400B
24.228082879171435,Littlefield Hall 302
24.228082879171435,Littlefield Hall 305
24.228082879171435,Littlefield Hall 307
24.236799222842201,Diman House 301
24.236799222842201,Diman House 302
24.237588833221292,Hegeman B105
24.248492129535556,Hope College 107
24.248711305964282,Hope College 317
24.248711305964282,Jameson House 314
24.248711305964282,Marcy House 312
24.248711305964282,Marcy House 313
24.248711305964282,Marcy House 314
24.248711305964282,Marcy House 315
24.251901914573452,Hope College 201
24.27233432503888,111 Brown Street 102
24.272999757562097,Littlefield Hall 207
24.273761188935623,Hope College 320
24.298248169353755,Grad Center D 320
24.302377843326358,Diman House 321
24.305785024967697,Hope College 301
24.310491562286437,Littlefield Hall 308
24.310491562286437,Littlefield Hall 309
24.310491562286437,Littlefield Hall 311
24.311316123813583,Miller 121
24.335559612477066,Hope College 302
24.337702271108196,Harkness House 202
24.351770520186488,New Pembroke #2 105
24.352047771326156,Barbour Hall Apartments 350
24.358269589098793,Harkness House 201
24.360504418285121,Littlefield Hall 209
24.372115213907882,Sears House 224
24.380617765441659,Barbour Hall Apartments 380
24.392621835300936,Diman House 228
24.392621835300936,Hope College 417
24.393964431321457,New Pembroke #1 415
24.401059828422419,Littlefield Hall 112
24.437677529082226,Harkness House 204
24.441679779117724,Hope College 202
24.442005573676809,Sears House 330
24.451589030323195,Hope College 203
24.475824309127397,New Pembroke #2 215
24.503301581584509,Grad Center D 240
24.515301344262525,Littlefield Hall 301
24.516282427831605,Barbour Hall 202
24.516538753890735,Littlefield Hall 102
24.535688292770594,Marcy House 241
24.535688292770594,Marcy House 242
24.536165469754668,Marcy House 321
24.544732681429693,Diman House 234
24.545105559555196,Hope College 215
24.546405839280055,Diman House 117
24.552001967658196,Minden 101
24.553809910718183,Harkness House 324
24.555114419719455,Minden 412
24.556058315617349,Machado House 37
24.557194592874012,New Pembroke #1 401
24.567241907495802,Minden 512
24.574184702468624,Harkness House 328
24.576411454889016,Caswell Hall 203
24.594458440240178,Hope College 217
24.596423357368959,Grad Center D 220
24.59653774914436,Littlefield Hall 109
24.602261668927888,Harkness House 323
24.604037436382512,Littlefield Hall 202
24.604037436382512,Littlefield Hall 205
24.606739707359729,Littlefield Hall 107
24.610530725987175,Harkness House 330
24.613927883466761,Chapin House 330
24.617067250182341,Goddard House 342
24.62230291140057,Harkness House 302
24.629841613588276,Hope College 207
24.637369989509839,Harkness House 117
24.637369989509839,Machado 123
24.667456455345921,Gregorian Quad B 405
24.695406689101059,Diman House 217
24.696647246794537,Diman House 317
24.69783082122331,Grad Center D 110
24.698178070456937,Diman House 127
24.698178070456937,Harkness House 228
24.718246707415133,Harkness House 301
24.718414188616549,Bronson House 214
24.737444710712687,Littlefield Hall 105
24.747646668928059,Littlefield Hall 108
24.754090563635557,Hope College 303
24.783178673125956,Minden 212
24.796495114482184,Sears House 230
24.805831130568961,Hope College 415
24.812098347422694,Barbour Hall 205
24.813383432617563,Hope College 403
24.813794794797271,Barbour Hall 203
24.819347291981714,Machado 239
24.81964540966948,Grad Center C 140
24.846534219556364,Grad Center B 140
24.846696092834176,Chapin House 328
24.847328984145435,Littlefield Hall 111
24.857628210212955,Goddard House 323
24.858821973884545,Harkness House 223
24.871897789902008,Harkness House 213
24.871897789902008,Harkness House 217
24.884888458099987,Hope College 407
24.884979209755482,Diman House 121
24.895357273459531,Harkness House 329
24.904515387604089,Minden 312
24.90763519156847,Hope College 307
24.910778407918155,Minden 612
24.917215173355498,Goddard House 302
24.930629073263244,Chapin House 214
24.931530528841453,Minden 712
24.93927509022042,Harkness House 313
24.93927509022042,Harkness House 317
24.959967948697368,East Andrews 452
24.98916809657694,Marcy House 121
25.014028695262631,Goddard House 304
25.038421462339045,Sears House 228
25.03996805109783,Everett House 124
25.03996805109783,Everett House 407
25.041838608763655,Sears House 329
25.059339661782513,Goddard House 301
25.061984855120244,Chapin House 324
25.079043929223875,Sears House 304
25.09978941057777,Diman House 215
25.099800796022265,Machado 315
25.104915802329185,Machado 30
25.119713374160941,Harkness House 314
25.12350499290455,Barbour Hall 303
25.13467952253318,Sears House 308
25.138885161650578,Marcy House 125
25.141256225289141,Chapin House 329
25.146921428380566,Goddard House 327
25.149258283051253,Sears House 229
25.150830105690659,Marcy House 325
25.159491250818249,Mead House 103
25.178030873044595,Goddard House 223
25.196935687441822,Goddard House 227
25.199206336708304,Bronson House 319
25.199206336708304,Machado House 32
25.199206336708304,Machado House 33
25.199551090692982,Harkness House 304
25.203516156854391,Chapin House 213
25.205625446230155,Sears House 301
25.205625446230155,Sears House 302
25.213156348318552,Sears House 307
25.227256910683579,Sears House 317
25.247702670905745,Sears House 328
25.258610584079005,Barbour Hall 103
25.278449319529077,Chapin House 228
25.278449319529077,Wayland House 348
25.280726214956594,Diman House 315
25.302013506923135,Sears House 223
25.330774016768498,Marcy House 119
25.369316876852981,Chapin House 229
25.369316876852981,Chapin House 230
25.370467991023609,Machado 39
25.382068080155893,Olney House 313
25.385932859822777,Olney House 317
25.396850198400589,Wayland House 301
25.396850198400589,Wayland House 303
25.396850198400589,Wayland House 305
25.410844458161648,Sears House 213
25.413947085172051,Sears House 217
25.416530054277668,Wayland House 307
25.416530054277668,Wayland House 311
25.416530054277668,Wayland House 314
25.428311581691283,Chapin House 317
25.433328733932743,Sears House 313
25.435275551299149,Sears House 323
25.436194683953808,Metcalf 120
25.436194683953808,Perkins Hall 316
25.460479018524634,Marcy House 221
25.464107652797594,Olney House 116
25.492391815137012,Sears House 314
25.495097567963924,Wayland House 325
25.495097567963924,Wayland House 336
25.495097567963924,Wayland House 343
25.496482709661972,Diman House 115
25.501262656290706,Goddard House 127
25.502728716132889,Olney House 213
25.50701445549495,Marcy House 319
25.508174689988085,Olney House 113
25.513161551835484,Chapin House 323
25.51977788051207,Goddard House 217
25.541512159002792,Chapin House 314
25.571473855158761,Olney House 217
25.596795932592919,Marcy House 219
25.598252479131645,Olney House 117
25.612859320480435,Sears House 113
25.620232411746365,Jameson House 209
25.623273927119538,Chapin House 313
25.632011235952593,New Pembroke #3 205
25.634400751603494,Harkness House 224
25.651510676761319,Sears House 324
25.660838722737012,West Andrews 211
25.662795530808335,Chapin House 217
25.727656084900264,Chapin House 117
25.729331305390254,New Pembroke #2 306
25.729360660537214,Mead House 211
25.749451204684373,Sears House 117
25.768197453450252,Machado 126
25.787593916455254,New Pembroke #4 305
25.787593916455254,New Pembroke #4 307
25.797139237727226,East Andrews 314
25.806910345961295,Jameson House 307
25.80697580112788,Machado 326
25.865034312755125,East Andrews 416
25.865034312755125,East Andrews 450
25.927541529539951,Chapin House 113
25.932459814577776,Archibald House 319
25.942243542145693,Perkins Hall 21
25.96150997149434,Fake Building 16
25.96150997149434,Marcy House 210
25.96150997149434,Marcy House 308
25.98076211353316,Marcy House 208
26.0,New Pembroke #4 225
26.057628441590765,Fake Building 17
26.057628441590765,Fake Building 18
26.076809620810597,Marcy House 306B
26.082416106187249,West Andrews 411
26.0856185336397,East Andrews 414
26.153393661244042,New Pembroke #4 405
26.153393661244042,New Pembroke #4 407
26.172504656604801,New Pembroke #4 203
26.172504656604801,New Pembroke #4 205
26.172504656604801,New Pembroke #4 207
26.19160170741759,New Pembroke #4 309
26.267851073127396,New Pembroke #3 207
26.267851073127396,New Pembroke #3 307
26.381811916545839,Machado House 315
26.381811916545839,New Pembroke #3 109
26.393109716173004,Everett House 309
26.40075756488817,Perkins Hall 330
26.438608132804571,New Pembroke #3 111
26.532998322843198,New Pembroke #4 215
26.551836094703507,New Pembroke #3 201
26.589471600616662,Marcy House 310
26.589471600616662,New Pembroke #4 315
26.608269391300141,Perkins Hall 8
26.627053911388696,New Pembroke #3 208
26.627053911388696,New Pembroke #3 209
26.645825188948457,Marcy House 301
26.645825188948457,Perkins Hall 134
26.664583251946766,Marcy House 302
26.664583251946766,New Pembroke #4 411
26.664583251946766,Perkins Hall 102
26.664583251946766,Perkins Hall 22
26.720778431774775,Poland House 216
26.739483914241877,New Pembroke #3 301
26.739483914241877,New Pembroke #3 309
26.739483914241877,New Pembroke #3 311
26.739483914241877,New Pembroke #3 313
26.776855677991769,Machado House 34
26.776855677991769,Machado House 35
26.776855677991769,Machado House 39
26.795522013948524,Machado House 30
26.795522013948524,Machado House 38
26.795522013948524,Perkins Hall 215
26.814175355583846,New Pembroke #3 213
26.832815729997478,New Pembroke #3 310
26.832815729997478,New Pembroke #4 201
26.832815729997478,New Pembroke #4 409
26.832815729997478,Perkins Hall 133
26.851443164195103,Perkins Hall 4
26.851443164195103,Perkins Hall 5
26.851443164195103,Perkins Hall 6
26.851443164195103,Perkins Hall 7
26.870057685088806,Fake Building 19
26.870057685088806,New Pembroke #3 115
26.888659319497503,New Pembroke #3 202
26.888659319497503,New Pembroke #3 211
26.888659319497503,New Pembroke #3 302
26.888659319497503,New Pembroke #3 308
26.90724809414742,New Pembroke #4 310
26.92582403567252,New Pembroke #3 102
26.944387170614959,Machado House 326
26.962937525425527,New Pembroke #3 110
26.962937525425527,New Pembroke #3 113
26.981475126464083,New Pembroke #3 107
26.981475126464083,New Pembroke #3 108
27.055498516937366,New Pembroke #4 311
27.073972741361768,Perkins Hall 224
27.073972741361768,Perkins Hall 236
27.073972741361768,Perkins Hall 237
27.092434368288131,New Pembroke #3 117
27.092434368288131,New Pembroke #4 316
27.092434368288131,New Pembroke #4 318
27.110883423451916,Perkins Hall 114
27.110883423451916,Perkins Hall 115
27.129319932501073,Fake Building 2
27.129319932501073,Fake Building 20
27.129319932501073,Fake Building 21
27.129319932501073,Fake Building 22
27.129319932501073,New Pembroke #4 213
27.147743920996454,New Pembroke #4 408
27.166155414412248,New Pembroke #4 308
27.166155414412248,New Pembroke #4 317
27.166155414412248,New Pembroke #4 319
27.184554438136374,Perkins Hall 121
27.184554438136374,Perkins Hall 123
27.239676943752471,Perkins Hall 137
27.239676943752471,Perkins Hall 138
27.239676943752471,Perkins Hall 139
27.258026340878022,New Pembroke #4 416
27.258026340878022,New Pembroke #4 418
27.294688127912362,Perkins Hall 116
27.294688127912362,Perkins Hall 117
27.313000567495326,New Pembroke #4 410
27.313000567495326,New Pembroke #4 417
27.331300737432898,Perkins Hall 113
27.331300737432898,Perkins Hall 221
27.331300737432898,Perkins Hall 230
27.331300737432898,Perkins Hall 3
27.349588662354687,New Pembroke #3 210
27.349588662354687,Perkins Hall 239
27.349588662354687,Perkins Hall 240
27.440845468024488,New Pembroke #4 419
27.440845468024488,Perkins Hall 234
27.440845468024488,Perkins Hall 235
27.477263328068172,Perkins Hall 11
27.477263328068172,Perkins Hall 12
27.477263328068172,Perkins Hall 14
27.495454169735041,Perkins Hall 344
27.513632984395208,Perkins Hall 118
27.513632984395208,Perkins Hall 119
27.513632984395208,Perkins Hall 136
27.54995462791182,Perkins Hall 125
27.54995462791182,Perkins Hall 126
27.568097504180443,Perkins Hall 103
27.568097504180443,Perkins Hall 122
27.568097504180443,Perkins Hall 132
27.586228448267445,Perkins Hall 324
27.640549922170507,Perkins Hall 2
27.658633371878661,Perkins Hall 130
27.658633371878661,Perkins Hall 131
27.694764848252458,Perkins Hall 336
27.730849247724095,Perkins Hall 127
27.730849247724095,Perkins Hall 128
27.784887978899608,Perkins Hall 321
27.856776554368238,Perkins Hall 216
27.856776554368238,Perkins Hall 244
27.892651361962706,Perkins Hall 315
27.892651361962706,Perkins Hall 331
27.892651361962706,Perkins Hall 339
27.892651361962706,Perkins Hall 340
27.928480087537881,Perkins Hall 225
27.928480087537881,Perkins Hall 226
27.946377224964241,Perkins Hall 337
27.946377224964241,Perkins Hall 338
27.964262908219126,Perkins Hall 343
28.035691537752374,Perkins Hall 325
28.035691537752374,Perkins Hall 329
28.071337695236398,Perkins Hall 220
